province,census_division,census_subdivision,land_area_km2,population_2006,population_2011,population_2016,population_2021
Newfoundland and Labrador,Division No.  1,Admirals Beach,24.2,185.0,153.0,135.0,97.0
Newfoundland and Labrador,Division No.  1,Aquaforte,6.88,103.0,83.0,80.0,74.0
Newfoundland and Labrador,Division No.  1,Arnold's Cove,5.25,1003.0,990.0,949.0,964.0
Newfoundland and Labrador,Division No.  1,Avondale,29.69,667.0,636.0,641.0,584.0
Newfoundland and Labrador,Division No.  1,Bauline,16.05,379.0,397.0,452.0,412.0
Newfoundland and Labrador,Division No.  1,Bay Bulls,30.6,1078.0,1283.0,1500.0,1566.0
Newfoundland and Labrador,Division No.  1,Bay Roberts,24.51,5414.0,5818.0,6012.0,5974.0
Newfoundland and Labrador,Division No.  1,Bay de Verde,13.24,470.0,398.0,392.0,347.0
Newfoundland and Labrador,Division No.  1,Bishop's Cove,1.9,329.0,275.0,287.0,252.0
Newfoundland and Labrador,Division No.  1,Branch,16.18,309.0,247.0,228.0,177.0
Newfoundland and Labrador,Division No.  1,Brigus,11.48,794.0,750.0,723.0,699.0
Newfoundland and Labrador,Division No.  1,Bryant's Cove,4.9,417.0,396.0,395.0,343.0
Newfoundland and Labrador,Division No.  1,Cape Broyle,10.09,545.0,506.0,489.0,499.0
Newfoundland and Labrador,Division No.  1,Carbonear,12.44,4723.0,4739.0,4858.0,4696.0
Newfoundland and Labrador,Division No.  1,Chance Cove,18.14,310.0,282.0,256.0,213.0
Newfoundland and Labrador,Division No.  1,Chapel Arm,28.08,451.0,468.0,457.0,446.0
Newfoundland and Labrador,Division No.  1,Clarke's Beach,12.64,1289.0,1396.0,1558.0,1400.0
Newfoundland and Labrador,Division No.  1,Colinet,6.01,165.0,110.0,80.0,103.0
Newfoundland and Labrador,Division No.  1,Colliers,26.24,722.0,651.0,654.0,613.0
Newfoundland and Labrador,Division No.  1,Come By Chance,39.55,260.0,247.0,228.0,208.0
Newfoundland and Labrador,Division No.  1,Conception Bay South,59.72,21966.0,24848.0,26199.0,27168.0
Newfoundland and Labrador,Division No.  1,Conception Harbour,21.47,743.0,697.0,685.0,624.0
Newfoundland and Labrador,Division No.  1,Cupids,10.86,790.0,761.0,743.0,699.0
Newfoundland and Labrador,Division No.  1,"Division No.  1, Subd. A",772.38,898.0,757.0,666.0,653.0
Newfoundland and Labrador,Division No.  1,"Division No.  1, Subd. B",454.34,478.0,344.0,360.0,356.0
Newfoundland and Labrador,Division No.  1,"Division No.  1, Subd. C",815.64,185.0,131.0,100.0,106.0
Newfoundland and Labrador,Division No.  1,"Division No.  1, Subd. D",298.06,130.0,115.0,88.0,119.0
Newfoundland and Labrador,Division No.  1,"Division No.  1, Subd. E",218.85,3007.0,2971.0,2943.0,2835.0
Newfoundland and Labrador,Division No.  1,"Division No.  1, Subd. F",173.02,582.0,546.0,548.0,539.0
Newfoundland and Labrador,Division No.  1,"Division No.  1, Subd. G",302.69,2218.0,2017.0,1866.0,1673.0
Newfoundland and Labrador,Division No.  1,"Division No.  1, Subd. H",57.2,423.0,408.0,390.0,328.0
Newfoundland and Labrador,Division No.  1,"Division No.  1, Subd. I",64.11,213.0,271.0,299.0,320.0
Newfoundland and Labrador,Division No.  1,"Division No.  1, Subd. J",0.45,0.0,0.0,0.0,0.0
Newfoundland and Labrador,Division No.  1,"Division No.  1, Subd. K",37.13,32.0,46.0,28.0,35.0
Newfoundland and Labrador,Division No.  1,"Division No.  1, Subd. L",8.1,973.0,956.0,928.0,874.0
Newfoundland and Labrador,Division No.  1,"Division No.  1, Subd. M",139.98,920.0,1087.0,1073.0,1145.0
Newfoundland and Labrador,Division No.  1,"Division No.  1, Subd. N",12.85,370.0,317.0,372.0,356.0
Newfoundland and Labrador,Division No.  1,"Division No.  1, Subd. O",78.38,792.0,724.0,663.0,829.0
Newfoundland and Labrador,Division No.  1,"Division No.  1, Subd. R",16.82,366.0,344.0,322.0,264.0
Newfoundland and Labrador,Division No.  1,"Division No.  1, Subd. U",742.38,1620.0,1489.0,1625.0,1373.0
Newfoundland and Labrador,Division No.  1,"Division No.  1, Subd. V",870.89,65.0,62.0,36.0,55.0
Newfoundland and Labrador,Division No.  1,"Division No.  1, Subd. W",821.97,561.0,511.0,435.0,469.0
Newfoundland and Labrador,Division No.  1,"Division No.  1, Subd. X",567.62,510.0,506.0,513.0,541.0
Newfoundland and Labrador,Division No.  1,"Division No.  1, Subd. Y",190.76,1187.0,1175.0,1118.0,1211.0
Newfoundland and Labrador,Division No.  1,Fermeuse,38.33,284.0,323.0,325.0,266.0
Newfoundland and Labrador,Division No.  1,Ferryland,13.22,529.0,465.0,414.0,371.0
Newfoundland and Labrador,Division No.  1,Flatrock,18.1,1214.0,1457.0,1683.0,1722.0
Newfoundland and Labrador,Division No.  1,Fox Harbour,19.81,314.0,270.0,252.0,226.0
Newfoundland and Labrador,Division No.  1,Gaskiers-Point La Haye,23.29,302.0,233.0,232.0,189.0
Newfoundland and Labrador,Division No.  1,Hant's Harbour,31.86,401.0,346.0,329.0,318.0
Newfoundland and Labrador,Division No.  1,Harbour Grace,33.71,3074.0,3131.0,2995.0,2796.0
Newfoundland and Labrador,Division No.  1,Harbour Main-Chapel's Cove-Lakeview,21.19,1090.0,1083.0,1067.0,1065.0
Newfoundland and Labrador,Division No.  1,Heart's Content,62.87,418.0,375.0,340.0,330.0
Newfoundland and Labrador,Division No.  1,Heart's Delight-Islington,26.95,663.0,704.0,674.0,646.0
Newfoundland and Labrador,Division No.  1,Heart's Desire,17.02,226.0,223.0,213.0,184.0
Newfoundland and Labrador,Division No.  1,Holyrood,126.02,2005.0,1995.0,2463.0,2471.0
Newfoundland and Labrador,Division No.  1,Logy Bay-Middle Cove-Outer Cove,16.99,1978.0,2098.0,2221.0,2364.0
Newfoundland and Labrador,Division No.  1,Long Harbour-Mount Arlington Heights,18.33,211.0,298.0,250.0,185.0
Newfoundland and Labrador,Division No.  1,Mount Carmel-Mitchells Brook-St. Catherine's,60.76,438.0,358.0,349.0,382.0
Newfoundland and Labrador,Division No.  1,Mount Pearl,15.65,24671.0,24284.0,23120.0,22477.0
Newfoundland and Labrador,Division No.  1,New Perlican,24.45,188.0,210.0,186.0,200.0
Newfoundland and Labrador,Division No.  1,Norman's Cove-Long Cove,20.15,773.0,720.0,666.0,647.0
Newfoundland and Labrador,Division No.  1,North River,4.2,557.0,562.0,570.0,579.0
Newfoundland and Labrador,Division No.  1,Old Perlican,14.14,676.0,661.0,633.0,608.0
Newfoundland and Labrador,Division No.  1,Paradise,29.67,12584.0,17695.0,21389.0,22957.0
Newfoundland and Labrador,Division No.  1,Petty Harbour-Maddox Cove,4.4,915.0,924.0,960.0,947.0
Newfoundland and Labrador,Division No.  1,Placentia,57.8,3898.0,3643.0,3496.0,3289.0
Newfoundland and Labrador,Division No.  1,Point Lance,28.29,119.0,120.0,102.0,87.0
Newfoundland and Labrador,Division No.  1,Port Kirwan,8.84,85.0,65.0,52.0,49.0
Newfoundland and Labrador,Division No.  1,Portugal Cove South,1.08,222.0,160.0,150.0,86.0
Newfoundland and Labrador,Division No.  1,Portugal Cove-St. Philip's,57.61,6575.0,7366.0,8147.0,8415.0
Newfoundland and Labrador,Division No.  1,Pouch Cove,58.24,1756.0,1866.0,2069.0,2063.0
Newfoundland and Labrador,Division No.  1,Renews-Cappahayden,125.93,421.0,310.0,301.0,280.0
Newfoundland and Labrador,Division No.  1,Riverhead,101.84,220.0,212.0,185.0,165.0
Newfoundland and Labrador,Division No.  1,Salmon Cove,4.21,707.0,695.0,680.0,764.0
Newfoundland and Labrador,Division No.  1,Small Point-Adam's Cove-Blackhead-Broad Cove,23.12,438.0,389.0,387.0,414.0
Newfoundland and Labrador,Division No.  1,South River,5.97,649.0,655.0,647.0,674.0
Newfoundland and Labrador,Division No.  1,Southern Harbour,5.39,474.0,534.0,395.0,313.0
Newfoundland and Labrador,Division No.  1,Spaniard's Bay,66.09,2540.0,2622.0,2653.0,2630.0
Newfoundland and Labrador,Division No.  1,St. Bride's,5.38,386.0,308.0,252.0,318.0
Newfoundland and Labrador,Division No.  1,St. John's,446.02,100646.0,106172.0,108860.0,110525.0
Newfoundland and Labrador,Division No.  1,St. Joseph's,29.22,144.0,115.0,115.0,86.0
Newfoundland and Labrador,Division No.  1,St. Mary's,36.41,482.0,439.0,347.0,313.0
Newfoundland and Labrador,Division No.  1,St. Shott's,1.07,109.0,81.0,66.0,55.0
Newfoundland and Labrador,Division No.  1,St. Vincent's-St. Stephen's-Peter's River,86.62,363.0,340.0,313.0,263.0
Newfoundland and Labrador,Division No.  1,Sunnyside,39.02,470.0,452.0,396.0,407.0
Newfoundland and Labrador,Division No.  1,Torbay,34.89,6281.0,7397.0,7899.0,7852.0
Newfoundland and Labrador,Division No.  1,Trepassey,54.21,763.0,570.0,481.0,405.0
Newfoundland and Labrador,Division No.  1,Upper Island Cove,7.82,1667.0,1594.0,1561.0,1401.0
Newfoundland and Labrador,Division No.  1,Victoria,17.96,1769.0,1764.0,1800.0,1658.0
Newfoundland and Labrador,Division No.  1,Wabana,14.49,2418.0,2346.0,2146.0,1815.0
Newfoundland and Labrador,Division No.  1,Whitbourne,21.51,855.0,916.0,890.0,955.0
Newfoundland and Labrador,Division No.  1,Whiteway,22.53,220.0,293.0,373.0,351.0
Newfoundland and Labrador,Division No.  1,Winterton,10.61,518.0,484.0,450.0,436.0
Newfoundland and Labrador,Division No.  1,Witless Bay,17.61,1070.0,1179.0,1619.0,1640.0
Newfoundland and Labrador,Division No.  2,Baine Harbour,4.15,134.0,137.0,124.0,126.0
Newfoundland and Labrador,Division No.  2,Bay L'Argent,3.74,287.0,285.0,241.0,234.0
Newfoundland and Labrador,Division No.  2,Burin,34.49,2483.0,2424.0,2315.0,2237.0
Newfoundland and Labrador,Division No.  2,"Division No.  2, Subd. C",1463.65,689.0,596.0,566.0,538.0
Newfoundland and Labrador,Division No.  2,"Division No.  2, Subd. D",33.17,277.0,260.0,226.0,204.0
Newfoundland and Labrador,Division No.  2,"Division No.  2, Subd. E",136.58,285.0,269.0,246.0,251.0
Newfoundland and Labrador,Division No.  2,"Division No.  2, Subd. F",198.89,132.0,130.0,117.0,99.0
Newfoundland and Labrador,Division No.  2,"Division No.  2, Subd. G",366.98,10.0,10.0,10.0,25.0
Newfoundland and Labrador,Division No.  2,"Division No.  2, Subd. H",269.35,223.0,139.0,178.0,196.0
Newfoundland and Labrador,Division No.  2,"Division No.  2, Subd. I",491.98,201.0,136.0,136.0,123.0
Newfoundland and Labrador,Division No.  2,"Division No.  2, Subd. J",267.48,0.0,0.0,0.0,0.0
Newfoundland and Labrador,Division No.  2,"Division No.  2, Subd. K",1027.96,671.0,595.0,558.0,502.0
Newfoundland and Labrador,Division No.  2,"Division No.  2, Subd. L",873.62,42.0,15.0,0.0,32.0
Newfoundland and Labrador,Division No.  2,English Harbour East,2.81,169.0,147.0,139.0,117.0
Newfoundland and Labrador,Division No.  2,Fortune,54.77,1458.0,1442.0,1401.0,1285.0
Newfoundland and Labrador,Division No.  2,Fox Cove-Mortier,25.39,351.0,333.0,295.0,252.0
Newfoundland and Labrador,Division No.  2,Frenchman's Cove,69.07,166.0,172.0,169.0,159.0
Newfoundland and Labrador,Division No.  2,Garnish,39.1,578.0,545.0,568.0,542.0
Newfoundland and Labrador,Division No.  2,Grand Bank,16.82,2580.0,2415.0,2310.0,2152.0
Newfoundland and Labrador,Division No.  2,Grand Le Pierre,142.81,264.0,260.0,235.0,176.0
Newfoundland and Labrador,Division No.  2,Lamaline,79.75,315.0,286.0,267.0,218.0
Newfoundland and Labrador,Division No.  2,Lawn,3.52,705.0,672.0,624.0,583.0
Newfoundland and Labrador,Division No.  2,Lewin's Cove,6.33,566.0,555.0,544.0,546.0
Newfoundland and Labrador,Division No.  2,Little Bay East,1.56,140.0,130.0,127.0,84.0
Newfoundland and Labrador,Division No.  2,Lord's Cove,29.91,207.0,175.0,162.0,155.0
Newfoundland and Labrador,Division No.  2,Marystown,62.23,5436.0,5506.0,5316.0,5204.0
Newfoundland and Labrador,Division No.  2,Parkers Cove,4.77,308.0,301.0,248.0,233.0
Newfoundland and Labrador,Division No.  2,Point May,63.25,260.0,233.0,231.0,254.0
Newfoundland and Labrador,Division No.  2,Point au Gaul,3.89,85.0,97.0,88.0,67.0
Newfoundland and Labrador,Division No.  2,Red Harbour,11.19,210.0,191.0,189.0,177.0
Newfoundland and Labrador,Division No.  2,Rushoon,5.89,319.0,288.0,245.0,229.0
Newfoundland and Labrador,Division No.  2,St. Bernard's-Jacques Fontaine,16.08,525.0,470.0,433.0,433.0
Newfoundland and Labrador,Division No.  2,St. Lawrence,34.86,1349.0,1244.0,1192.0,1115.0
Newfoundland and Labrador,Division No.  2,Terrenceville,15.12,536.0,530.0,482.0,446.0
Newfoundland and Labrador,Division No.  2,Winterland,54.44,337.0,363.0,390.0,398.0
Newfoundland and Labrador,Division No.  3,Belleoram,2.2,421.0,409.0,374.0,348.0
Newfoundland and Labrador,Division No.  3,Burgeo,29.51,1607.0,1464.0,1307.0,1176.0
Newfoundland and Labrador,Division No.  3,Burnt Islands,9.48,703.0,651.0,622.0,540.0
Newfoundland and Labrador,Division No.  3,Channel-Port aux Basques,38.84,4319.0,4170.0,4067.0,3547.0
Newfoundland and Labrador,Division No.  3,"Division No.  3, Subd. A",2940.14,0.0,5.0,24.0,45.0
Newfoundland and Labrador,Division No.  3,"Division No.  3, Subd. B",253.36,0.0,5.0,0.0,0.0
Newfoundland and Labrador,Division No.  3,"Division No.  3, Subd. C",711.65,10.0,0.0,0.0,146.0
Newfoundland and Labrador,Division No.  3,"Division No.  3, Subd. D",6611.07,379.0,265.0,262.0,188.0
Newfoundland and Labrador,Division No.  3,"Division No.  3, Subd. E",2468.1,134.0,114.0,89.0,74.0
Newfoundland and Labrador,Division No.  3,"Division No.  3, Subd. F",2548.59,163.0,385.0,119.0,115.0
Newfoundland and Labrador,Division No.  3,"Division No.  3, Subd. H",665.06,728.0,727.0,707.0,562.0
Newfoundland and Labrador,Division No.  3,"Division No.  3, Subd. I",2121.16,151.0,103.0,87.0,61.0
Newfoundland and Labrador,Division No.  3,"Division No.  3, Subd. J",646.31,71.0,388.0,51.0,38.0
Newfoundland and Labrador,Division No.  3,Gaultois,4.23,265.0,179.0,136.0,100.0
Newfoundland and Labrador,Division No.  3,Harbour Breton,13.82,1877.0,1711.0,1634.0,1477.0
Newfoundland and Labrador,Division No.  3,Hermitage-Sandyville,29.14,499.0,450.0,422.0,404.0
Newfoundland and Labrador,Division No.  3,Isle aux Morts,7.75,718.0,619.0,664.0,559.0
Newfoundland and Labrador,Division No.  3,Milltown-Head of Bay d'Espoir,24.95,865.0,789.0,749.0,669.0
Newfoundland and Labrador,Division No.  3,Morrisville,14.09,128.0,117.0,101.0,93.0
Newfoundland and Labrador,Division No.  3,Pool's Cove,2.65,189.0,182.0,193.0,143.0
Newfoundland and Labrador,Division No.  3,Ramea,1.86,618.0,280.0,447.0,388.0
Newfoundland and Labrador,Division No.  3,Rencontre East,2.56,165.0,141.0,139.0,115.0
Newfoundland and Labrador,Division No.  3,Rose Blanche-Harbour le Cou,4.49,547.0,118.0,394.0,344.0
Newfoundland and Labrador,Division No.  3,Samiajij Miawpukek,16.7,867.0,920.0,956.0,953.0
Newfoundland and Labrador,Division No.  3,Seal Cove (Fortune Bay),2.03,315.0,263.0,242.0,100.0
Newfoundland and Labrador,Division No.  3,St. Alban's,20.48,1278.0,1233.0,1186.0,1189.0
Newfoundland and Labrador,Division No.  3,St. Jacques-Coomb's Cove,81.89,669.0,618.0,588.0,546.0
Newfoundland and Labrador,Division No.  4,Cape St. George,34.47,893.0,949.0,853.0,809.0
Newfoundland and Labrador,Division No.  4,"Division No.  4, Subd. A",1204.46,1883.0,1810.0,1743.0,1530.0
Newfoundland and Labrador,Division No.  4,"Division No.  4, Subd. B",1809.34,1399.0,1298.0,1174.0,1140.0
Newfoundland and Labrador,Division No.  4,"Division No.  4, Subd. C",2365.45,845.0,728.0,747.0,591.0
Newfoundland and Labrador,Division No.  4,"Division No.  4, Subd. D",1148.81,922.0,830.0,860.0,1212.0
Newfoundland and Labrador,Division No.  4,"Division No.  4, Subd. E",295.42,2095.0,1973.0,1957.0,1467.0
Newfoundland and Labrador,Division No.  4,Gallants,6.33,54.0,59.0,50.0,50.0
Newfoundland and Labrador,Division No.  4,Kippens,14.24,1739.0,1815.0,2008.0,1842.0
Newfoundland and Labrador,Division No.  4,Lourdes,7.39,550.0,532.0,465.0,502.0
Newfoundland and Labrador,Division No.  4,Port au Port East,25.06,608.0,598.0,579.0,413.0
Newfoundland and Labrador,Division No.  4,Port au Port West-Aguathuna-Felix Cove,16.97,386.0,447.0,449.0,384.0
Newfoundland and Labrador,Division No.  4,St. George's,25.71,1246.0,1207.0,1203.0,1139.0
Newfoundland and Labrador,Division No.  4,Stephenville,35.27,6588.0,6719.0,6623.0,6540.0
Newfoundland and Labrador,Division No.  4,Stephenville Crossing,31.07,1960.0,1875.0,1719.0,1634.0
Newfoundland and Labrador,Division No.  5,Cormack,133.65,657.0,605.0,597.0,492.0
Newfoundland and Labrador,Division No.  5,Corner Brook,147.88,20083.0,19886.0,19806.0,19333.0
Newfoundland and Labrador,Division No.  5,Cox's Cove,7.23,646.0,660.0,688.0,664.0
Newfoundland and Labrador,Division No.  5,Deer Lake,73.26,4827.0,4995.0,5249.0,4864.0
Newfoundland and Labrador,Division No.  5,"Division No.  5, Subd. A",2412.93,223.0,232.0,276.0,291.0
Newfoundland and Labrador,Division No.  5,"Division No.  5, Subd. C",483.5,74.0,101.0,276.0,285.0
Newfoundland and Labrador,Division No.  5,"Division No.  5, Subd. D",1320.15,5.0,5.0,34.0,30.0
Newfoundland and Labrador,Division No.  5,"Division No.  5, Subd. E",1167.5,186.0,187.0,216.0,188.0
Newfoundland and Labrador,Division No.  5,"Division No.  5, Subd. F",823.72,483.0,632.0,823.0,746.0
Newfoundland and Labrador,Division No.  5,"Division No.  5, Subd. G",3409.22,607.0,470.0,468.0,414.0
Newfoundland and Labrador,Division No.  5,Gillams,6.72,402.0,407.0,410.0,506.0
Newfoundland and Labrador,Division No.  5,Hampden,32.99,489.0,457.0,429.0,439.0
Newfoundland and Labrador,Division No.  5,Howley,19.91,241.0,221.0,205.0,179.0
Newfoundland and Labrador,Division No.  5,Hughes Brook,1.56,197.0,231.0,255.0,236.0
Newfoundland and Labrador,Division No.  5,Humber Arm South,65.14,1854.0,1681.0,1599.0,1537.0
Newfoundland and Labrador,Division No.  5,Irishtown-Summerside,11.88,1290.0,1428.0,1418.0,1260.0
Newfoundland and Labrador,Division No.  5,Jackson's Arm,7.07,374.0,323.0,284.0,277.0
Newfoundland and Labrador,Division No.  5,Lark Harbour,12.94,565.0,510.0,522.0,508.0
Newfoundland and Labrador,Division No.  5,Massey Drive,2.45,1170.0,1412.0,1632.0,1606.0
Newfoundland and Labrador,Division No.  5,McIvers,11.97,571.0,546.0,538.0,575.0
Newfoundland and Labrador,Division No.  5,Meadows,3.82,637.0,649.0,626.0,404.0
Newfoundland and Labrador,Division No.  5,Mount Moriah,15.71,752.0,785.0,746.0,700.0
Newfoundland and Labrador,Division No.  5,Pasadena,49.17,3180.0,3352.0,3620.0,3524.0
Newfoundland and Labrador,Division No.  5,Reidville,58.28,511.0,474.0,509.0,550.0
Newfoundland and Labrador,Division No.  5,Steady Brook,1.24,435.0,408.0,444.0,416.0
Newfoundland and Labrador,Division No.  5,York Harbour,13.88,346.0,347.0,344.0,372.0
Newfoundland and Labrador,Division No.  6,Appleton,6.33,582.0,622.0,574.0,620.0
Newfoundland and Labrador,Division No.  6,Badger,1.89,813.0,793.0,704.0,682.0
Newfoundland and Labrador,Division No.  6,Bishop's Falls,26.38,3399.0,3341.0,3156.0,3082.0
Newfoundland and Labrador,Division No.  6,Botwood,14.56,3052.0,3008.0,2875.0,2778.0
Newfoundland and Labrador,Division No.  6,Buchans,4.63,761.0,696.0,642.0,590.0
Newfoundland and Labrador,Division No.  6,"Division No.  6, Subd. A",5264.73,115.0,94.0,128.0,101.0
Newfoundland and Labrador,Division No.  6,"Division No.  6, Subd. C",4007.24,399.0,452.0,681.0,354.0
Newfoundland and Labrador,Division No.  6,"Division No.  6, Subd. D",4180.74,287.0,295.0,563.0,596.0
Newfoundland and Labrador,Division No.  6,"Division No.  6, Subd. E",2294.74,326.0,216.0,194.0,175.0
Newfoundland and Labrador,Division No.  6,Gander,104.53,9951.0,11054.0,11688.0,11880.0
Newfoundland and Labrador,Division No.  6,Glenwood,7.08,762.0,791.0,778.0,739.0
Newfoundland and Labrador,Division No.  6,Grand Falls-Windsor,54.84,13558.0,13725.0,14171.0,13853.0
Newfoundland and Labrador,Division No.  6,Millertown,3.08,100.0,99.0,81.0,87.0
Newfoundland and Labrador,Division No.  6,Norris Arm,41.35,911.0,912.0,737.0,708.0
Newfoundland and Labrador,Division No.  6,Northern Arm,24.94,385.0,397.0,426.0,371.0
Newfoundland and Labrador,Division No.  6,Peterview,6.34,807.0,809.0,828.0,723.0
Newfoundland and Labrador,Division No.  7,Bonavista,31.56,3764.0,3589.0,3448.0,3190.0
Newfoundland and Labrador,Division No.  7,Centreville-Wareham-Trinity,37.04,1122.0,1161.0,1147.0,1116.0
Newfoundland and Labrador,Division No.  7,Clarenville,139.91,5274.0,6036.0,6291.0,6704.0
Newfoundland and Labrador,Division No.  7,"Division No.  7, Subd. A",287.64,172.0,144.0,143.0,140.0
Newfoundland and Labrador,Division No.  7,"Division No.  7, Subd. B",858.94,15.0,25.0,10.0,57.0
Newfoundland and Labrador,Division No.  7,"Division No.  7, Subd. D",2457.85,397.0,232.0,230.0,259.0
Newfoundland and Labrador,Division No.  7,"Division No.  7, Subd. E",1631.51,2765.0,2714.0,2649.0,2573.0
Newfoundland and Labrador,Division No.  7,"Division No.  7, Subd. F",296.95,1067.0,971.0,846.0,831.0
Newfoundland and Labrador,Division No.  7,"Division No.  7, Subd. G",144.35,436.0,398.0,343.0,316.0
Newfoundland and Labrador,Division No.  7,"Division No.  7, Subd. I",170.8,121.0,102.0,71.0,80.0
Newfoundland and Labrador,Division No.  7,"Division No.  7, Subd. J",272.61,640.0,498.0,459.0,577.0
Newfoundland and Labrador,Division No.  7,"Division No.  7, Subd. K",484.96,1168.0,1225.0,1275.0,1153.0
Newfoundland and Labrador,Division No.  7,"Division No.  7, Subd. L",242.89,1371.0,1272.0,1232.0,1183.0
Newfoundland and Labrador,Division No.  7,"Division No.  7, Subd. M",450.25,2145.0,2055.0,1966.0,1856.0
Newfoundland and Labrador,Division No.  7,"Division No.  7, Subd. N",1402.03,80.0,58.0,49.0,55.0
Newfoundland and Labrador,Division No.  7,Dover,11.12,688.0,673.0,662.0,579.0
Newfoundland and Labrador,Division No.  7,Duntara,17.64,72.0,46.0,30.0,36.0
Newfoundland and Labrador,Division No.  7,Eastport,18.48,499.0,482.0,501.0,527.0
Newfoundland and Labrador,Division No.  7,Elliston,10.07,306.0,337.0,308.0,315.0
Newfoundland and Labrador,Division No.  7,Gambo,93.03,2072.0,1984.0,1978.0,1816.0
Newfoundland and Labrador,Division No.  7,Glovertown,69.85,2062.0,2122.0,2083.0,1948.0
Newfoundland and Labrador,Division No.  7,Greenspond,2.75,365.0,305.0,266.0,257.0
Newfoundland and Labrador,Division No.  7,Happy Adventure,9.62,227.0,219.0,200.0,118.0
Newfoundland and Labrador,Division No.  7,Hare Bay,34.11,1020.0,1031.0,969.0,925.0
Newfoundland and Labrador,Division No.  7,Indian Bay,86.49,196.0,174.0,175.0,172.0
Newfoundland and Labrador,Division No.  7,Keels,6.67,73.0,61.0,51.0,46.0
Newfoundland and Labrador,Division No.  7,King's Cove,21.44,121.0,111.0,90.0,75.0
Newfoundland and Labrador,Division No.  7,Musgravetown,13.49,583.0,556.0,564.0,561.0
Newfoundland and Labrador,Division No.  7,New-Wes-Valley,132.7,2485.0,2265.0,2172.0,2044.0
Newfoundland and Labrador,Division No.  7,Port Blandford,51.0,521.0,483.0,488.0,513.0
Newfoundland and Labrador,Division No.  7,Port Rexton,11.64,351.0,338.0,340.0,361.0
Newfoundland and Labrador,Division No.  7,Salvage,15.85,174.0,136.0,124.0,108.0
Newfoundland and Labrador,Division No.  7,Sandringham,9.57,255.0,274.0,229.0,205.0
Newfoundland and Labrador,Division No.  7,Sandy Cove,8.99,133.0,132.0,122.0,120.0
Newfoundland and Labrador,Division No.  7,St. Brendan's,9.76,203.0,147.0,145.0,125.0
Newfoundland and Labrador,Division No.  7,Terra Nova,2.44,68.0,83.0,73.0,99.0
Newfoundland and Labrador,Division No.  7,Traytown,13.3,302.0,283.0,267.0,279.0
Newfoundland and Labrador,Division No.  7,Trinity (Trinity Bay),12.92,191.0,137.0,169.0,76.0
Newfoundland and Labrador,Division No.  7,Trinity Bay North,26.19,1997.0,1827.0,1819.0,1649.0
Newfoundland and Labrador,Division No.  8,Baie Verte,371.37,1275.0,1370.0,1313.0,1311.0
Newfoundland and Labrador,Division No.  8,Baytona,15.15,276.0,264.0,262.0,251.0
Newfoundland and Labrador,Division No.  8,Beachside,2.58,183.0,150.0,132.0,97.0
Newfoundland and Labrador,Division No.  8,Birchy Bay,49.33,618.0,566.0,550.0,511.0
Newfoundland and Labrador,Division No.  8,Brent's Cove,1.02,204.0,181.0,157.0,119.0
Newfoundland and Labrador,Division No.  8,Brighton,2.26,203.0,171.0,188.0,163.0
Newfoundland and Labrador,Division No.  8,Burlington,4.09,376.0,349.0,314.0,304.0
Newfoundland and Labrador,Division No.  8,Campbellton,35.81,494.0,520.0,452.0,459.0
Newfoundland and Labrador,Division No.  8,Carmanville,42.68,753.0,737.0,740.0,784.0
Newfoundland and Labrador,Division No.  8,Change Islands,5.36,300.0,257.0,208.0,184.0
Newfoundland and Labrador,Division No.  8,Coachman's Cove,18.99,93.0,92.0,105.0,111.0
Newfoundland and Labrador,Division No.  8,Comfort Cove-Newstead,29.97,451.0,451.0,407.0,345.0
Newfoundland and Labrador,Division No.  8,Cottlesville,11.15,279.0,272.0,271.0,244.0
Newfoundland and Labrador,Division No.  8,Crow Head,3.03,205.0,203.0,177.0,156.0
Newfoundland and Labrador,Division No.  8,"Division No.  8, Subd. A",2270.17,540.0,352.0,317.0,386.0
Newfoundland and Labrador,Division No.  8,"Division No.  8, Subd. C",1213.88,376.0,527.0,440.0,563.0
Newfoundland and Labrador,Division No.  8,"Division No.  8, Subd. D",20.11,10.0,5.0,10.0,5.0
Newfoundland and Labrador,Division No.  8,"Division No.  8, Subd. E",707.99,698.0,537.0,548.0,496.0
Newfoundland and Labrador,Division No.  8,"Division No.  8, Subd. F",106.35,898.0,867.0,930.0,867.0
Newfoundland and Labrador,Division No.  8,"Division No.  8, Subd. G",521.39,600.0,452.0,433.0,409.0
Newfoundland and Labrador,Division No.  8,"Division No.  8, Subd. H",178.01,2139.0,2043.0,1900.0,1788.0
Newfoundland and Labrador,Division No.  8,"Division No.  8, Subd. I",8.97,210.0,211.0,216.0,163.0
Newfoundland and Labrador,Division No.  8,"Division No.  8, Subd. L",1315.12,3248.0,3105.0,3060.0,2772.0
Newfoundland and Labrador,Division No.  8,"Division No.  8, Subd. M",658.7,201.0,165.0,130.0,141.0
Newfoundland and Labrador,Division No.  8,"Division No.  8, Subd. O",409.66,353.0,330.0,309.0,275.0
Newfoundland and Labrador,Division No.  8,"Division No.  8, Subd. P",379.19,380.0,340.0,337.0,297.0
Newfoundland and Labrador,Division No.  8,Embree,18.35,703.0,691.0,701.0,679.0
Newfoundland and Labrador,Division No.  8,Fleur de Lys,39.54,320.0,265.0,244.0,207.0
Newfoundland and Labrador,Division No.  8,King's Point,45.72,670.0,675.0,659.0,653.0
Newfoundland and Labrador,Division No.  8,LaScie,29.16,955.0,899.0,872.0,820.0
Newfoundland and Labrador,Division No.  8,Leading Tickles,26.59,407.0,337.0,292.0,296.0
Newfoundland and Labrador,Division No.  8,Lewisporte,36.02,3308.0,3483.0,3409.0,3288.0
Newfoundland and Labrador,Division No.  8,Little Bay,1.66,116.0,108.0,105.0,100.0
Newfoundland and Labrador,Division No.  8,Little Bay Islands,7.34,152.0,97.0,71.0,0.0
Newfoundland and Labrador,Division No.  8,Little Burnt Bay,8.46,325.0,294.0,281.0,238.0
Newfoundland and Labrador,Division No.  8,Lumsden,19.2,533.0,545.0,501.0,535.0
Newfoundland and Labrador,Division No.  8,Lushes Bight-Beaumont-Beaumont North,34.52,275.0,220.0,168.0,169.0
Newfoundland and Labrador,Division No.  8,Middle Arm,24.93,517.0,476.0,474.0,443.0
Newfoundland and Labrador,Division No.  8,Miles Cove,3.98,140.0,137.0,104.0,97.0
Newfoundland and Labrador,Division No.  8,Ming's Bight,3.81,347.0,333.0,319.0,298.0
Newfoundland and Labrador,Division No.  8,Musgrave Harbour,67.3,1085.0,1053.0,990.0,946.0
Newfoundland and Labrador,Division No.  8,Nippers Harbour,1.93,151.0,128.0,85.0,74.0
Newfoundland and Labrador,Division No.  8,Pacquet,14.44,210.0,184.0,164.0,145.0
Newfoundland and Labrador,Division No.  8,Pilley's Island,34.65,317.0,301.0,294.0,286.0
Newfoundland and Labrador,Division No.  8,Point Leamington,26.8,649.0,619.0,591.0,574.0
Newfoundland and Labrador,Division No.  8,Point of Bay,21.62,163.0,159.0,154.0,137.0
Newfoundland and Labrador,Division No.  8,Port Anson,7.72,155.0,165.0,130.0,42.0
Newfoundland and Labrador,Division No.  8,Robert's Arm,36.09,841.0,807.0,805.0,722.0
Newfoundland and Labrador,Division No.  8,Seal Cove (White Bay),10.79,331.0,304.0,303.0,281.0
Newfoundland and Labrador,Division No.  8,South Brook,8.72,531.0,487.0,482.0,420.0
Newfoundland and Labrador,Division No.  8,Springdale,17.46,2764.0,2907.0,2971.0,2965.0
Newfoundland and Labrador,Division No.  8,Summerford,16.04,976.0,853.0,906.0,805.0
Newfoundland and Labrador,Division No.  8,Tilt Cove,3.1,5.0,5.0,5.0,5.0
Newfoundland and Labrador,Division No.  8,Triton,7.54,1029.0,998.0,983.0,896.0
Newfoundland and Labrador,Division No.  8,Twillingate,25.6,2448.0,2269.0,2196.0,2121.0
Newfoundland and Labrador,Division No.  8,Westport,5.23,246.0,220.0,195.0,185.0
Newfoundland and Labrador,Division No.  8,Woodstock,10.05,199.0,190.0,190.0,195.0
Newfoundland and Labrador,Division No.  9,Anchor Point,2.26,309.0,326.0,314.0,305.0
Newfoundland and Labrador,Division No.  9,Bellburns,8.83,83.0,62.0,53.0,52.0
Newfoundland and Labrador,Division No.  9,Bird Cove,7.69,137.0,182.0,179.0,175.0
Newfoundland and Labrador,Division No.  9,Conche,10.03,225.0,181.0,170.0,149.0
Newfoundland and Labrador,Division No.  9,Cook's Harbour,1.94,190.0,76.0,123.0,118.0
Newfoundland and Labrador,Division No.  9,Cow Head,17.27,493.0,475.0,428.0,398.0
Newfoundland and Labrador,Division No.  9,Daniel's Harbour,7.68,288.0,265.0,253.0,220.0
Newfoundland and Labrador,Division No.  9,"Division No.  9, Subd. A",1726.94,215.0,117.0,121.0,183.0
Newfoundland and Labrador,Division No.  9,"Division No.  9, Subd. C",1842.14,3001.0,2729.0,2529.0,2220.0
Newfoundland and Labrador,Division No.  9,"Division No.  9, Subd. D",939.74,893.0,815.0,643.0,534.0
Newfoundland and Labrador,Division No.  9,"Division No.  9, Subd. F",4933.82,119.0,77.0,71.0,81.0
Newfoundland and Labrador,Division No.  9,"Division No.  9, Subd. G",1256.12,82.0,49.0,41.0,96.0
Newfoundland and Labrador,Division No.  9,"Division No.  9, Subd. H",2096.29,189.0,84.0,159.0,155.0
Newfoundland and Labrador,Division No.  9,Englee,28.82,618.0,583.0,527.0,489.0
Newfoundland and Labrador,Division No.  9,Flower's Cove,6.77,270.0,308.0,270.0,272.0
Newfoundland and Labrador,Division No.  9,Glenburnie-Birchy Head-Shoal Brook,6.52,275.0,258.0,224.0,241.0
Newfoundland and Labrador,Division No.  9,Goose Cove East,2.71,234.0,211.0,174.0,172.0
Newfoundland and Labrador,Division No.  9,Hawke's Bay,46.41,391.0,338.0,315.0,297.0
Newfoundland and Labrador,Division No.  9,Main Brook,28.0,293.0,265.0,243.0,246.0
Newfoundland and Labrador,Division No.  9,Norris Point,4.84,699.0,685.0,670.0,602.0
Newfoundland and Labrador,Division No.  9,Parson's Pond,12.34,387.0,478.0,345.0,368.0
Newfoundland and Labrador,Division No.  9,Port Saunders,38.5,747.0,697.0,674.0,678.0
Newfoundland and Labrador,Division No.  9,Port au Choix,35.56,893.0,839.0,789.0,742.0
Newfoundland and Labrador,Division No.  9,Raleigh,11.27,248.0,201.0,177.0,150.0
Newfoundland and Labrador,Division No.  9,River of Ponds,4.46,251.0,228.0,215.0,173.0
Newfoundland and Labrador,Division No.  9,Rocky Harbour,12.08,978.0,979.0,947.0,937.0
Newfoundland and Labrador,Division No.  9,Roddickton-Bide Arm,45.14,1103.0,1057.0,999.0,928.0
Newfoundland and Labrador,Division No.  9,Sally's Cove,4.61,63.0,27.0,20.0,15.0
Newfoundland and Labrador,Division No.  9,St. Anthony,37.46,2476.0,2418.0,2258.0,2180.0
Newfoundland and Labrador,Division No.  9,St. Lunaire-Griquet,17.29,666.0,661.0,604.0,603.0
Newfoundland and Labrador,Division No.  9,St. Pauls,6.34,309.0,258.0,238.0,202.0
Newfoundland and Labrador,Division No.  9,Trout River,5.83,604.0,576.0,552.0,508.0
Newfoundland and Labrador,Division No.  9,"Woody Point, Bonne Bay",3.78,355.0,281.0,282.0,244.0
Newfoundland and Labrador,Division No. 10,"Cartwright, Labrador",5.87,552.0,516.0,427.0,439.0
Newfoundland and Labrador,Division No. 10,Charlottetown (Labrador),26.47,366.0,308.0,290.0,292.0
Newfoundland and Labrador,Division No. 10,"Division No. 10, Subd. A",3673.46,69.0,49.0,61.0,55.0
Newfoundland and Labrador,Division No. 10,"Division No. 10, Subd. B",35501.56,475.0,349.0,369.0,211.0
Newfoundland and Labrador,Division No. 10,"Division No. 10, Subd. C",62096.93,58.0,54.0,71.0,54.0
Newfoundland and Labrador,Division No. 10,"Division No. 10, Subd. D",64922.38,681.0,634.0,705.0,732.0
Newfoundland and Labrador,Division No. 10,"Division No. 10, Subd. E",24865.49,0.0,0.0,0.0,0.0
Newfoundland and Labrador,Division No. 10,Forteau,7.5,448.0,429.0,409.0,377.0
Newfoundland and Labrador,Division No. 10,Happy Valley-Goose Bay,304.52,7572.0,7552.0,8109.0,8040.0
Newfoundland and Labrador,Division No. 10,L'Anse au Loup,3.39,593.0,550.0,558.0,692.0
Newfoundland and Labrador,Division No. 10,L'Anse-au-Clair,60.65,226.0,192.0,216.0,219.0
Newfoundland and Labrador,Division No. 10,Labrador City,34.11,7240.0,7367.0,7220.0,7412.0
Newfoundland and Labrador,Division No. 10,Mary's Harbour,34.25,417.0,383.0,341.0,312.0
Newfoundland and Labrador,Division No. 10,Natuashish 2,44.01,706.0,931.0,938.0,856.0
Newfoundland and Labrador,Division No. 10,North West River,3.55,492.0,553.0,547.0,560.0
Newfoundland and Labrador,Division No. 10,Pinware,4.08,114.0,107.0,88.0,64.0
Newfoundland and Labrador,Division No. 10,Port Hope Simpson,32.02,529.0,441.0,412.0,403.0
Newfoundland and Labrador,Division No. 10,Red Bay,2.31,227.0,194.0,169.0,142.0
Newfoundland and Labrador,Division No. 10,Sheshatshiu 3,8.48,1054.0,1314.0,1500.0,1225.0
Newfoundland and Labrador,Division No. 10,St. Lewis,10.04,252.0,207.0,194.0,181.0
Newfoundland and Labrador,Division No. 10,Wabush,42.42,1739.0,1861.0,1906.0,1964.0
Newfoundland and Labrador,Division No. 10,West St. Modeste,7.6,140.0,120.0,111.0,102.0
Newfoundland and Labrador,Division No. 11,"Division No. 11, Subd. C",26193.25,0.0,0.0,0.0,0.0
Newfoundland and Labrador,Division No. 11,"Division No. 11, Subd. E",40487.59,0.0,0.0,0.0,0.0
Newfoundland and Labrador,Division No. 11,Hopedale,2.18,530.0,556.0,574.0,596.0
Newfoundland and Labrador,Division No. 11,Makkovik,2.95,362.0,361.0,377.0,365.0
Newfoundland and Labrador,Division No. 11,Nain,93.5,1034.0,1188.0,1125.0,847.0
Newfoundland and Labrador,Division No. 11,Postville,2.39,219.0,206.0,177.0,188.0
Newfoundland and Labrador,Division No. 11,Rigolet,5.27,269.0,306.0,305.0,327.0
Prince Edward Island,Kings,Morell,1.49,306.0,313.0,297.0,269.0
Prince Edward Island,Kings,Morell 2,0.78,15.0,24.0,22.0,25.0
Prince Edward Island,Kings,Murray Harbour,3.9,358.0,320.0,258.0,282.0
Prince Edward Island,Kings,Murray River,1.54,430.0,334.0,304.0,337.0
Prince Edward Island,Kings,Souris,3.61,1232.0,1173.0,1053.0,1079.0
Prince Edward Island,Kings,St. Peters Bay,4.44,248.0,253.0,237.0,231.0
Prince Edward Island,Prince,Abram-Village,1.36,266.0,267.0,300.0,340.0
Prince Edward Island,Prince,Alberton,4.7,1081.0,1135.0,1145.0,1301.0
Prince Edward Island,Prince,Borden-Carleton,12.94,786.0,750.0,724.0,788.0
Prince Edward Island,Prince,Kensington,3.17,1485.0,1496.0,1619.0,1812.0
Prince Edward Island,Prince,Kinkora,3.97,326.0,339.0,336.0,388.0
Prince Edward Island,Prince,Lennox Island 1,5.59,252.0,293.0,323.0,308.0
Prince Edward Island,Prince,Linkletter,7.88,321.0,320.0,300.0,315.0
Prince Edward Island,Prince,Miminegash,1.88,176.0,173.0,148.0,148.0
Prince Edward Island,Prince,Miscouche,3.49,769.0,869.0,873.0,992.0
Prince Edward Island,Prince,O'Leary,1.83,861.0,812.0,815.0,876.0
Prince Edward Island,Prince,Sherbrooke,8.94,168.0,172.0,159.0,178.0
Prince Edward Island,Prince,St. Louis,0.68,80.0,51.0,66.0,69.0
Prince Edward Island,Prince,Summerside,28.21,14500.0,14751.0,14839.0,16001.0
Prince Edward Island,Prince,Tignish,5.87,758.0,779.0,719.0,744.0
Prince Edward Island,Prince,Tyne Valley,1.94,226.0,222.0,249.0,229.0
Prince Edward Island,Prince,Wellington,1.7,401.0,409.0,415.0,414.0
Prince Edward Island,Queens,Breadalbane,12.67,172.0,173.0,167.0,170.0
Prince Edward Island,Queens,Charlottetown,44.27,32174.0,34562.0,36094.0,38809.0
Prince Edward Island,Queens,Clyde River,15.93,618.0,576.0,653.0,614.0
Prince Edward Island,Queens,Cornwall,28.21,4677.0,5162.0,5348.0,6574.0
Prince Edward Island,Queens,Crapaud,2.1,353.0,345.0,319.0,361.0
Prince Edward Island,Queens,Hunter River,6.04,319.0,294.0,356.0,390.0
Prince Edward Island,Queens,Miltonvale Park,35.13,1163.0,1153.0,1158.0,1196.0
Prince Edward Island,Queens,Mount Stewart,1.52,261.0,225.0,209.0,226.0
Prince Edward Island,Queens,North Rustico,2.64,599.0,583.0,617.0,648.0
Prince Edward Island,Queens,Rocky Point 3,0.04,41.0,49.0,51.0,47.0
Prince Edward Island,Queens,Scotchfort 4,1.43,137.0,148.0,200.0,230.0
Prince Edward Island,Queens,"Stanley Bridge, Hope River, Bayview, Cavendish and North Rustico",36.1,272.0,266.0,318.0,359.0
Prince Edward Island,Queens,Stratford,22.67,7083.0,8574.0,9711.0,10927.0
Prince Edward Island,Queens,Union Road,10.33,245.0,235.0,204.0,213.0
Prince Edward Island,Queens,Victoria,1.44,77.0,104.0,74.0,139.0
Prince Edward Island,Queens,Warren Grove,10.16,341.0,367.0,346.0,374.0
Nova Scotia,Annapolis,Annapolis Royal,1.98,444.0,481.0,491.0,530.0
Nova Scotia,Annapolis,"Annapolis, Subd. A",612.44,6342.0,6008.0,5866.0,5980.0
Nova Scotia,Annapolis,"Annapolis, Subd. B",377.16,3707.0,3650.0,4448.0,4587.0
Nova Scotia,Annapolis,"Annapolis, Subd. C",206.51,5085.0,5016.0,4947.0,5218.0
Nova Scotia,Annapolis,"Annapolis, Subd. D",1976.25,3007.0,2903.0,2991.0,3049.0
Nova Scotia,Annapolis,Bear River (Part) 6,3.1,42.0,0.0,0.0,0.0
Nova Scotia,Annapolis,Bear River 6B,0.24,10.0,0.0,16.0,15.0
Nova Scotia,Annapolis,Middleton,5.55,1829.0,1749.0,1832.0,1873.0
Nova Scotia,Antigonish,Antigonish,4.98,4236.0,4524.0,4364.0,4656.0
Nova Scotia,Antigonish,"Antigonish, Subd. A",926.43,7730.0,8253.0,8278.0,8963.0
Nova Scotia,Antigonish,"Antigonish, Subd. B",522.29,6509.0,6439.0,6306.0,6138.0
Nova Scotia,Antigonish,Paqtnkek-Niktuek No. 23,2.71,361.0,373.0,353.0,372.0
Nova Scotia,Cape Breton,Cape Breton,2419.7,102250.0,97398.0,94285.0,93694.0
Nova Scotia,Cape Breton,Eskasoni 3,36.03,2952.0,3309.0,3422.0,3521.0
Nova Scotia,Cape Breton,Membertou 28B,1.48,726.0,912.0,1015.0,1103.0
Nova Scotia,Colchester,"Colchester, Subd. A",877.35,3525.0,3642.0,3459.0,3762.0
Nova Scotia,Colchester,"Colchester, Subd. B",1248.24,19297.0,19643.0,19534.0,19806.0
Nova Scotia,Colchester,"Colchester, Subd. C",1443.12,13312.0,13339.0,13098.0,12476.0
Nova Scotia,Colchester,Millbrook 27,3.65,703.0,847.0,860.0,921.0
Nova Scotia,Colchester,Stewiacke,17.62,1421.0,1438.0,1373.0,1557.0
Nova Scotia,Colchester,Truro,37.52,11765.0,12059.0,12261.0,12954.0
Nova Scotia,Cumberland,Amherst,12.07,9505.0,9717.0,9413.0,9404.0
Nova Scotia,Cumberland,"Cumberland, Subd. A",1135.55,2261.0,2141.0,3120.0,3201.0
Nova Scotia,Cumberland,"Cumberland, Subd. B",1168.37,3781.0,3580.0,6859.0,6786.0
Nova Scotia,Cumberland,"Cumberland, Subd. C",896.22,5525.0,5325.0,5268.0,5694.0
Nova Scotia,Cumberland,"Cumberland, Subd. D",1052.9,4454.0,4266.0,4155.0,4283.0
Nova Scotia,Cumberland,Oxford,10.68,1178.0,1151.0,1190.0,1170.0
Nova Scotia,Digby,Bear River (Part) 6,3.4,101.0,102.0,138.0,141.0
Nova Scotia,Digby,Clare,851.14,8813.0,8319.0,8018.0,7678.0
Nova Scotia,Digby,Digby,1654.59,7986.0,7463.0,7107.0,7242.0
Nova Scotia,Digby,Digby,3.16,2092.0,2152.0,2060.0,2001.0
Nova Scotia,Guysborough,Guysborough,2115.25,4681.0,4189.0,4670.0,4585.0
Nova Scotia,Guysborough,Mulgrave,17.83,879.0,794.0,722.0,627.0
Nova Scotia,Guysborough,St. Mary's,1904.08,2587.0,2354.0,2233.0,2161.0
Nova Scotia,Halifax,Beaver Lake 17,0.83,21.0,23.0,21.0,20.0
Nova Scotia,Halifax,Cole Harbour 30,0.19,128.0,194.0,203.0,208.0
Nova Scotia,Halifax,Halifax,5475.57,372679.0,390096.0,403131.0,439819.0
Nova Scotia,Halifax,Sheet Harbour 36,0.5,30.0,15.0,25.0,10.0
Nova Scotia,Hants,East Hants,1786.53,21397.0,22111.0,22453.0,22892.0
Nova Scotia,Hants,Indian Brook 14,12.15,1014.0,1084.0,1089.0,2739.0
Nova Scotia,Inverness,"Inverness, Subd. A",2017.79,5859.0,5280.0,5076.0,5207.0
Nova Scotia,Inverness,"Inverness, Subd. B",751.9,5369.0,5144.0,4928.0,4865.0
Nova Scotia,Inverness,"Inverness, Subd. C",1025.65,3668.0,3357.0,3166.0,3167.0
Nova Scotia,Inverness,Port Hawkesbury,8.1,3517.0,3366.0,3214.0,3210.0
Nova Scotia,Inverness,Whycocomagh 2,7.48,623.0,800.0,831.0,877.0
Nova Scotia,Kings,Annapolis Valley First Nation,0.65,120.0,144.0,140.0,743.0
Nova Scotia,Kings,Berwick,6.53,2454.0,2454.0,2509.0,2455.0
Nova Scotia,Kings,Glooscap 35,1.71,60.0,59.0,81.0,111.0
Nova Scotia,Kings,Kentville,17.08,5815.0,6094.0,6271.0,6630.0
Nova Scotia,Kings,"Kings, Subd. A",1233.05,22161.0,22103.0,22234.0,22355.0
Nova Scotia,Kings,"Kings, Subd. B",346.02,12033.0,11990.0,11858.0,11951.0
Nova Scotia,Kings,"Kings, Subd. C",243.95,8121.0,8275.0,8093.0,8348.0
Nova Scotia,Kings,"Kings, Subd. D",264.86,5499.0,5201.0,5219.0,5264.0
Nova Scotia,Kings,Wolfville,6.46,3772.0,4269.0,4195.0,5057.0
Nova Scotia,Lunenburg,Bridgewater,13.63,7944.0,8241.0,8532.0,8790.0
Nova Scotia,Lunenburg,Chester,1120.61,10741.0,10599.0,10310.0,10693.0
Nova Scotia,Lunenburg,Gold River 21,2.79,65.0,77.0,95.0,81.0
Nova Scotia,Lunenburg,Lunenburg,1757.79,25164.0,25118.0,24863.0,25545.0
Nova Scotia,Lunenburg,Lunenburg,4.04,2317.0,2313.0,2263.0,2396.0
Nova Scotia,Lunenburg,Mahone Bay,3.12,904.0,943.0,1036.0,1064.0
Nova Scotia,Lunenburg,New Ross 20,4.05,0.0,0.0,0.0,0.0
Nova Scotia,Lunenburg,Pennal 19,0.44,15.0,22.0,27.0,30.0
Nova Scotia,Pictou,Fisher's Grant 24,1.54,429.0,467.0,485.0,449.0
Nova Scotia,Pictou,Merigomish Harbour 31,0.23,0.0,0.0,0.0,0.0
Nova Scotia,Pictou,New Glasgow,9.96,9455.0,9562.0,9075.0,9471.0
Nova Scotia,Pictou,Pictou,7.99,3813.0,3437.0,3186.0,3107.0
Nova Scotia,Pictou,"Pictou, Subd. A",769.64,6412.0,6397.0,6075.0,6153.0
Nova Scotia,Pictou,"Pictou, Subd. B",770.57,6103.0,6014.0,6174.0,6137.0
Nova Scotia,Pictou,"Pictou, Subd. C",1254.87,9038.0,8867.0,8443.0,8386.0
Nova Scotia,Pictou,Stellarton,8.99,4717.0,4485.0,4208.0,4007.0
Nova Scotia,Pictou,Trenton,6.07,2741.0,2616.0,2474.0,2407.0
Nova Scotia,Pictou,Westville,14.24,3805.0,3798.0,3628.0,3540.0
Nova Scotia,Queens,Ponhook Lake 10,1.11,15.0,10.0,15.0,15.0
Nova Scotia,Queens,Queens,2387.52,11177.0,10917.0,10302.0,10422.0
Nova Scotia,Queens,Wildcat 12,4.74,20.0,33.0,29.0,49.0
Nova Scotia,Richmond,Chapel Island 5,5.62,444.0,481.0,506.0,405.0
Nova Scotia,Richmond,"Richmond, Subd. A",464.88,4072.0,3953.0,3796.0,3763.0
Nova Scotia,Richmond,"Richmond, Subd. B",646.26,1769.0,1573.0,1512.0,1610.0
Nova Scotia,Richmond,"Richmond, Subd. C",129.32,3455.0,3286.0,3150.0,3136.0
Nova Scotia,Shelburne,Barrington,631.98,7331.0,6994.0,6646.0,6523.0
Nova Scotia,Shelburne,Clark's Harbour,2.82,860.0,820.0,758.0,725.0
Nova Scotia,Shelburne,Lockeport,2.32,646.0,588.0,531.0,476.0
Nova Scotia,Shelburne,Shelburne,1816.71,4828.0,4408.0,4288.0,4336.0
Nova Scotia,Shelburne,Shelburne,8.75,1879.0,1686.0,1743.0,1644.0
Nova Scotia,Victoria,"Victoria, Subd. A",1603.85,3046.0,2769.0,2567.0,2673.0
Nova Scotia,Victoria,"Victoria, Subd. B",1228.63,4140.0,3828.0,3985.0,4077.0
Nova Scotia,Victoria,Wagmatcook 1,3.72,408.0,518.0,537.0,691.0
Nova Scotia,Yarmouth,Argyle,1526.07,8656.0,8252.0,7899.0,7870.0
Nova Scotia,Yarmouth,Yarmouth,584.69,10304.0,10105.0,9845.0,10067.0
Nova Scotia,Yarmouth,Yarmouth,10.57,7162.0,6761.0,6518.0,6829.0
Nova Scotia,Yarmouth,Yarmouth 33,0.31,155.0,157.0,157.0,181.0
New Brunswick,Albert,Alma,47.64,301.0,232.0,213.0,282.0
New Brunswick,Albert,Alma,222.74,5.0,0.0,5.0,5.0
New Brunswick,Albert,Coverdale,236.0,4144.0,4401.0,4466.0,4766.0
New Brunswick,Albert,Elgin,519.54,973.0,968.0,892.0,1064.0
New Brunswick,Albert,Harvey,276.85,424.0,376.0,333.0,358.0
New Brunswick,Albert,Hillsborough,304.03,1473.0,1395.0,1308.0,1397.0
New Brunswick,Albert,Hillsborough,12.81,1292.0,1350.0,1277.0,1348.0
New Brunswick,Albert,Hopewell,149.14,798.0,643.0,647.0,597.0
New Brunswick,Albert,Riverside-Albert,3.39,320.0,353.0,350.0,348.0
New Brunswick,Albert,Riverview,34.1,17832.0,19128.0,19667.0,20584.0
New Brunswick,Carleton,Aberdeen,444.88,959.0,981.0,781.0,812.0
New Brunswick,Carleton,Bath,2.0,512.0,532.0,476.0,440.0
New Brunswick,Carleton,Brighton,509.3,1834.0,1764.0,1735.0,1596.0
New Brunswick,Carleton,Centreville,2.67,523.0,542.0,557.0,508.0
New Brunswick,Carleton,Florenceville-Bristol,15.74,1539.0,1639.0,1604.0,1573.0
New Brunswick,Carleton,Hartland,9.5,947.0,947.0,957.0,933.0
New Brunswick,Carleton,Kent,839.76,2361.0,2242.0,2153.0,1966.0
New Brunswick,Carleton,Northampton,243.31,1599.0,1825.0,1724.0,1875.0
New Brunswick,Carleton,Peel,112.74,1257.0,1223.0,1196.0,1198.0
New Brunswick,Carleton,Richmond,258.8,1414.0,1358.0,1303.0,1456.0
New Brunswick,Carleton,Simonds,75.57,489.0,565.0,473.0,514.0
New Brunswick,Carleton,Wakefield,196.31,2703.0,2814.0,2767.0,2722.0
New Brunswick,Carleton,Wicklow,195.5,1753.0,1738.0,1697.0,1591.0
New Brunswick,Carleton,Wilmot,191.4,1143.0,1085.0,1022.0,969.0
New Brunswick,Carleton,Woodstock,194.83,2148.0,2165.0,2178.0,2219.0
New Brunswick,Carleton,Woodstock,14.96,5113.0,5254.0,5228.0,5553.0
New Brunswick,Carleton,Woodstock 23,1.8,338.0,345.0,327.0,435.0
New Brunswick,Charlotte,Blacks Harbour,9.02,952.0,982.0,894.0,907.0
New Brunswick,Charlotte,Campobello Island,39.59,1056.0,925.0,872.0,949.0
New Brunswick,Charlotte,Clarendon,492.11,71.0,52.0,63.0,66.0
New Brunswick,Charlotte,Dufferin,12.34,535.0,573.0,573.0,565.0
New Brunswick,Charlotte,Dumbarton,373.2,356.0,368.0,335.0,346.0
New Brunswick,Charlotte,Grand Manan,5.96,190.0,162.0,145.0,139.0
New Brunswick,Charlotte,Grand Manan,150.56,2460.0,2377.0,2360.0,2595.0
New Brunswick,Charlotte,Lepreau,209.52,824.0,752.0,707.0,803.0
New Brunswick,Charlotte,Pennfield,363.75,2322.0,2218.0,2170.0,2222.0
New Brunswick,Charlotte,Saint Andrews,24.27,592.0,593.0,553.0,550.0
New Brunswick,Charlotte,Saint Andrews,8.35,1798.0,1889.0,1786.0,2048.0
New Brunswick,Charlotte,Saint Croix,78.6,670.0,616.0,657.0,648.0
New Brunswick,Charlotte,Saint David,190.39,1499.0,1605.0,1529.0,1470.0
New Brunswick,Charlotte,Saint George,500.05,2476.0,2472.0,2341.0,2495.0
New Brunswick,Charlotte,Saint James,552.9,1350.0,1241.0,1186.0,1024.0
New Brunswick,Charlotte,Saint Patrick,236.59,721.0,647.0,689.0,710.0
New Brunswick,Charlotte,Saint Stephen,102.83,2113.0,1986.0,1839.0,1671.0
New Brunswick,Charlotte,St. George,16.17,1309.0,1543.0,1517.0,1579.0
New Brunswick,Charlotte,St. Stephen,13.72,4780.0,4817.0,4415.0,4510.0
New Brunswick,Charlotte,West Isles,38.32,824.0,731.0,797.0,718.0
New Brunswick,Gloucester,Allardville,654.6,2151.0,2081.0,2032.0,1949.0
New Brunswick,Gloucester,Bas-Caraquet,30.93,1471.0,1380.0,1305.0,1311.0
New Brunswick,Gloucester,Bathurst,1502.74,5144.0,4979.0,4797.0,4761.0
New Brunswick,Gloucester,Bathurst,91.62,12714.0,12275.0,11897.0,12157.0
New Brunswick,Gloucester,Beresford,455.61,6301.0,6354.0,6248.0,6226.0
New Brunswick,Gloucester,Beresford,19.24,4264.0,4351.0,4288.0,4294.0
New Brunswick,Gloucester,Bertrand,57.01,1179.0,1137.0,1166.0,1153.0
New Brunswick,Gloucester,Caraquet,109.32,1511.0,1382.0,1337.0,1261.0
New Brunswick,Gloucester,Caraquet,68.13,4156.0,4169.0,4248.0,4285.0
New Brunswick,Gloucester,Grande-Anse,24.27,758.0,738.0,899.0,731.0
New Brunswick,Gloucester,Inkerman,107.63,4268.0,4247.0,2366.0,2373.0
New Brunswick,Gloucester,Lamèque,12.4,1422.0,1432.0,1285.0,1301.0
New Brunswick,Gloucester,Le Goulet,5.4,908.0,817.0,793.0,749.0
New Brunswick,Gloucester,Maisonnette,12.91,599.0,573.0,495.0,535.0
New Brunswick,Gloucester,New Bandon,359.28,1422.0,1195.0,1214.0,1200.0
New Brunswick,Gloucester,Nigadoo,7.65,927.0,952.0,963.0,997.0
New Brunswick,Gloucester,Pabineau 11,4.92,125.0,141.0,134.0,133.0
New Brunswick,Gloucester,Paquetville,220.42,2457.0,2700.0,2329.0,2250.0
New Brunswick,Gloucester,Paquetville,9.26,642.0,706.0,720.0,718.0
New Brunswick,Gloucester,Petit-Rocher,4.52,1949.0,1908.0,1897.0,1954.0
New Brunswick,Gloucester,Pointe-Verte,13.76,971.0,976.0,886.0,865.0
New Brunswick,Gloucester,Saint-Isidore,173.14,1652.0,1620.0,1361.0,1312.0
New Brunswick,Gloucester,Saint-Isidore,22.94,796.0,748.0,764.0,810.0
New Brunswick,Gloucester,Saint-Léolin,19.73,733.0,488.0,647.0,615.0
New Brunswick,Gloucester,Sainte-Marie-Saint-Raphaël,15.84,993.0,955.0,879.0,820.0
New Brunswick,Gloucester,Shippagan,204.52,5370.0,5032.0,4800.0,4781.0
New Brunswick,Gloucester,Shippagan,9.96,2754.0,2603.0,2580.0,2672.0
New Brunswick,Kent,Acadieville,332.08,826.0,744.0,709.0,752.0
New Brunswick,Kent,Bouctouche,18.33,2383.0,2423.0,2361.0,2513.0
New Brunswick,Kent,Buctouche 16,0.38,82.0,85.0,96.0,101.0
New Brunswick,Kent,Carleton,435.23,902.0,770.0,708.0,764.0
New Brunswick,Kent,Dundas,172.32,6356.0,6282.0,3914.0,4332.0
New Brunswick,Kent,Harcourt,1169.2,426.0,390.0,346.0,346.0
New Brunswick,Kent,Huskisson,369.31,49.0,25.0,15.0,5.0
New Brunswick,Kent,Indian Island 28,0.4,97.0,97.0,153.0,116.0
New Brunswick,Kent,Rexton,6.29,862.0,818.0,830.0,874.0
New Brunswick,Kent,Richibucto,249.21,2022.0,1986.0,1872.0,2085.0
New Brunswick,Kent,Richibucto,11.9,1290.0,1286.0,1266.0,1411.0
New Brunswick,Kent,Richibucto 15,15.38,1897.0,1985.0,1942.0,2062.0
New Brunswick,Kent,Saint Mary,238.32,1989.0,2008.0,1972.0,1991.0
New Brunswick,Kent,Saint-Antoine,6.32,1546.0,1770.0,1733.0,1791.0
New Brunswick,Kent,Saint-Charles,175.07,2093.0,1982.0,1997.0,2024.0
New Brunswick,Kent,Saint-Louis,258.65,1901.0,1741.0,1802.0,1760.0
New Brunswick,Kent,Saint-Louis de Kent,1.98,960.0,930.0,856.0,981.0
New Brunswick,Kent,Saint-Paul,228.41,858.0,866.0,842.0,877.0
New Brunswick,Kent,Weldford,607.56,1426.0,1318.0,1333.0,1335.0
New Brunswick,Kent,Wellington,184.8,3484.0,3327.0,3079.0,3292.0
New Brunswick,Kings,Cardwell,311.87,1479.0,1414.0,1353.0,1401.0
New Brunswick,Kings,Grand Bay-Westfield,59.82,4981.0,5117.0,4964.0,4967.0
New Brunswick,Kings,Greenwich,114.56,1043.0,1047.0,1058.0,1126.0
New Brunswick,Kings,Hammond,244.24,339.0,295.0,251.0,276.0
New Brunswick,Kings,Hampton,121.24,2724.0,2734.0,2809.0,2969.0
New Brunswick,Kings,Hampton,20.97,4004.0,4292.0,4289.0,4395.0
New Brunswick,Kings,Havelock,349.22,1189.0,1158.0,1061.0,1042.0
New Brunswick,Kings,Kars,75.54,424.0,407.0,325.0,377.0
New Brunswick,Kings,Kingston,200.41,2888.0,2952.0,2913.0,3202.0
New Brunswick,Kings,Norton,144.77,1209.0,1296.0,1301.0,1325.0
New Brunswick,Kings,Norton,75.35,1314.0,1301.0,1382.0,1410.0
New Brunswick,Kings,Quispamsis,56.97,15239.0,17886.0,18245.0,18768.0
New Brunswick,Kings,Rothesay,7.26,350.0,347.0,325.0,342.0
New Brunswick,Kings,Rothesay,34.59,11637.0,11947.0,11659.0,11977.0
New Brunswick,Kings,Springfield,248.53,1572.0,1652.0,1525.0,1641.0
New Brunswick,Kings,Studholm,448.98,3526.0,3612.0,3522.0,3527.0
New Brunswick,Kings,Sussex,243.99,2427.0,2529.0,2516.0,2579.0
New Brunswick,Kings,Sussex,8.9,4241.0,4312.0,4282.0,4440.0
New Brunswick,Kings,Sussex Corner,9.32,1413.0,1495.0,1461.0,1458.0
New Brunswick,Kings,Upham,189.21,1267.0,1306.0,1269.0,1357.0
New Brunswick,Kings,Waterford,221.27,505.0,458.0,469.0,491.0
New Brunswick,Kings,Westfield,295.34,2053.0,2108.0,1962.0,2114.0
New Brunswick,Madawaska,Edmundston,106.84,16643.0,16032.0,16580.0,16437.0
New Brunswick,Madawaska,Lac Baker,37.24,705.0,719.0,690.0,685.0
New Brunswick,Madawaska,Madawaska,173.42,10.0,0.0,10.0,0.0
New Brunswick,Madawaska,Notre-Dame-de-Lourdes,186.3,284.0,263.0,275.0,253.0
New Brunswick,Madawaska,Rivière-Verte,6.91,798.0,744.0,724.0,744.0
New Brunswick,Madawaska,Rivière-Verte,715.72,791.0,686.0,711.0,657.0
New Brunswick,Madawaska,Saint-André,136.19,868.0,819.0,1901.0,1794.0
New Brunswick,Madawaska,Saint-Basile,129.96,799.0,717.0,592.0,736.0
New Brunswick,Madawaska,Saint-Jacques,298.44,1607.0,1599.0,1596.0,1652.0
New Brunswick,Madawaska,Saint-Joseph,321.42,1696.0,2171.0,1538.0,1549.0
New Brunswick,Madawaska,Saint-Léonard,344.85,1039.0,1052.0,975.0,858.0
New Brunswick,Madawaska,Saint-Léonard,5.34,1352.0,1343.0,1300.0,1322.0
New Brunswick,Madawaska,Sainte-Anne,368.76,1081.0,949.0,964.0,936.0
New Brunswick,Madawaska,Sainte-Anne-de-Madawaska,8.97,1073.0,1002.0,957.0,891.0
New Brunswick,Madawaska,St. Basile 10,3.07,166.0,205.0,214.0,369.0
New Brunswick,Northumberland,Alnwick,668.84,6152.0,5922.0,3640.0,3615.0
New Brunswick,Northumberland,Big Hole Tract 8 (South Half),15.14,69.0,34.0,23.0,16.0
New Brunswick,Northumberland,Blackville,823.93,2347.0,2215.0,2028.0,1996.0
New Brunswick,Northumberland,Blackville,20.97,931.0,990.0,958.0,914.0
New Brunswick,Northumberland,Blissfield,1235.57,560.0,501.0,451.0,491.0
New Brunswick,Northumberland,Chatham,22.7,502.0,522.0,511.0,527.0
New Brunswick,Northumberland,Derby,61.0,1068.0,998.0,976.0,938.0
New Brunswick,Northumberland,Doaktown,29.09,888.0,793.0,792.0,808.0
New Brunswick,Northumberland,Eel Ground 2,10.9,503.0,448.0,532.0,545.0
New Brunswick,Northumberland,Esgenoôpetitj 14,9.55,1120.0,1046.0,1179.0,1223.0
New Brunswick,Northumberland,Glenelg,504.78,1652.0,1610.0,1560.0,1532.0
New Brunswick,Northumberland,Hardwicke,275.95,2484.0,2329.0,2201.0,2203.0
New Brunswick,Northumberland,Miramichi,178.98,18129.0,17811.0,17537.0,17692.0
New Brunswick,Northumberland,Neguac,26.72,1623.0,1678.0,1684.0,1692.0
New Brunswick,Northumberland,Nelson,353.68,814.0,935.0,952.0,929.0
New Brunswick,Northumberland,Newcastle,578.7,1209.0,1220.0,1136.0,1149.0
New Brunswick,Northumberland,Northesk,3346.76,2480.0,2352.0,2263.0,2169.0
New Brunswick,Northumberland,Red Bank 4,16.09,383.0,352.0,309.0,400.0
New Brunswick,Northumberland,Rogersville,326.27,1247.0,1213.0,1102.0,1072.0
New Brunswick,Northumberland,Rogersville,7.19,1165.0,1170.0,1166.0,1193.0
New Brunswick,Northumberland,Southesk,2462.6,1964.0,1833.0,1694.0,1666.0
New Brunswick,Northumberland,Tabusintac 9,22.11,10.0,10.0,10.0,20.0
New Brunswick,Northumberland,Upper Miramichi,1832.97,2414.0,2373.0,2218.0,2175.0
New Brunswick,Queens,Brunswick,703.2,242.0,192.0,203.0,224.0
New Brunswick,Queens,Cambridge,113.17,682.0,651.0,647.0,684.0
New Brunswick,Queens,Cambridge-Narrows,106.79,717.0,620.0,562.0,715.0
New Brunswick,Queens,Canning,173.25,950.0,952.0,924.0,1028.0
New Brunswick,Queens,Chipman,483.45,1056.0,962.0,913.0,853.0
New Brunswick,Queens,Chipman,19.0,1291.0,1236.0,1104.0,1201.0
New Brunswick,Queens,Gagetown,234.58,297.0,316.0,311.0,324.0
New Brunswick,Queens,Gagetown,49.32,719.0,698.0,711.0,787.0
New Brunswick,Queens,Hampstead,212.39,278.0,294.0,277.0,288.0
New Brunswick,Queens,Johnston,360.87,684.0,660.0,560.0,638.0
New Brunswick,Queens,Minto,31.36,2681.0,2505.0,2305.0,2234.0
New Brunswick,Queens,Petersville,589.95,758.0,723.0,681.0,710.0
New Brunswick,Queens,Waterborough,443.16,893.0,851.0,847.0,903.0
New Brunswick,Queens,Wickham,160.54,460.0,426.0,427.0,409.0
New Brunswick,Restigouche,Addington,933.0,2727.0,2615.0,656.0,698.0
New Brunswick,Restigouche,Atholville,119.58,1317.0,1237.0,3570.0,3290.0
New Brunswick,Restigouche,Balmoral,1088.01,619.0,602.0,278.0,309.0
New Brunswick,Restigouche,Balmoral,43.33,1706.0,1719.0,1674.0,1603.0
New Brunswick,Restigouche,Belledune,189.18,1711.0,1548.0,1417.0,1325.0
New Brunswick,Restigouche,Campbellton,18.57,7384.0,7385.0,6883.0,7047.0
New Brunswick,Restigouche,Charlo,31.45,1386.0,1324.0,1310.0,1323.0
New Brunswick,Restigouche,Colborne,753.38,234.0,202.0,227.0,266.0
New Brunswick,Restigouche,Dalhousie,62.62,2313.0,2247.0,1067.0,1090.0
New Brunswick,Restigouche,Dalhousie,15.12,3676.0,3512.0,3126.0,3223.0
New Brunswick,Restigouche,Durham,409.78,1303.0,1207.0,1076.0,950.0
New Brunswick,Restigouche,Eel River 3,1.45,312.0,320.0,329.0,342.0
New Brunswick,Restigouche,Eel River Crossing,65.26,1168.0,1209.0,1953.0,1844.0
New Brunswick,Restigouche,Eldon,1688.58,779.0,698.0,672.0,674.0
New Brunswick,Restigouche,Indian Ranch,0.58,45.0,60.0,89.0,134.0
New Brunswick,Restigouche,Saint-Quentin,2474.01,1578.0,1489.0,1532.0,1504.0
New Brunswick,Restigouche,Saint-Quentin,4.24,2250.0,2095.0,2194.0,2141.0
New Brunswick,Restigouche,Tide Head,19.34,1075.0,1036.0,938.0,951.0
New Brunswick,Saint John,Musquash,233.06,1235.0,1200.0,1194.0,1253.0
New Brunswick,Saint John,Saint John,315.59,68043.0,70063.0,67575.0,69895.0
New Brunswick,Saint John,Saint Martins,629.0,1198.0,1145.0,1132.0,1177.0
New Brunswick,Saint John,Simonds,281.06,3759.0,3828.0,3843.0,3913.0
New Brunswick,Saint John,St. Martins,2.35,386.0,314.0,276.0,320.0
New Brunswick,Sunbury,Blissville,341.74,848.0,926.0,819.0,777.0
New Brunswick,Sunbury,Burton,258.39,5019.0,5421.0,5119.0,5176.0
New Brunswick,Sunbury,Fredericton Junction,23.85,715.0,752.0,704.0,719.0
New Brunswick,Sunbury,Gladstone,362.08,538.0,485.0,452.0,486.0
New Brunswick,Sunbury,Lincoln,159.44,5764.0,6458.0,7177.0,7519.0
New Brunswick,Sunbury,Maugerville,919.94,1715.0,1776.0,1831.0,1772.0
New Brunswick,Sunbury,Northfield,303.27,729.0,643.0,620.0,577.0
New Brunswick,Sunbury,Oromocto,22.36,8402.0,8932.0,9223.0,9045.0
New Brunswick,Sunbury,Oromocto 26,1.18,284.0,286.0,282.0,295.0
New Brunswick,Sunbury,Sheffield,271.29,909.0,853.0,809.0,888.0
New Brunswick,Sunbury,Tracy,29.44,619.0,611.0,608.0,610.0
New Brunswick,Victoria,Andover,123.42,856.0,942.0,891.0,879.0
New Brunswick,Victoria,Aroostook,2.23,346.0,351.0,306.0,313.0
New Brunswick,Victoria,Denmark,751.08,1688.0,1592.0,1471.0,1424.0
New Brunswick,Victoria,Drummond,1013.66,2265.0,2250.0,2157.0,2095.0
New Brunswick,Victoria,Drummond,8.88,839.0,775.0,737.0,729.0
New Brunswick,Victoria,Gordon,1430.19,1786.0,1567.0,1493.0,1559.0
New Brunswick,Victoria,Grand Falls,158.09,1188.0,1172.0,1109.0,1077.0
New Brunswick,Victoria,Grand Falls / Grand-Sault,18.04,5650.0,5706.0,5326.0,5220.0
New Brunswick,Victoria,Lorne,1632.21,617.0,518.0,464.0,313.0
New Brunswick,Victoria,Perth,318.1,1259.0,1096.0,1082.0,1047.0
New Brunswick,Victoria,Perth-Andover,8.96,1797.0,1778.0,1590.0,1574.0
New Brunswick,Victoria,Plaster Rock,3.01,1150.0,1135.0,1023.0,1002.0
New Brunswick,Victoria,Tobique 20,24.98,878.0,1039.0,968.0,1080.0
New Brunswick,Westmorland,Beaubassin East / Beaubassin-est,291.02,6429.0,6200.0,6376.0,6718.0
New Brunswick,Westmorland,Botsford,304.62,1203.0,1074.0,1058.0,1120.0
New Brunswick,Westmorland,Cap-Pelé,22.96,2279.0,2256.0,2425.0,2441.0
New Brunswick,Westmorland,Dieppe,77.02,18565.0,23310.0,25384.0,28114.0
New Brunswick,Westmorland,Dorchester,90.13,460.0,477.0,429.0,438.0
New Brunswick,Westmorland,Dorchester,5.71,1119.0,1167.0,1096.0,906.0
New Brunswick,Westmorland,Fort Folly 1,0.55,45.0,48.0,40.0,36.0
New Brunswick,Westmorland,Memramcook,186.64,4638.0,4831.0,4778.0,5029.0
New Brunswick,Westmorland,Moncton,564.16,8861.0,9421.0,9811.0,10704.0
New Brunswick,Westmorland,Moncton,140.67,64128.0,69074.0,71889.0,79470.0
New Brunswick,Westmorland,Petitcodiac,17.18,1368.0,1429.0,1383.0,1476.0
New Brunswick,Westmorland,Port Elgin,2.65,451.0,418.0,408.0,381.0
New Brunswick,Westmorland,Sackville,578.9,1174.0,1336.0,1182.0,1204.0
New Brunswick,Westmorland,Sackville,73.91,5411.0,5558.0,5331.0,6099.0
New Brunswick,Westmorland,Salisbury,874.0,3425.0,3417.0,3388.0,3377.0
New Brunswick,Westmorland,Salisbury,13.56,2036.0,2208.0,2284.0,2387.0
New Brunswick,Westmorland,Shediac,178.79,4801.0,4917.0,4789.0,5144.0
New Brunswick,Westmorland,Shediac,64.0,5497.0,6053.0,6664.0,7535.0
New Brunswick,Westmorland,Westmorland,173.27,959.0,964.0,908.0,997.0
New Brunswick,York,Bright,403.73,3159.0,3068.0,3289.0,3317.0
New Brunswick,York,Canterbury,550.7,555.0,609.0,525.0,552.0
New Brunswick,York,Canterbury,5.32,360.0,331.0,336.0,320.0
New Brunswick,York,Devon 30,2.72,767.0,864.0,1038.0,1070.0
New Brunswick,York,Douglas,1443.31,5774.0,6081.0,5703.0,5935.0
New Brunswick,York,Dumfries,298.51,369.0,373.0,356.0,420.0
New Brunswick,York,Fredericton,133.93,50535.0,56224.0,58721.0,63116.0
New Brunswick,York,Harvey,2.46,352.0,363.0,358.0,402.0
New Brunswick,York,Kingsclear,150.11,6689.0,7391.0,2822.0,2839.0
New Brunswick,York,Kingsclear 6,3.79,465.0,490.0,493.0,518.0
New Brunswick,York,Manners Sutton,524.75,1863.0,1806.0,1777.0,1920.0
New Brunswick,York,McAdam,14.19,1404.0,1284.0,1151.0,1173.0
New Brunswick,York,McAdam,534.77,80.0,27.0,73.0,61.0
New Brunswick,York,Meductic,6.26,155.0,270.0,215.0,180.0
New Brunswick,York,Millville,12.14,303.0,307.0,273.0,274.0
New Brunswick,York,Nackawic,7.68,977.0,1049.0,941.0,962.0
New Brunswick,York,New Maryland,375.02,2348.0,2466.0,2606.0,2806.0
New Brunswick,York,New Maryland,21.25,4248.0,4232.0,4174.0,4153.0
New Brunswick,York,North Lake,439.6,300.0,243.0,233.0,282.0
New Brunswick,York,Prince William,284.39,879.0,895.0,930.0,1083.0
New Brunswick,York,Queensbury,294.35,1215.0,1272.0,1174.0,1237.0
New Brunswick,York,Saint Marys,751.9,4224.0,4733.0,4837.0,5084.0
New Brunswick,York,Southampton,446.85,1601.0,1538.0,1484.0,1497.0
New Brunswick,York,Stanley,1218.38,971.0,903.0,832.0,920.0
New Brunswick,York,Stanley,16.93,433.0,419.0,412.0,397.0
Quebec,Abitibi,Amos,429.04,12584.0,12671.0,12823.0,12675.0
Quebec,Abitibi,Barraute,493.04,2062.0,1980.0,1968.0,1986.0
Quebec,Abitibi,Berry,575.07,560.0,625.0,538.0,535.0
Quebec,Abitibi,Champneuf,241.32,130.0,127.0,123.0,94.0
Quebec,Abitibi,La Corne,308.13,682.0,700.0,719.0,778.0
Quebec,Abitibi,La Morandière,407.35,262.0,233.0,207.0,205.0
Quebec,Abitibi,La Motte,175.48,395.0,457.0,453.0,478.0
Quebec,Abitibi,Lac-Chicobi,716.01,176.0,203.0,136.0,161.0
Quebec,Abitibi,Lac-Despinassy,1848.65,25.0,15.0,10.0,21.0
Quebec,Abitibi,Landrienne,275.93,986.0,977.0,967.0,897.0
Quebec,Abitibi,Launay,257.8,226.0,229.0,218.0,211.0
Quebec,Abitibi,Pikogan,1.0,487.0,538.0,538.0,540.0
Quebec,Abitibi,Preissac,422.13,726.0,786.0,835.0,914.0
Quebec,Abitibi,Rochebaucourt,183.63,177.0,161.0,131.0,146.0
Quebec,Abitibi,Saint-Dominique-du-Rosaire,479.89,447.0,434.0,450.0,434.0
Quebec,Abitibi,Saint-Félix-de-Dalquier,113.15,936.0,856.0,940.0,1026.0
Quebec,Abitibi,Saint-Marc-de-Figuery,80.79,692.0,771.0,834.0,868.0
Quebec,Abitibi,Saint-Mathieu-d'Harricana,105.86,716.0,696.0,739.0,770.0
Quebec,Abitibi,Sainte-Gertrude-Manneville,316.46,811.0,757.0,787.0,793.0
Quebec,Abitibi,Trécesson,196.89,1195.0,1138.0,1223.0,1232.0
Quebec,Abitibi-Ouest,Authier,142.22,247.0,282.0,268.0,290.0
Quebec,Abitibi-Ouest,Authier-Nord,278.05,317.0,273.0,300.0,288.0
Quebec,Abitibi-Ouest,Chazel,133.55,321.0,289.0,289.0,254.0
Quebec,Abitibi-Ouest,Clermont,156.66,534.0,482.0,492.0,484.0
Quebec,Abitibi-Ouest,Clerval,99.17,358.0,364.0,371.0,373.0
Quebec,Abitibi-Ouest,Duparquet,121.17,639.0,657.0,666.0,716.0
Quebec,Abitibi-Ouest,Dupuy,122.43,955.0,930.0,931.0,940.0
Quebec,Abitibi-Ouest,Gallichan,73.61,458.0,484.0,468.0,488.0
Quebec,Abitibi-Ouest,La Reine,97.63,362.0,340.0,339.0,307.0
Quebec,Abitibi-Ouest,La Sarre,148.36,7336.0,7719.0,7282.0,7358.0
Quebec,Abitibi-Ouest,Lac-Duparquet,113.66,0.0,0.0,0.0,0.0
Quebec,Abitibi-Ouest,Macamic,202.05,2726.0,2734.0,2751.0,2744.0
Quebec,Abitibi-Ouest,Normétal,55.25,886.0,856.0,808.0,778.0
Quebec,Abitibi-Ouest,Palmarolle,117.87,1453.0,1465.0,1409.0,1386.0
Quebec,Abitibi-Ouest,Poularies,168.19,693.0,679.0,682.0,662.0
Quebec,Abitibi-Ouest,Rapide-Danseur,173.73,273.0,312.0,328.0,380.0
Quebec,Abitibi-Ouest,Rivière-Ojima,354.47,126.0,104.0,86.0,60.0
Quebec,Abitibi-Ouest,Roquemaure,120.02,402.0,414.0,395.0,409.0
Quebec,Abitibi-Ouest,Saint-Lambert,99.81,222.0,211.0,194.0,191.0
Quebec,Abitibi-Ouest,Sainte-Germaine-Boulé,110.04,942.0,895.0,986.0,941.0
Quebec,Abitibi-Ouest,Sainte-Hélène-de-Mancebourg,68.15,375.0,354.0,373.0,410.0
Quebec,Abitibi-Ouest,Taschereau,246.97,996.0,981.0,963.0,898.0
Quebec,Abitibi-Ouest,Val-Saint-Gilles,109.39,171.0,178.0,157.0,169.0
Quebec,Acton,Acton Vale,91.01,7584.0,7664.0,7656.0,7605.0
Quebec,Acton,Béthanie,47.01,331.0,314.0,322.0,350.0
Quebec,Acton,Roxton,148.93,1016.0,1093.0,1086.0,1115.0
Quebec,Acton,Roxton Falls,4.94,1305.0,1265.0,1305.0,1322.0
Quebec,Acton,Saint-Nazaire-d'Acton,58.04,832.0,826.0,884.0,880.0
Quebec,Acton,Saint-Théodore-d'Acton,82.82,1494.0,1471.0,1519.0,1564.0
Quebec,Acton,Sainte-Christine,92.12,773.0,673.0,730.0,772.0
Quebec,Acton,Upton,54.77,1954.0,2075.0,2092.0,2046.0
Quebec,Antoine-Labelle,Baie-des-Chaloupes,890.15,0.0,0.0,0.0,0.0
Quebec,Antoine-Labelle,Chute-Saint-Philippe,298.64,890.0,892.0,942.0,1039.0
Quebec,Antoine-Labelle,Ferme-Neuve,786.19,3006.0,2822.0,2706.0,2716.0
Quebec,Antoine-Labelle,Kiamika,337.53,779.0,772.0,757.0,790.0
Quebec,Antoine-Labelle,L'Ascension,334.82,861.0,844.0,791.0,899.0
Quebec,Antoine-Labelle,La Macaza,161.42,980.0,1053.0,1150.0,1094.0
Quebec,Antoine-Labelle,Lac-Akonapwehikan,7.54,0.0,0.0,0.0,0.0
Quebec,Antoine-Labelle,Lac-Bazinet,1536.22,0.0,0.0,0.0,0.0
Quebec,Antoine-Labelle,Lac-De La Bidière,1530.44,0.0,0.0,0.0,0.0
Quebec,Antoine-Labelle,Lac-Douaire,1957.99,0.0,5.0,5.0,5.0
Quebec,Antoine-Labelle,Lac-Ernest,339.3,0.0,0.0,0.0,0.0
Quebec,Antoine-Labelle,Lac-Marguerite,803.59,0.0,0.0,0.0,0.0
Quebec,Antoine-Labelle,Lac-Oscar,1667.85,0.0,5.0,0.0,0.0
Quebec,Antoine-Labelle,Lac-Saguay,171.88,492.0,446.0,459.0,526.0
Quebec,Antoine-Labelle,Lac-Saint-Paul,170.72,521.0,481.0,481.0,525.0
Quebec,Antoine-Labelle,Lac-Wagwabika,4.13,0.0,0.0,0.0,0.0
Quebec,Antoine-Labelle,Lac-de-la-Maison-de-Pierre,472.88,0.0,0.0,0.0,0.0
Quebec,Antoine-Labelle,Lac-de-la-Pomme,50.27,0.0,0.0,0.0,0.0
Quebec,Antoine-Labelle,Lac-des-Écorces,144.3,2884.0,2713.0,2734.0,2885.0
Quebec,Antoine-Labelle,Lac-du-Cerf,71.73,424.0,415.0,435.0,445.0
Quebec,Antoine-Labelle,Mont-Laurier,587.42,13405.0,13779.0,14116.0,14180.0
Quebec,Antoine-Labelle,Mont-Saint-Michel,138.16,625.0,633.0,576.0,581.0
Quebec,Antoine-Labelle,Nominingue,303.89,2317.0,2019.0,2137.0,2255.0
Quebec,Antoine-Labelle,Notre-Dame-de-Pontmain,259.9,712.0,720.0,782.0,790.0
Quebec,Antoine-Labelle,Notre-Dame-du-Laus,849.1,1564.0,1518.0,1558.0,1730.0
Quebec,Antoine-Labelle,Rivière-Rouge,451.43,4152.0,4645.0,4322.0,4631.0
Quebec,Antoine-Labelle,Saint-Aimé-du-Lac-des-Îles,161.61,774.0,778.0,790.0,815.0
Quebec,Antoine-Labelle,Sainte-Anne-du-Lac,320.73,613.0,619.0,575.0,556.0
Quebec,Argenteuil,Brownsburg-Chatham,244.46,6664.0,7209.0,7122.0,7247.0
Quebec,Argenteuil,Gore,90.04,1540.0,1775.0,1904.0,2283.0
Quebec,Argenteuil,Grenville,2.82,1398.0,1577.0,1711.0,1816.0
Quebec,Argenteuil,Grenville-sur-la-Rouge,313.61,2721.0,2746.0,2824.0,2883.0
Quebec,Argenteuil,Harrington,233.65,777.0,853.0,846.0,967.0
Quebec,Argenteuil,Lachute,108.66,11832.0,12551.0,12862.0,14100.0
Quebec,Argenteuil,Mille-Isles,58.73,1480.0,1629.0,1567.0,1721.0
Quebec,Argenteuil,Saint-André-d'Argenteuil,97.69,3097.0,3275.0,3020.0,3053.0
Quebec,Argenteuil,Wentworth,85.03,483.0,502.0,533.0,682.0
Quebec,Arthabaska,Chesterville,116.72,894.0,891.0,922.0,877.0
Quebec,Arthabaska,Ham-Nord,103.98,890.0,832.0,869.0,857.0
Quebec,Arthabaska,Kingsey Falls,69.36,2086.0,2000.0,1947.0,1986.0
Quebec,Arthabaska,Maddington Falls,23.82,412.0,443.0,413.0,428.0
Quebec,Arthabaska,Notre-Dame-de-Ham,31.05,424.0,414.0,411.0,414.0
Quebec,Arthabaska,Saint-Albert,69.43,1501.0,1526.0,1601.0,1640.0
Quebec,Arthabaska,Saint-Christophe-d'Arthabaska,68.96,2709.0,2892.0,3021.0,3111.0
Quebec,Arthabaska,Saint-Louis-de-Blandford,104.36,985.0,903.0,1011.0,1076.0
Quebec,Arthabaska,Saint-Norbert-d'Arthabaska,102.98,1123.0,1185.0,1157.0,1247.0
Quebec,Arthabaska,Saint-Rosaire,109.53,776.0,838.0,843.0,932.0
Quebec,Arthabaska,Saint-Rémi-de-Tingwick,72.97,468.0,474.0,458.0,446.0
Quebec,Arthabaska,Saint-Samuel,43.21,673.0,743.0,744.0,765.0
Quebec,Arthabaska,Saint-Valère,108.1,1299.0,1286.0,1263.0,1188.0
Quebec,Arthabaska,Sainte-Clotilde-de-Horton,114.66,1560.0,1616.0,1569.0,1563.0
Quebec,Arthabaska,Sainte-Hélène-de-Chester,83.72,357.0,358.0,374.0,384.0
Quebec,Arthabaska,Sainte-Séraphine,75.86,401.0,378.0,355.0,441.0
Quebec,Arthabaska,Sainte-Élizabeth-de-Warwick,51.87,368.0,374.0,372.0,383.0
Quebec,Arthabaska,Saints-Martyrs-Canadiens,111.4,253.0,227.0,254.0,277.0
Quebec,Arthabaska,Tingwick,169.48,1458.0,1395.0,1410.0,1484.0
Quebec,Arthabaska,Victoriaville,84.33,40486.0,43462.0,46130.0,47760.0
Quebec,Arthabaska,Warwick,109.6,4804.0,4766.0,4635.0,4729.0
Quebec,Avignon,Carleton-sur-Mer,221.48,4077.0,3991.0,4073.0,4081.0
Quebec,Avignon,Escuminac,108.7,645.0,588.0,544.0,575.0
Quebec,Avignon,L'Ascension-de-Patapédia,95.98,214.0,190.0,164.0,148.0
Quebec,Avignon,Maria,94.88,2401.0,2536.0,2615.0,2760.0
Quebec,Avignon,Matapédia,71.59,696.0,664.0,645.0,566.0
Quebec,Avignon,Nouvelle,234.66,1815.0,1689.0,1681.0,1782.0
Quebec,Avignon,Pointe-à-la-Croix,390.73,1587.0,1472.0,1408.0,1344.0
Quebec,Avignon,Ristigouche-Partie-Sud-Est,51.76,173.0,167.0,171.0,170.0
Quebec,Avignon,Rivière-Nouvelle,1087.6,0.0,0.0,0.0,0.0
Quebec,Avignon,Ruisseau-Ferguson,675.94,0.0,0.0,0.0,0.0
Quebec,Avignon,Saint-Alexis-de-Matapédia,84.91,625.0,548.0,500.0,519.0
Quebec,Avignon,Saint-André-de-Restigouche,143.37,192.0,157.0,161.0,154.0
Quebec,Avignon,Saint-François-d'Assise,179.34,743.0,706.0,644.0,679.0
Quebec,Beauce-Sartigan,La Guadeloupe,32.84,1758.0,1787.0,1707.0,1805.0
Quebec,Beauce-Sartigan,Lac-Poulin,0.88,135.0,134.0,147.0,171.0
Quebec,Beauce-Sartigan,Notre-Dame-des-Pins,24.09,1065.0,1227.0,1594.0,1812.0
Quebec,Beauce-Sartigan,Saint-Benoît-Labre,85.65,1613.0,1612.0,1630.0,1617.0
Quebec,Beauce-Sartigan,Saint-Côme--Linière,150.45,3260.0,3274.0,3239.0,3278.0
Quebec,Beauce-Sartigan,Saint-Georges,199.08,29616.0,31173.0,32513.0,32935.0
Quebec,Beauce-Sartigan,Saint-Gédéon-de-Beauce,197.37,2351.0,2277.0,2205.0,2093.0
Quebec,Beauce-Sartigan,Saint-Hilaire-de-Dorset,186.77,104.0,50.0,95.0,96.0
Quebec,Beauce-Sartigan,Saint-Honoré-de-Shenley,133.96,1644.0,1610.0,1517.0,1555.0
Quebec,Beauce-Sartigan,Saint-Martin,118.0,2543.0,2462.0,2477.0,2588.0
Quebec,Beauce-Sartigan,Saint-Philibert,57.16,387.0,367.0,369.0,379.0
Quebec,Beauce-Sartigan,Saint-René,61.54,612.0,658.0,745.0,946.0
Quebec,Beauce-Sartigan,Saint-Simon-les-Mines,47.43,473.0,496.0,549.0,573.0
Quebec,Beauce-Sartigan,Saint-Théophile,427.78,776.0,743.0,713.0,702.0
Quebec,Beauce-Sartigan,Saint-Éphrem-de-Beauce,118.9,2627.0,2567.0,2400.0,2323.0
Quebec,Beauce-Sartigan,Saint-Évariste-de-Forsyth,110.85,647.0,525.0,545.0,511.0
Quebec,Beauharnois-Salaberry,Beauharnois,68.22,11918.0,12011.0,12884.0,13638.0
Quebec,Beauharnois-Salaberry,Saint-Louis-de-Gonzague,77.04,1404.0,1389.0,1481.0,1950.0
Quebec,Beauharnois-Salaberry,Saint-Stanislas-de-Kostka,57.69,1668.0,1553.0,1654.0,1852.0
Quebec,Beauharnois-Salaberry,Saint-Urbain-Premier,53.28,1129.0,1148.0,1264.0,1332.0
Quebec,Beauharnois-Salaberry,Saint-Étienne-de-Beauharnois,40.63,774.0,806.0,831.0,1099.0
Quebec,Beauharnois-Salaberry,Sainte-Martine,63.06,4237.0,4966.0,5461.0,5664.0
Quebec,Beauharnois-Salaberry,Salaberry-de-Valleyfield,108.56,39672.0,40077.0,40745.0,42787.0
Quebec,Bellechasse,Armagh,167.99,1613.0,1491.0,1488.0,1439.0
Quebec,Bellechasse,Beaumont,44.57,2180.0,2420.0,2942.0,2968.0
Quebec,Bellechasse,Honfleur,50.67,794.0,765.0,849.0,881.0
Quebec,Bellechasse,La Durantaye,34.99,703.0,722.0,755.0,782.0
Quebec,Bellechasse,Notre-Dame-Auxiliatrice-de-Buckland,94.71,815.0,785.0,768.0,767.0
Quebec,Bellechasse,Saint-Anselme,74.22,3220.0,3458.0,3938.0,4047.0
Quebec,Bellechasse,Saint-Charles-de-Bellechasse,93.3,2159.0,2246.0,2396.0,2583.0
Quebec,Bellechasse,Saint-Damien-de-Buckland,82.04,1951.0,2071.0,1956.0,1893.0
Quebec,Bellechasse,Saint-Gervais,89.33,1926.0,2058.0,2153.0,2138.0
Quebec,Bellechasse,Saint-Henri,122.61,4094.0,5023.0,5611.0,5813.0
Quebec,Bellechasse,Saint-Lazare-de-Bellechasse,85.93,1155.0,1172.0,1288.0,1332.0
Quebec,Bellechasse,Saint-Léon-de-Standon,136.88,1237.0,1128.0,1127.0,1042.0
Quebec,Bellechasse,Saint-Malachie,101.07,1408.0,1489.0,1517.0,1667.0
Quebec,Bellechasse,Saint-Michel-de-Bellechasse,43.08,1669.0,1816.0,1813.0,1871.0
Quebec,Bellechasse,Saint-Nazaire-de-Dorchester,51.56,385.0,355.0,363.0,338.0
Quebec,Bellechasse,Saint-Nérée-de-Bellechasse,75.76,789.0,743.0,742.0,744.0
Quebec,Bellechasse,Saint-Philémon,146.51,790.0,742.0,714.0,680.0
Quebec,Bellechasse,Saint-Raphaël,121.69,2301.0,2463.0,2390.0,2458.0
Quebec,Bellechasse,Saint-Vallier,44.88,1044.0,1046.0,1061.0,1031.0
Quebec,Bellechasse,Sainte-Claire,88.14,3097.0,3325.0,3362.0,3526.0
Quebec,Bonaventure,Bonaventure,104.5,2673.0,2775.0,2706.0,2733.0
Quebec,Bonaventure,Caplan,85.69,1884.0,2039.0,2024.0,1966.0
Quebec,Bonaventure,Cascapédia--Saint-Jules,164.29,714.0,741.0,730.0,764.0
Quebec,Bonaventure,Hope,70.55,728.0,630.0,568.0,584.0
Quebec,Bonaventure,Hope Town,51.26,347.0,344.0,339.0,334.0
Quebec,Bonaventure,New Carlisle,67.99,1370.0,1358.0,1388.0,1336.0
Quebec,Bonaventure,New Richmond,172.5,3748.0,3810.0,3706.0,3683.0
Quebec,Bonaventure,Paspébiac,94.98,3309.0,3198.0,3164.0,3033.0
Quebec,Bonaventure,Rivière-Bonaventure,3054.37,35.0,25.0,35.0,59.0
Quebec,Bonaventure,Saint-Alphonse,112.09,731.0,691.0,699.0,711.0
Quebec,Bonaventure,Saint-Elzéar,204.16,508.0,467.0,458.0,464.0
Quebec,Bonaventure,Saint-Godefroi,63.57,370.0,405.0,380.0,350.0
Quebec,Bonaventure,Saint-Siméon,56.71,1174.0,1179.0,1171.0,1207.0
Quebec,Bonaventure,Shigawake,76.82,357.0,338.0,292.0,333.0
Quebec,Brome-Missisquoi,Abercorn,26.72,366.0,391.0,334.0,341.0
Quebec,Brome-Missisquoi,Bedford,4.23,2612.0,2684.0,2560.0,2558.0
Quebec,Brome-Missisquoi,Bedford,31.96,736.0,699.0,687.0,658.0
Quebec,Brome-Missisquoi,Bolton-Ouest,100.94,723.0,678.0,630.0,732.0
Quebec,Brome-Missisquoi,Brigham,86.92,2408.0,2457.0,2306.0,2282.0
Quebec,Brome-Missisquoi,Brome,11.56,278.0,271.0,296.0,341.0
Quebec,Brome-Missisquoi,Bromont,114.05,6049.0,7649.0,9041.0,11357.0
Quebec,Brome-Missisquoi,Cowansville,46.87,12182.0,12489.0,13656.0,15234.0
Quebec,Brome-Missisquoi,Dunham,193.86,3396.0,3471.0,3432.0,3599.0
Quebec,Brome-Missisquoi,East Farnham,5.02,484.0,553.0,554.0,612.0
Quebec,Brome-Missisquoi,Farnham,92.12,7809.0,8330.0,8909.0,10149.0
Quebec,Brome-Missisquoi,Frelighsburg,123.31,1030.0,1094.0,1111.0,1123.0
Quebec,Brome-Missisquoi,Lac-Brome,206.9,5629.0,5609.0,5495.0,5923.0
Quebec,Brome-Missisquoi,Notre-Dame-de-Stanbridge,43.89,728.0,660.0,668.0,691.0
Quebec,Brome-Missisquoi,Pike River,40.77,542.0,525.0,517.0,503.0
Quebec,Brome-Missisquoi,Saint-Armand,83.16,1166.0,1248.0,1205.0,1228.0
Quebec,Brome-Missisquoi,Saint-Ignace-de-Stanbridge,69.42,631.0,638.0,676.0,677.0
Quebec,Brome-Missisquoi,Sainte-Sabine,55.33,1053.0,1120.0,1085.0,1105.0
Quebec,Brome-Missisquoi,Stanbridge East,49.41,833.0,873.0,866.0,834.0
Quebec,Brome-Missisquoi,Stanbridge Station,18.07,309.0,276.0,274.0,291.0
Quebec,Brome-Missisquoi,Sutton,245.69,3805.0,3906.0,4012.0,4548.0
Quebec,Bécancour,Bécancour,439.54,10975.0,12438.0,13031.0,13561.0
Quebec,Bécancour,Deschaillons-sur-Saint-Laurent,36.51,1009.0,954.0,909.0,906.0
Quebec,Bécancour,Fortierville,44.55,702.0,706.0,669.0,660.0
Quebec,Bécancour,Lemieux,74.6,323.0,304.0,301.0,292.0
Quebec,Bécancour,Manseau,104.48,934.0,843.0,816.0,807.0
Quebec,Bécancour,Parisville,35.58,487.0,528.0,530.0,396.0
Quebec,Bécancour,Saint-Pierre-les-Becquets,48.14,1183.0,1223.0,1137.0,1183.0
Quebec,Bécancour,Saint-Sylvère,86.3,815.0,865.0,791.0,786.0
Quebec,Bécancour,Sainte-Cécile-de-Lévrard,32.32,417.0,362.0,372.0,349.0
Quebec,Bécancour,Sainte-Françoise,87.02,471.0,479.0,449.0,467.0
Quebec,Bécancour,Sainte-Marie-de-Blandford,69.3,517.0,466.0,468.0,443.0
Quebec,Bécancour,Sainte-Sophie-de-Lévrard,84.05,775.0,733.0,729.0,704.0
Quebec,Bécancour,Wôlinak,0.74,198.0,180.0,202.0,194.0
Quebec,Charlevoix,Baie-Saint-Paul,545.85,7288.0,7332.0,7146.0,7371.0
Quebec,Charlevoix,L'Isle-aux-Coudres,29.46,1296.0,1279.0,1143.0,1116.0
Quebec,Charlevoix,Lac-Pikauba,2440.54,0.0,0.0,0.0,0.0
Quebec,Charlevoix,Les Éboulements,156.19,1264.0,1328.0,1331.0,1465.0
Quebec,Charlevoix,Petite-Rivière-Saint-François,133.89,703.0,744.0,814.0,953.0
Quebec,Charlevoix,Saint-Hilarion,100.3,1191.0,1181.0,1127.0,1146.0
Quebec,Charlevoix,Saint-Urbain,330.57,1448.0,1474.0,1373.0,1320.0
Quebec,Charlevoix-Est,Baie-Sainte-Catherine,232.89,227.0,204.0,206.0,184.0
Quebec,Charlevoix-Est,Clermont,51.53,3041.0,3118.0,3085.0,3065.0
Quebec,Charlevoix-Est,La Malbaie,458.19,8959.0,8862.0,8271.0,8235.0
Quebec,Charlevoix-Est,Mont-Élie,851.18,75.0,77.0,63.0,51.0
Quebec,Charlevoix-Est,Notre-Dame-des-Monts,57.93,764.0,815.0,791.0,789.0
Quebec,Charlevoix-Est,Sagard,204.59,143.0,117.0,130.0,110.0
Quebec,Charlevoix-Est,Saint-Aimé-des-Lacs,91.61,1076.0,1073.0,1095.0,1158.0
Quebec,Charlevoix-Est,Saint-Irénée,59.92,727.0,674.0,641.0,678.0
Quebec,Charlevoix-Est,Saint-Siméon,281.14,1360.0,1300.0,1227.0,1139.0
Quebec,Coaticook,Barnston-Ouest,99.36,583.0,591.0,559.0,546.0
Quebec,Coaticook,Coaticook,219.45,9204.0,9255.0,8955.0,8867.0
Quebec,Coaticook,Compton,206.58,2818.0,3112.0,3131.0,3270.0
Quebec,Coaticook,Dixville,76.56,685.0,710.0,696.0,732.0
Quebec,Coaticook,East Hereford,72.1,349.0,306.0,269.0,282.0
Quebec,Coaticook,Martinville,47.66,467.0,469.0,436.0,441.0
Quebec,Coaticook,Saint-Herménégilde,166.15,718.0,702.0,670.0,690.0
Quebec,Coaticook,Saint-Malo,131.83,538.0,483.0,475.0,514.0
Quebec,Coaticook,Saint-Venant-de-Paquette,58.75,111.0,104.0,97.0,69.0
Quebec,Coaticook,Sainte-Edwidge-de-Clifton,101.84,440.0,484.0,504.0,546.0
Quebec,Coaticook,Stanstead-Est,114.54,628.0,603.0,584.0,642.0
Quebec,Coaticook,Waterville,44.03,1926.0,2028.0,2121.0,2307.0
Quebec,Communauté maritime des Îles-de-la-Madeleine,Grosse-Île,32.28,531.0,490.0,465.0,464.0
Quebec,Communauté maritime des Îles-de-la-Madeleine,Les Îles-de-la-Madeleine,155.06,12560.0,12291.0,12010.0,12190.0
Quebec,D'Autray,Berthierville,6.77,4007.0,4091.0,4189.0,4386.0
Quebec,D'Autray,La Visitation-de-l'Île-Dupas,28.15,612.0,619.0,626.0,684.0
Quebec,D'Autray,Lanoraie,102.74,4067.0,4447.0,4787.0,5134.0
Quebec,D'Autray,Lavaltrie,68.22,12120.0,13267.0,13657.0,14425.0
Quebec,D'Autray,Mandeville,318.21,2221.0,2043.0,2189.0,2363.0
Quebec,D'Autray,Saint-Barthélemy,105.36,2037.0,1883.0,1934.0,2087.0
Quebec,D'Autray,Saint-Cléophas-de-Brandon,15.34,284.0,276.0,227.0,254.0
Quebec,D'Autray,Saint-Cuthbert,131.72,1938.0,1839.0,1862.0,1821.0
Quebec,D'Autray,Saint-Didace,99.6,668.0,593.0,652.0,688.0
Quebec,D'Autray,Saint-Gabriel,2.81,2828.0,2844.0,2640.0,2803.0
Quebec,D'Autray,Saint-Gabriel-de-Brandon,99.23,2800.0,2679.0,2635.0,2684.0
Quebec,D'Autray,Saint-Ignace-de-Loyola,31.9,1925.0,2086.0,2049.0,2048.0
Quebec,D'Autray,Saint-Norbert,74.6,1067.0,1059.0,1003.0,1060.0
Quebec,D'Autray,Sainte-Geneviève-de-Berthier,67.03,2307.0,2365.0,2280.0,2253.0
Quebec,D'Autray,Sainte-Élisabeth,83.0,1440.0,1559.0,1459.0,1390.0
Quebec,Deux-Montagnes,Deux-Montagnes,6.08,17402.0,17552.0,17496.0,17915.0
Quebec,Deux-Montagnes,Oka,56.99,3300.0,3969.0,3824.0,3968.0
Quebec,Deux-Montagnes,Pointe-Calumet,4.59,6574.0,6396.0,6428.0,6281.0
Quebec,Deux-Montagnes,Saint-Eustache,70.51,42077.0,44154.0,44008.0,45276.0
Quebec,Deux-Montagnes,Saint-Joseph-du-Lac,41.22,4958.0,6195.0,6687.0,7031.0
Quebec,Deux-Montagnes,Saint-Placide,42.89,1642.0,1715.0,1686.0,1784.0
Quebec,Deux-Montagnes,Sainte-Marthe-sur-le-Lac,8.73,11311.0,15689.0,18074.0,19797.0
Quebec,Drummond,Drummondville,247.11,67392.0,71852.0,75423.0,79258.0
Quebec,Drummond,Durham-Sud,92.64,1018.0,1008.0,1043.0,1051.0
Quebec,Drummond,L'Avenir,97.59,1262.0,1202.0,1307.0,1350.0
Quebec,Drummond,Lefebvre,66.18,806.0,867.0,904.0,925.0
Quebec,Drummond,Notre-Dame-du-Bon-Conseil,4.2,1426.0,1404.0,1557.0,1708.0
Quebec,Drummond,Notre-Dame-du-Bon-Conseil,87.49,912.0,979.0,949.0,885.0
Quebec,Drummond,Saint-Bonaventure,78.72,983.0,1017.0,1031.0,1066.0
Quebec,Drummond,Saint-Cyrille-de-Wendover,110.2,4079.0,4389.0,4723.0,4920.0
Quebec,Drummond,Saint-Edmond-de-Grantham,48.29,631.0,673.0,762.0,804.0
Quebec,Drummond,Saint-Eugène,75.84,1133.0,1131.0,1126.0,1139.0
Quebec,Drummond,Saint-Félix-de-Kingsey,126.28,1430.0,1563.0,1430.0,1493.0
Quebec,Drummond,Saint-Germain-de-Grantham,87.47,3993.0,4551.0,4917.0,4922.0
Quebec,Drummond,Saint-Guillaume,87.91,1578.0,1547.0,1476.0,1491.0
Quebec,Drummond,Saint-Lucien,110.99,1508.0,1584.0,1647.0,1801.0
Quebec,Drummond,Saint-Majorique-de-Grantham,57.5,1136.0,1251.0,1388.0,1384.0
Quebec,Drummond,Saint-Pie-de-Guire,51.27,453.0,456.0,450.0,446.0
Quebec,Drummond,Sainte-Brigitte-des-Saults,70.79,739.0,737.0,723.0,737.0
Quebec,Drummond,Wickham,98.63,2503.0,2470.0,2541.0,2587.0
Quebec,Francheville,Batiscan,43.25,949.0,940.0,903.0,958.0
Quebec,Francheville,Champlain,58.17,1566.0,1664.0,1735.0,1807.0
Quebec,Francheville,Notre-Dame-du-Mont-Carmel,128.29,5131.0,5467.0,5751.0,6121.0
Quebec,Francheville,Saint-Luc-de-Vincennes,53.78,553.0,591.0,545.0,519.0
Quebec,Francheville,Saint-Maurice,91.36,2368.0,2775.0,3286.0,3432.0
Quebec,Francheville,Saint-Narcisse,106.74,1806.0,1762.0,1832.0,1801.0
Quebec,Francheville,Saint-Prosper-de-Champlain,94.11,541.0,505.0,530.0,482.0
Quebec,Francheville,Saint-Stanislas,89.38,1033.0,1029.0,1010.0,1001.0
Quebec,Francheville,Sainte-Anne-de-la-Pérade,109.28,1991.0,2072.0,2019.0,2031.0
Quebec,Francheville,Sainte-Geneviève-de-Batiscan,97.65,1036.0,1060.0,1006.0,1028.0
Quebec,Francheville,Trois-Rivières,288.65,126293.0,131338.0,134413.0,139163.0
Quebec,Gatineau,Gatineau,341.84,242124.0,265349.0,276245.0,291041.0
Quebec,Joliette,Crabtree,25.06,3441.0,3887.0,3958.0,4155.0
Quebec,Joliette,Joliette,22.96,19044.0,19621.0,20484.0,21384.0
Quebec,Joliette,Notre-Dame-de-Lourdes,35.59,2201.0,2595.0,2783.0,3141.0
Quebec,Joliette,Notre-Dame-des-Prairies,18.1,8230.0,8868.0,9273.0,9471.0
Quebec,Joliette,Saint-Ambroise-de-Kildare,67.73,3491.0,3747.0,3856.0,4090.0
Quebec,Joliette,Saint-Charles-Borromée,18.48,12030.0,13321.0,13791.0,15285.0
Quebec,Joliette,Saint-Paul,49.11,4002.0,5122.0,5891.0,6566.0
Quebec,Joliette,Saint-Pierre,9.68,304.0,305.0,276.0,286.0
Quebec,Joliette,Saint-Thomas,94.57,2861.0,3193.0,3249.0,3496.0
Quebec,Joliette,Sainte-Mélanie,76.1,2765.0,2892.0,2989.0,3250.0
Quebec,Kamouraska,Kamouraska,44.07,705.0,589.0,616.0,607.0
Quebec,Kamouraska,La Pocatière,21.18,4575.0,4266.0,4120.0,4078.0
Quebec,Kamouraska,Mont-Carmel,428.26,1198.0,1136.0,1127.0,1160.0
Quebec,Kamouraska,Petit-Lac-Sainte-Anne,186.42,0.0,0.0,0.0,0.0
Quebec,Kamouraska,Picard,568.1,0.0,5.0,10.0,5.0
Quebec,Kamouraska,Rivière-Ouelle,57.5,1165.0,1058.0,970.0,995.0
Quebec,Kamouraska,Saint-Alexandre-de-Kamouraska,111.4,1880.0,2050.0,2109.0,2255.0
Quebec,Kamouraska,Saint-André-de-Kamouraska,71.06,618.0,651.0,658.0,658.0
Quebec,Kamouraska,Saint-Bruno-de-Kamouraska,188.44,534.0,534.0,541.0,515.0
Quebec,Kamouraska,Saint-Denis-De La Bouteillerie,33.84,523.0,503.0,517.0,518.0
Quebec,Kamouraska,Saint-Gabriel-Lalemant,77.92,788.0,799.0,716.0,660.0
Quebec,Kamouraska,Saint-Germain,28.53,301.0,280.0,286.0,294.0
Quebec,Kamouraska,Saint-Joseph-de-Kamouraska,84.96,402.0,418.0,391.0,398.0
Quebec,Kamouraska,Saint-Onésime-d'Ixworth,102.76,577.0,559.0,560.0,522.0
Quebec,Kamouraska,Saint-Pacôme,29.06,1685.0,1658.0,1598.0,1806.0
Quebec,Kamouraska,Saint-Pascal,59.68,3504.0,3490.0,3468.0,3530.0
Quebec,Kamouraska,Saint-Philippe-de-Néri,32.65,889.0,868.0,832.0,818.0
Quebec,Kamouraska,Sainte-Anne-de-la-Pocatière,54.78,1843.0,1717.0,1636.0,1597.0
Quebec,Kamouraska,Sainte-Hélène-de-Kamouraska,60.46,897.0,911.0,918.0,891.0
Quebec,L'Assomption,Charlemagne,2.17,5594.0,5853.0,5913.0,6302.0
Quebec,L'Assomption,L'Assomption,98.74,16723.0,20065.0,22429.0,23442.0
Quebec,L'Assomption,Repentigny,61.52,76237.0,82000.0,84285.0,86100.0
Quebec,L'Assomption,Saint-Sulpice,36.17,3332.0,3273.0,3439.0,3360.0
Quebec,L'Islet,L'Islet,119.95,3840.0,3999.0,3827.0,3803.0
Quebec,L'Islet,Saint-Adalbert,216.16,596.0,536.0,510.0,460.0
Quebec,L'Islet,Saint-Aubert,98.45,1468.0,1409.0,1474.0,1441.0
Quebec,L'Islet,Saint-Cyrille-de-Lessard,230.52,778.0,753.0,718.0,742.0
Quebec,L'Islet,Saint-Damase-de-L'Islet,247.64,593.0,591.0,552.0,563.0
Quebec,L'Islet,Saint-Jean-Port-Joli,69.31,3363.0,3304.0,3407.0,3329.0
Quebec,L'Islet,Saint-Marcel,178.83,527.0,439.0,428.0,422.0
Quebec,L'Islet,Saint-Omer,122.44,343.0,310.0,277.0,294.0
Quebec,L'Islet,Saint-Pamphile,137.78,2704.0,2685.0,2400.0,2274.0
Quebec,L'Islet,Saint-Roch-des-Aulnaies,49.14,939.0,967.0,917.0,955.0
Quebec,L'Islet,Sainte-Félicité,94.89,422.0,413.0,389.0,350.0
Quebec,L'Islet,Sainte-Louise,76.59,704.0,704.0,671.0,674.0
Quebec,L'Islet,Sainte-Perpétue,291.04,1895.0,1774.0,1639.0,1715.0
Quebec,L'Islet,Tourville,164.36,730.0,633.0,589.0,576.0
Quebec,L'Érable,Inverness,176.11,838.0,822.0,899.0,910.0
Quebec,L'Érable,Laurierville,107.91,1404.0,1454.0,1346.0,1313.0
Quebec,L'Érable,Lyster,167.55,1644.0,1628.0,1605.0,1587.0
Quebec,L'Érable,Notre-Dame-de-Lourdes,81.39,716.0,700.0,688.0,787.0
Quebec,L'Érable,Plessisville,4.92,6677.0,6688.0,6551.0,6414.0
Quebec,L'Érable,Plessisville,141.19,2557.0,2678.0,2663.0,2655.0
Quebec,L'Érable,Princeville,195.01,5571.0,5693.0,6001.0,6218.0
Quebec,L'Érable,Saint-Ferdinand,137.16,2195.0,2067.0,2076.0,2007.0
Quebec,L'Érable,Saint-Pierre-Baptiste,81.77,422.0,485.0,527.0,560.0
Quebec,L'Érable,Sainte-Sophie-d'Halifax,92.13,638.0,666.0,612.0,595.0
Quebec,L'Érable,Villeroy,101.9,496.0,485.0,457.0,488.0
Quebec,L'Île-d'Orléans,Saint-François-de-l'Île-d'Orléans,28.96,573.0,527.0,527.0,536.0
Quebec,L'Île-d'Orléans,Saint-Jean-de-l'Île-d'Orléans,43.48,968.0,923.0,1059.0,1026.0
Quebec,L'Île-d'Orléans,Saint-Laurent-de-l'Île-d'Orléans,35.64,1601.0,1580.0,1532.0,1607.0
Quebec,L'Île-d'Orléans,Saint-Pierre-de-l'Île-d'Orléans,31.64,1816.0,1789.0,1993.0,1743.0
Quebec,L'Île-d'Orléans,Sainte-Famille-de-l'Île-d'Orléans,50.54,844.0,851.0,938.0,850.0
Quebec,L'Île-d'Orléans,Sainte-Pétronille,4.32,1060.0,1041.0,1033.0,1055.0
Quebec,La Côte-de-Beaupré,Beaupré,22.97,3006.0,3439.0,3752.0,4117.0
Quebec,La Côte-de-Beaupré,Boischatel,20.36,5287.0,6465.0,7587.0,8231.0
Quebec,La Côte-de-Beaupré,Château-Richer,228.84,3563.0,3834.0,4126.0,4425.0
Quebec,La Côte-de-Beaupré,L'Ange-Gardien,53.61,3008.0,3634.0,3695.0,3842.0
Quebec,La Côte-de-Beaupré,Lac-Jacques-Cartier,4131.62,0.0,0.0,0.0,0.0
Quebec,La Côte-de-Beaupré,Saint-Ferréol-les-Neiges,83.18,2546.0,2964.0,3240.0,3806.0
Quebec,La Côte-de-Beaupré,Saint-Joachim,42.33,1362.0,1458.0,1441.0,1427.0
Quebec,La Côte-de-Beaupré,Saint-Louis-de-Gonzague-du-Cap-Tourmente,0.42,0.0,18.0,5.0,0.0
Quebec,La Côte-de-Beaupré,Saint-Tite-des-Caps,129.3,1440.0,1506.0,1473.0,1504.0
Quebec,La Côte-de-Beaupré,Sainte-Anne-de-Beaupré,62.38,2803.0,2854.0,2880.0,2888.0
Quebec,La Côte-de-Beaupré,Sault-au-Cochon,70.18,0.0,0.0,0.0,0.0
Quebec,La Côte-de-Gaspé,Cloridorme,158.74,764.0,743.0,671.0,607.0
Quebec,La Côte-de-Gaspé,Collines-du-Basque,817.84,0.0,0.0,0.0,0.0
Quebec,La Côte-de-Gaspé,Gaspé,1118.77,14834.0,15163.0,14568.0,15063.0
Quebec,La Côte-de-Gaspé,Grande-Vallée,144.16,1230.0,1137.0,1057.0,1077.0
Quebec,La Côte-de-Gaspé,Murdochville,60.84,812.0,764.0,651.0,643.0
Quebec,La Côte-de-Gaspé,Petite-Vallée,39.9,248.0,178.0,170.0,157.0
Quebec,La Côte-de-Gaspé,Rivière-Saint-Jean,1748.14,0.0,0.0,0.0,0.0
Quebec,La Haute-Côte-Nord,Colombier,361.23,817.0,747.0,685.0,635.0
Quebec,La Haute-Côte-Nord,Essipit,1.13,247.0,268.0,297.0,310.0
Quebec,La Haute-Côte-Nord,Forestville,192.61,3543.0,3270.0,3081.0,2892.0
Quebec,La Haute-Côte-Nord,Lac-au-Brochet,9360.33,0.0,0.0,5.0,0.0
Quebec,La Haute-Côte-Nord,Les Bergeronnes,268.77,655.0,693.0,661.0,619.0
Quebec,La Haute-Côte-Nord,Les Escoumins,265.89,2073.0,2000.0,1891.0,1794.0
Quebec,La Haute-Côte-Nord,Longue-Rive,308.06,1259.0,1113.0,1026.0,918.0
Quebec,La Haute-Côte-Nord,Portneuf-sur-Mer,181.9,835.0,761.0,641.0,612.0
Quebec,La Haute-Côte-Nord,Sacré-Coeur,303.15,2024.0,1881.0,1803.0,1684.0
Quebec,La Haute-Côte-Nord,Tadoussac,52.73,850.0,813.0,799.0,814.0
Quebec,La Haute-Gaspésie,Cap-Chat,181.31,2777.0,2623.0,2476.0,2516.0
Quebec,La Haute-Gaspésie,Coulée-des-Adolphe,86.2,0.0,0.0,0.0,0.0
Quebec,La Haute-Gaspésie,La Martre,175.23,253.0,245.0,243.0,194.0
Quebec,La Haute-Gaspésie,Marsoui,181.4,341.0,309.0,275.0,289.0
Quebec,La Haute-Gaspésie,Mont-Albert,3463.19,218.0,204.0,179.0,167.0
Quebec,La Haute-Gaspésie,Mont-Saint-Pierre,52.07,230.0,192.0,155.0,186.0
Quebec,La Haute-Gaspésie,Rivière-à-Claude,155.95,171.0,130.0,128.0,141.0
Quebec,La Haute-Gaspésie,Saint-Maxime-du-Mont-Louis,232.67,1194.0,1118.0,1134.0,1047.0
Quebec,La Haute-Gaspésie,Sainte-Anne-des-Monts,263.51,6772.0,6933.0,6437.0,6121.0
Quebec,La Haute-Gaspésie,Sainte-Madeleine-de-la-Rivière-Madeleine,262.35,373.0,334.0,289.0,289.0
Quebec,La Haute-Yamaska,Granby,152.69,59385.0,63433.0,66222.0,69025.0
Quebec,La Haute-Yamaska,Roxton Pond,97.64,3599.0,3786.0,3809.0,4224.0
Quebec,La Haute-Yamaska,Saint-Alphonse-de-Granby,50.12,2918.0,3125.0,3094.0,3341.0
Quebec,La Haute-Yamaska,Saint-Joachim-de-Shefford,126.91,1089.0,1171.0,1301.0,1476.0
Quebec,La Haute-Yamaska,Sainte-Cécile-de-Milton,72.96,2024.0,2128.0,2160.0,2195.0
Quebec,La Haute-Yamaska,Shefford,117.99,5941.0,6711.0,6947.0,7253.0
Quebec,La Haute-Yamaska,Warden,5.46,346.0,358.0,363.0,362.0
Quebec,La Haute-Yamaska,Waterloo,12.23,4054.0,4330.0,4410.0,4920.0
Quebec,La Jacques-Cartier,Fossambault-sur-le-Lac,11.49,1532.0,1613.0,1960.0,2327.0
Quebec,La Jacques-Cartier,Lac-Beauport,61.73,6081.0,7281.0,7801.0,8164.0
Quebec,La Jacques-Cartier,Lac-Croche,1679.99,0.0,0.0,0.0,0.0
Quebec,La Jacques-Cartier,Lac-Delage,1.58,530.0,598.0,638.0,771.0
Quebec,La Jacques-Cartier,Lac-Saint-Joseph,33.65,266.0,251.0,260.0,304.0
Quebec,La Jacques-Cartier,Saint-Gabriel-de-Valcartier,432.62,2827.0,2933.0,3382.0,3223.0
Quebec,La Jacques-Cartier,Sainte-Brigitte-de-Laval,108.42,3790.0,5696.0,7348.0,8468.0
Quebec,La Jacques-Cartier,Sainte-Catherine-de-la-Jacques-Cartier,120.7,5021.0,6319.0,7706.0,8442.0
Quebec,La Jacques-Cartier,Shannon,63.54,3825.0,5086.0,6031.0,6432.0
Quebec,La Jacques-Cartier,Stoneham-et-Tewkesbury,670.03,5866.0,7106.0,8359.0,9682.0
Quebec,La Matanie,Baie-des-Sables,65.07,614.0,609.0,628.0,613.0
Quebec,La Matanie,Grosses-Roches,63.59,416.0,411.0,394.0,375.0
Quebec,La Matanie,Les Méchins,441.39,1148.0,1107.0,987.0,995.0
Quebec,La Matanie,Matane,195.49,14742.0,14462.0,14311.0,13987.0
Quebec,La Matanie,Rivière-Bonjour,1682.5,15.0,10.0,0.0,16.0
Quebec,La Matanie,Saint-Adelme,100.58,497.0,485.0,520.0,484.0
Quebec,La Matanie,Saint-Jean-de-Cherbourg,113.96,218.0,193.0,165.0,163.0
Quebec,La Matanie,Saint-Léandre,104.72,401.0,402.0,400.0,375.0
Quebec,La Matanie,Saint-René-de-Matane,253.89,1070.0,1089.0,991.0,961.0
Quebec,La Matanie,Saint-Ulric,120.45,1696.0,1642.0,1585.0,1567.0
Quebec,La Matanie,Sainte-Félicité,90.73,1201.0,1175.0,1087.0,1100.0
Quebec,La Matanie,Sainte-Paule,83.36,229.0,201.0,233.0,247.0
Quebec,La Matapédia,Albertville,103.13,319.0,256.0,226.0,239.0
Quebec,La Matapédia,Amqui,121.02,6261.0,6322.0,6178.0,5999.0
Quebec,La Matapédia,Causapscal,161.61,2458.0,2458.0,2304.0,2147.0
Quebec,La Matapédia,Lac-Alfred,77.53,0.0,0.0,0.0,0.0
Quebec,La Matapédia,Lac-Casault,1428.21,20.0,5.0,0.0,30.0
Quebec,La Matapédia,Lac-Matapédia,71.01,10.0,5.0,5.0,10.0
Quebec,La Matapédia,Lac-au-Saumon,81.05,1495.0,1453.0,1450.0,1488.0
Quebec,La Matapédia,Rivière-Patapédia-Est,15.85,0.0,0.0,0.0,0.0
Quebec,La Matapédia,Rivière-Vaseuse,275.3,0.0,5.0,0.0,0.0
Quebec,La Matapédia,Routhierville,626.26,5.0,15.0,18.0,20.0
Quebec,La Matapédia,Ruisseau-des-Mineurs,935.95,5.0,0.0,0.0,5.0
Quebec,La Matapédia,Saint-Alexandre-des-Lacs,89.82,275.0,258.0,268.0,298.0
Quebec,La Matapédia,Saint-Cléophas,97.22,367.0,334.0,333.0,321.0
Quebec,La Matapédia,Saint-Damase,116.42,446.0,397.0,356.0,382.0
Quebec,La Matapédia,Saint-Léon-le-Grand,128.26,1073.0,970.0,953.0,968.0
Quebec,La Matapédia,Saint-Moïse,109.8,625.0,577.0,580.0,542.0
Quebec,La Matapédia,Saint-Noël,45.8,459.0,434.0,398.0,392.0
Quebec,La Matapédia,Saint-Tharcisius,78.84,480.0,464.0,421.0,411.0
Quebec,La Matapédia,Saint-Vianney,145.6,489.0,477.0,441.0,446.0
Quebec,La Matapédia,Saint-Zénon-du-Lac-Humqui,113.09,426.0,366.0,359.0,370.0
Quebec,La Matapédia,Sainte-Florence,103.48,458.0,414.0,384.0,367.0
Quebec,La Matapédia,Sainte-Irène,135.09,350.0,341.0,327.0,369.0
Quebec,La Matapédia,Sainte-Marguerite-Marie,85.97,222.0,203.0,166.0,183.0
Quebec,La Matapédia,Sayabec,130.31,1953.0,1864.0,1831.0,1706.0
Quebec,La Matapédia,Val-Brillant,77.9,1003.0,955.0,927.0,899.0
Quebec,La Mitis,Grand-Métis,25.12,268.0,237.0,213.0,218.0
Quebec,La Mitis,La Rédemption,116.63,515.0,488.0,432.0,384.0
Quebec,La Mitis,Lac-des-Eaux-Mortes,923.26,56.0,5.0,0.0,47.0
Quebec,La Mitis,Lac-à-la-Croix,223.35,0.0,0.0,0.0,0.0
Quebec,La Mitis,Les Hauteurs,102.92,576.0,524.0,504.0,485.0
Quebec,La Mitis,Mont-Joli,24.24,6568.0,6665.0,6281.0,6384.0
Quebec,La Mitis,Métis-sur-Mer,48.22,604.0,644.0,572.0,594.0
Quebec,La Mitis,Padoue,66.66,283.0,411.0,245.0,250.0
Quebec,La Mitis,Price,2.51,1777.0,1673.0,1759.0,1729.0
Quebec,La Mitis,Saint-Charles-Garnier,84.79,298.0,271.0,240.0,222.0
Quebec,La Mitis,Saint-Donat,95.8,892.0,890.0,876.0,835.0
Quebec,La Mitis,Saint-Gabriel-de-Rimouski,126.98,1228.0,1180.0,1167.0,1177.0
Quebec,La Mitis,Saint-Joseph-de-Lepage,30.98,545.0,527.0,523.0,590.0
Quebec,La Mitis,Saint-Octave-de-Métis,75.16,488.0,345.0,511.0,493.0
Quebec,La Mitis,Sainte-Angèle-de-Mérici,107.78,1068.0,999.0,953.0,989.0
Quebec,La Mitis,Sainte-Flavie,38.23,943.0,919.0,884.0,904.0
Quebec,La Mitis,Sainte-Jeanne-d'Arc,110.34,322.0,313.0,280.0,217.0
Quebec,La Mitis,Sainte-Luce,72.59,2934.0,2851.0,2801.0,2845.0
Quebec,La Nouvelle-Beauce,Frampton,151.27,1314.0,1393.0,1297.0,1309.0
Quebec,La Nouvelle-Beauce,Saint-Bernard,90.1,1920.0,2131.0,2321.0,2535.0
Quebec,La Nouvelle-Beauce,Saint-Elzéar,87.07,1864.0,2107.0,2400.0,2623.0
Quebec,La Nouvelle-Beauce,Saint-Isidore,102.61,2503.0,2947.0,2880.0,3286.0
Quebec,La Nouvelle-Beauce,Saint-Lambert-de-Lauzon,106.76,5401.0,6177.0,6647.0,6817.0
Quebec,La Nouvelle-Beauce,Sainte-Hénédine,51.53,1073.0,1212.0,1271.0,1440.0
Quebec,La Nouvelle-Beauce,Sainte-Marguerite,83.05,1060.0,1073.0,1078.0,1175.0
Quebec,La Nouvelle-Beauce,Sainte-Marie,107.55,11584.0,12889.0,13565.0,13134.0
Quebec,La Nouvelle-Beauce,Saints-Anges,68.65,1032.0,1149.0,1157.0,1239.0
Quebec,La Nouvelle-Beauce,Scott,31.29,1796.0,2089.0,2352.0,2566.0
Quebec,La Nouvelle-Beauce,Vallée-Jonction,25.45,1868.0,1940.0,1875.0,1864.0
Quebec,La Rivière-du-Nord,Prévost,34.29,10132.0,12171.0,13002.0,13692.0
Quebec,La Rivière-du-Nord,Saint-Colomban,92.71,10136.0,13080.0,16019.0,17740.0
Quebec,La Rivière-du-Nord,Saint-Hippolyte,119.5,7219.0,8083.0,9113.0,10669.0
Quebec,La Rivière-du-Nord,Saint-Jérôme,90.18,63729.0,68456.0,74346.0,80213.0
Quebec,La Rivière-du-Nord,Sainte-Sophie,111.2,10355.0,13375.0,15690.0,18080.0
Quebec,La Tuque,Communauté de Wemotaci,31.55,1073.0,1194.0,1213.0,1142.0
Quebec,La Tuque,La Bostonnais,284.32,617.0,503.0,635.0,556.0
Quebec,La Tuque,La Tuque,24809.4,11821.0,11227.0,11001.0,11129.0
Quebec,La Tuque,Lac-Édouard,898.32,155.0,175.0,191.0,220.0
Quebec,La Tuque,Obedjiwan 28,8.26,1782.0,2031.0,2019.0,1991.0
Quebec,La Vallée-de-l'Or,Belcourt,409.74,256.0,239.0,225.0,219.0
Quebec,La Vallée-de-l'Or,Kitcisakik,1.51,294.0,339.0,274.0,257.0
Quebec,La Vallée-de-l'Or,Lac Simon,3.14,1165.0,1403.0,1380.0,1285.0
Quebec,La Vallée-de-l'Or,Lac-Granet,217.77,0.0,0.0,0.0,0.0
Quebec,La Vallée-de-l'Or,Lac-Metei,72.12,0.0,0.0,0.0,0.0
Quebec,La Vallée-de-l'Or,Malartic,147.45,3640.0,3449.0,3377.0,3355.0
Quebec,La Vallée-de-l'Or,Matchi-Manitou,164.77,0.0,0.0,0.0,0.0
Quebec,La Vallée-de-l'Or,Rivière-Héva,423.27,1239.0,1433.0,1419.0,1495.0
Quebec,La Vallée-de-l'Or,Réservoir-Dozois,3832.68,0.0,0.0,0.0,0.0
Quebec,La Vallée-de-l'Or,Senneterre,14718.51,2993.0,2953.0,2868.0,2782.0
Quebec,La Vallée-de-l'Or,Senneterre,567.05,1186.0,1218.0,1192.0,1202.0
Quebec,La Vallée-de-l'Or,Val-d'Or,3536.84,31123.0,31862.0,32491.0,32752.0
Quebec,La Vallée-de-la-Gatineau,Aumond,212.82,775.0,725.0,754.0,754.0
Quebec,La Vallée-de-la-Gatineau,Blue Sea,72.97,608.0,674.0,639.0,696.0
Quebec,La Vallée-de-la-Gatineau,Bois-Franc,71.56,449.0,447.0,421.0,411.0
Quebec,La Vallée-de-la-Gatineau,Bouchette,122.09,718.0,786.0,731.0,695.0
Quebec,La Vallée-de-la-Gatineau,Cascades-Malignes,480.88,0.0,0.0,0.0,0.0
Quebec,La Vallée-de-la-Gatineau,Cayamant,382.49,811.0,875.0,821.0,895.0
Quebec,La Vallée-de-la-Gatineau,Denholm,177.33,604.0,572.0,505.0,546.0
Quebec,La Vallée-de-la-Gatineau,Déléage,248.26,1964.0,1856.0,1852.0,1916.0
Quebec,La Vallée-de-la-Gatineau,Dépôt-Échouani,308.12,0.0,0.0,0.0,0.0
Quebec,La Vallée-de-la-Gatineau,Egan-Sud,49.82,508.0,542.0,504.0,508.0
Quebec,La Vallée-de-la-Gatineau,Gracefield,380.94,2439.0,2355.0,2462.0,2376.0
Quebec,La Vallée-de-la-Gatineau,Grand-Remous,351.63,1249.0,1168.0,1161.0,1159.0
Quebec,La Vallée-de-la-Gatineau,Kazabazua,172.91,839.0,847.0,945.0,1037.0
Quebec,La Vallée-de-la-Gatineau,Kitigan Zibi,195.06,1165.0,1401.0,1231.0,1204.0
Quebec,La Vallée-de-la-Gatineau,Lac-Lenôtre,1934.31,0.0,0.0,0.0,0.0
Quebec,La Vallée-de-la-Gatineau,Lac-Moselle,1144.81,0.0,0.0,0.0,0.0
Quebec,La Vallée-de-la-Gatineau,Lac-Pythonga,5061.54,0.0,0.0,0.0,0.0
Quebec,La Vallée-de-la-Gatineau,Lac-Sainte-Marie,205.71,647.0,611.0,566.0,677.0
Quebec,La Vallée-de-la-Gatineau,Low,257.78,956.0,920.0,982.0,1020.0
Quebec,La Vallée-de-la-Gatineau,Maniwaki,5.67,4102.0,3930.0,3843.0,3757.0
Quebec,La Vallée-de-la-Gatineau,Messines,110.11,1610.0,1608.0,1609.0,1655.0
Quebec,La Vallée-de-la-Gatineau,Montcerf-Lytton,354.64,739.0,687.0,636.0,653.0
Quebec,La Vallée-de-la-Gatineau,Sainte-Thérèse-de-la-Gatineau,60.68,335.0,526.0,520.0,588.0
Quebec,La Vallée-du-Richelieu,Beloeil,24.38,18927.0,20783.0,22458.0,24104.0
Quebec,La Vallée-du-Richelieu,Carignan,62.07,7426.0,7966.0,9462.0,11740.0
Quebec,La Vallée-du-Richelieu,Chambly,25.08,22608.0,25571.0,29120.0,31444.0
Quebec,La Vallée-du-Richelieu,McMasterville,3.12,5234.0,5615.0,5698.0,5936.0
Quebec,La Vallée-du-Richelieu,Mont-Saint-Hilaire,44.08,15720.0,18200.0,18585.0,18859.0
Quebec,La Vallée-du-Richelieu,Otterburn Park,5.37,8464.0,8450.0,8421.0,8479.0
Quebec,La Vallée-du-Richelieu,Saint-Antoine-sur-Richelieu,65.67,1594.0,1659.0,1694.0,1738.0
Quebec,La Vallée-du-Richelieu,Saint-Basile-le-Grand,35.84,15605.0,16736.0,17059.0,17053.0
Quebec,La Vallée-du-Richelieu,Saint-Charles-sur-Richelieu,64.91,1742.0,1643.0,1717.0,1735.0
Quebec,La Vallée-du-Richelieu,Saint-Denis-sur-Richelieu,84.64,2243.0,2285.0,2308.0,2339.0
Quebec,La Vallée-du-Richelieu,Saint-Jean-Baptiste,72.36,3035.0,3191.0,3107.0,3179.0
Quebec,La Vallée-du-Richelieu,Saint-Marc-sur-Richelieu,60.92,1876.0,2050.0,2172.0,2245.0
Quebec,La Vallée-du-Richelieu,Saint-Mathieu-de-Beloeil,39.39,2288.0,2624.0,2619.0,2952.0
Quebec,Lac-Saint-Jean-Est,Alma,194.92,29998.0,30904.0,30771.0,30331.0
Quebec,Lac-Saint-Jean-Est,Belle-Rivière,608.47,0.0,0.0,0.0,10.0
Quebec,Lac-Saint-Jean-Est,Desbiens,10.39,1074.0,1053.0,1028.0,995.0
Quebec,Lac-Saint-Jean-Est,Hébertville,260.74,2421.0,2441.0,2542.0,2500.0
Quebec,Lac-Saint-Jean-Est,Hébertville-Station,31.5,1230.0,1216.0,1311.0,1229.0
Quebec,Lac-Saint-Jean-Est,L'Ascension-de-Notre-Seigneur,130.84,1976.0,1983.0,1987.0,2079.0
Quebec,Lac-Saint-Jean-Est,Labrecque,152.67,1295.0,1215.0,1321.0,1328.0
Quebec,Lac-Saint-Jean-Est,Lac-Achouakan,225.49,0.0,0.0,0.0,0.0
Quebec,Lac-Saint-Jean-Est,Lac-Moncouche,262.78,0.0,0.0,0.0,0.0
Quebec,Lac-Saint-Jean-Est,Lamarche,81.45,562.0,557.0,514.0,476.0
Quebec,Lac-Saint-Jean-Est,Mont-Apica,13.02,0.0,0.0,0.0,0.0
Quebec,Lac-Saint-Jean-Est,Métabetchouan--Lac-à-la-Croix,187.49,4084.0,4097.0,3985.0,4121.0
Quebec,Lac-Saint-Jean-Est,Saint-Bruno,77.86,2353.0,2636.0,2801.0,2902.0
Quebec,Lac-Saint-Jean-Est,Saint-Gédéon,63.38,1931.0,2001.0,2085.0,2177.0
Quebec,Lac-Saint-Jean-Est,Saint-Henri-de-Taillon,61.74,739.0,760.0,826.0,803.0
Quebec,Lac-Saint-Jean-Est,Saint-Ludger-de-Milot,107.46,727.0,678.0,651.0,637.0
Quebec,Lac-Saint-Jean-Est,Saint-Nazaire,144.76,1866.0,2114.0,2073.0,2029.0
Quebec,Lac-Saint-Jean-Est,Sainte-Monique,152.53,914.0,865.0,846.0,858.0
Quebec,Laval,Laval,246.13,368709.0,401553.0,422993.0,438366.0
Quebec,Le Domaine-du-Roy,Chambord,120.85,1690.0,1773.0,1765.0,1748.0
Quebec,Le Domaine-du-Roy,La Doré,288.55,1454.0,1453.0,1365.0,1359.0
Quebec,Le Domaine-du-Roy,Lac-Ashuapmushuan,14684.28,35.0,28.0,36.0,140.0
Quebec,Le Domaine-du-Roy,Lac-Bouchette,904.26,1311.0,1174.0,1196.0,1183.0
Quebec,Le Domaine-du-Roy,Mashteuiatsh,14.43,1749.0,2213.0,1957.0,2010.0
Quebec,Le Domaine-du-Roy,Roberval,151.36,10544.0,10227.0,10046.0,9840.0
Quebec,Le Domaine-du-Roy,Saint-André-du-Lac-Saint-Jean,145.43,484.0,488.0,467.0,453.0
Quebec,Le Domaine-du-Roy,Saint-François-de-Sales,197.2,731.0,654.0,616.0,643.0
Quebec,Le Domaine-du-Roy,Saint-Félicien,361.27,10477.0,10278.0,10238.0,10089.0
Quebec,Le Domaine-du-Roy,Saint-Prime,147.16,2661.0,2758.0,2753.0,2760.0
Quebec,Le Domaine-du-Roy,Sainte-Hedwidge,461.67,820.0,824.0,846.0,870.0
Quebec,Le Granit,Audet,134.95,662.0,724.0,734.0,708.0
Quebec,Le Granit,Courcelles,90.34,928.0,1004.0,823.0,814.0
Quebec,Le Granit,Frontenac,223.6,1622.0,1650.0,1734.0,1811.0
Quebec,Le Granit,Lac-Drolet,124.3,1148.0,1071.0,1021.0,1067.0
Quebec,Le Granit,Lac-Mégantic,21.98,5967.0,5932.0,5654.0,5747.0
Quebec,Le Granit,Lambton,108.45,1623.0,1584.0,1617.0,1630.0
Quebec,Le Granit,Marston,71.83,683.0,662.0,705.0,777.0
Quebec,Le Granit,Milan,129.44,299.0,270.0,299.0,318.0
Quebec,Le Granit,Nantes,119.16,1436.0,1374.0,1377.0,1388.0
Quebec,Le Granit,Notre-Dame-des-Bois,192.51,964.0,911.0,938.0,1028.0
Quebec,Le Granit,Piopolis,103.38,376.0,364.0,358.0,398.0
Quebec,Le Granit,Saint-Augustin-de-Woburn,281.07,701.0,695.0,692.0,667.0
Quebec,Le Granit,Saint-Ludger,127.58,1197.0,1255.0,1071.0,1074.0
Quebec,Le Granit,Saint-Robert-Bellarmin,236.33,645.0,676.0,575.0,529.0
Quebec,Le Granit,Saint-Romain,112.12,628.0,707.0,691.0,711.0
Quebec,Le Granit,Saint-Sébastien,91.95,752.0,697.0,657.0,674.0
Quebec,Le Granit,Sainte-Cécile-de-Whitton,146.46,899.0,892.0,863.0,853.0
Quebec,Le Granit,Stornoway,180.15,584.0,559.0,530.0,535.0
Quebec,Le Granit,Stratford,119.86,1086.0,1062.0,945.0,1036.0
Quebec,Le Granit,Val-Racine,116.06,142.0,170.0,178.0,183.0
Quebec,Le Haut-Richelieu,Henryville,64.82,1529.0,1464.0,1406.0,1497.0
Quebec,Le Haut-Richelieu,Lacolle,49.41,2512.0,2680.0,2596.0,2708.0
Quebec,Le Haut-Richelieu,Mont-Saint-Grégoire,79.83,2922.0,3086.0,3077.0,3136.0
Quebec,Le Haut-Richelieu,Noyan,44.28,1354.0,1297.0,1392.0,1418.0
Quebec,Le Haut-Richelieu,Saint-Alexandre,76.27,2340.0,2495.0,2469.0,2678.0
Quebec,Le Haut-Richelieu,Saint-Blaise-sur-Richelieu,69.54,2050.0,1837.0,2066.0,2092.0
Quebec,Le Haut-Richelieu,Saint-Georges-de-Clarenceville,63.06,1106.0,1056.0,1103.0,1154.0
Quebec,Le Haut-Richelieu,Saint-Jean-sur-Richelieu,226.93,87492.0,92394.0,95114.0,97873.0
Quebec,Le Haut-Richelieu,Saint-Paul-de-l'Île-aux-Noix,29.85,1996.0,1877.0,1980.0,2141.0
Quebec,Le Haut-Richelieu,Saint-Sébastien,63.29,682.0,736.0,718.0,692.0
Quebec,Le Haut-Richelieu,Saint-Valentin,39.27,478.0,470.0,447.0,418.0
Quebec,Le Haut-Richelieu,Sainte-Anne-de-Sabrevois,44.65,1889.0,2074.0,2039.0,2143.0
Quebec,Le Haut-Richelieu,Sainte-Brigide-d'Iberville,70.52,1223.0,1331.0,1402.0,1428.0
Quebec,Le Haut-Richelieu,Venise-en-Québec,13.13,1319.0,1547.0,1634.0,1899.0
Quebec,Le Haut-Saint-François,Ascot Corner,81.64,2595.0,2891.0,3158.0,3368.0
Quebec,Le Haut-Saint-François,Bury,234.13,1249.0,1159.0,1174.0,1252.0
Quebec,Le Haut-Saint-François,Chartierville,141.94,378.0,307.0,276.0,319.0
Quebec,Le Haut-Saint-François,Cookshire-Eaton,296.25,5004.0,5171.0,5393.0,5344.0
Quebec,Le Haut-Saint-François,Dudswell,218.01,1712.0,1771.0,1727.0,1755.0
Quebec,Le Haut-Saint-François,East Angus,7.84,3357.0,3741.0,3659.0,3840.0
Quebec,Le Haut-Saint-François,Hampden,111.68,209.0,214.0,176.0,193.0
Quebec,Le Haut-Saint-François,La Patrie,204.61,805.0,749.0,768.0,805.0
Quebec,Le Haut-Saint-François,Lingwick,243.01,611.0,399.0,428.0,456.0
Quebec,Le Haut-Saint-François,Newport,270.63,784.0,720.0,733.0,698.0
Quebec,Le Haut-Saint-François,Saint-Isidore-de-Clifton,176.94,781.0,716.0,695.0,673.0
Quebec,Le Haut-Saint-François,Scotstown,11.44,588.0,547.0,472.0,459.0
Quebec,Le Haut-Saint-François,Weedon,215.95,2739.0,2683.0,2670.0,2667.0
Quebec,Le Haut-Saint-François,Westbury,55.61,932.0,997.0,1006.0,1097.0
Quebec,Le Haut-Saint-Laurent,Dundee,68.41,436.0,408.0,387.0,386.0
Quebec,Le Haut-Saint-Laurent,Elgin,69.35,458.0,401.0,394.0,389.0
Quebec,Le Haut-Saint-Laurent,Franklin,112.33,1651.0,1688.0,1636.0,1635.0
Quebec,Le Haut-Saint-Laurent,Godmanchester,138.66,1457.0,1417.0,1394.0,1403.0
Quebec,Le Haut-Saint-Laurent,Havelock,88.7,761.0,756.0,740.0,756.0
Quebec,Le Haut-Saint-Laurent,Hinchinbrooke,148.36,2369.0,2242.0,2103.0,2187.0
Quebec,Le Haut-Saint-Laurent,Howick,0.96,606.0,630.0,778.0,850.0
Quebec,Le Haut-Saint-Laurent,Huntingdon,2.77,2587.0,2457.0,2444.0,2556.0
Quebec,Le Haut-Saint-Laurent,Ormstown,142.24,3651.0,3595.0,3595.0,3917.0
Quebec,Le Haut-Saint-Laurent,Saint-Anicet,135.03,2717.0,2523.0,2626.0,2754.0
Quebec,Le Haut-Saint-Laurent,Saint-Chrysostome,100.2,2584.0,2522.0,2645.0,2582.0
Quebec,Le Haut-Saint-Laurent,Sainte-Barbe,40.14,1453.0,1403.0,1324.0,1609.0
Quebec,Le Haut-Saint-Laurent,Très-Saint-Sacrement,97.16,1213.0,1155.0,1186.0,1189.0
Quebec,Le Rocher-Percé,Chandler,418.45,7914.0,7703.0,7546.0,7490.0
Quebec,Le Rocher-Percé,Grande-Rivière,87.92,3409.0,3456.0,3408.0,3384.0
Quebec,Le Rocher-Percé,Mont-Alexandre,1800.87,0.0,0.0,0.0,0.0
Quebec,Le Rocher-Percé,Percé,432.81,3419.0,3312.0,3103.0,3095.0
Quebec,Le Rocher-Percé,Port-Daniel--Gascons,300.29,2586.0,2453.0,2210.0,2271.0
Quebec,Le Rocher-Percé,Sainte-Thérèse-de-Gaspé,34.45,1109.0,1055.0,1015.0,979.0
Quebec,Le Saguenay-et-son-Fjord,Bégin,189.67,862.0,868.0,818.0,851.0
Quebec,Le Saguenay-et-son-Fjord,Ferland-et-Boilleau,383.09,626.0,583.0,540.0,632.0
Quebec,Le Saguenay-et-son-Fjord,L'Anse-Saint-Jean,501.79,1088.0,1208.0,1201.0,1301.0
Quebec,Le Saguenay-et-son-Fjord,Lac-Ministuk,1478.79,0.0,0.0,0.0,58.0
Quebec,Le Saguenay-et-son-Fjord,Lalemant,190.57,0.0,0.0,0.0,0.0
Quebec,Le Saguenay-et-son-Fjord,Larouche,84.71,1200.0,1277.0,1486.0,1601.0
Quebec,Le Saguenay-et-son-Fjord,Mont-Valin,33540.39,15.0,5.0,0.0,10.0
Quebec,Le Saguenay-et-son-Fjord,Petit-Saguenay,329.63,780.0,727.0,634.0,600.0
Quebec,Le Saguenay-et-son-Fjord,Rivière-Éternité,473.17,557.0,484.0,413.0,414.0
Quebec,Le Saguenay-et-son-Fjord,Saguenay,1124.63,143692.0,144746.0,145949.0,144723.0
Quebec,Le Saguenay-et-son-Fjord,Saint-Ambroise,149.37,3484.0,3546.0,3781.0,3883.0
Quebec,Le Saguenay-et-son-Fjord,Saint-Charles-de-Bourget,62.13,659.0,690.0,736.0,784.0
Quebec,Le Saguenay-et-son-Fjord,Saint-David-de-Falardeau,398.25,2555.0,2657.0,2768.0,2996.0
Quebec,Le Saguenay-et-son-Fjord,Saint-Fulgence,351.91,2024.0,1949.0,2071.0,2061.0
Quebec,Le Saguenay-et-son-Fjord,Saint-Félix-d'Otis,233.16,1007.0,801.0,956.0,1109.0
Quebec,Le Saguenay-et-son-Fjord,Saint-Honoré,189.38,4727.0,5257.0,5757.0,6376.0
Quebec,Le Saguenay-et-son-Fjord,Sainte-Rose-du-Nord,116.61,441.0,413.0,439.0,434.0
Quebec,Le Val-Saint-François,Bonsecours,60.36,547.0,577.0,608.0,650.0
Quebec,Le Val-Saint-François,Cleveland,123.59,1590.0,1609.0,1541.0,1581.0
Quebec,Le Val-Saint-François,Kingsbury,6.11,99.0,123.0,138.0,142.0
Quebec,Le Val-Saint-François,Lawrenceville,16.73,642.0,652.0,635.0,618.0
Quebec,Le Val-Saint-François,Maricourt,61.1,432.0,497.0,416.0,456.0
Quebec,Le Val-Saint-François,Melbourne,173.93,1095.0,1004.0,1063.0,1096.0
Quebec,Le Val-Saint-François,Racine,105.63,1265.0,1252.0,1323.0,1340.0
Quebec,Le Val-Saint-François,Richmond,6.98,3336.0,3275.0,3232.0,3259.0
Quebec,Le Val-Saint-François,Saint-Claude,118.85,1104.0,1106.0,1185.0,1141.0
Quebec,Le Val-Saint-François,Saint-Denis-de-Brompton,70.29,3090.0,3402.0,4054.0,4594.0
Quebec,Le Val-Saint-François,Saint-François-Xavier-de-Brompton,97.71,2018.0,2101.0,2273.0,2469.0
Quebec,Le Val-Saint-François,Sainte-Anne-de-la-Rochelle,61.86,642.0,611.0,598.0,625.0
Quebec,Le Val-Saint-François,Stoke,255.12,2708.0,2765.0,2955.0,3014.0
Quebec,Le Val-Saint-François,Ulverton,51.27,363.0,416.0,418.0,433.0
Quebec,Le Val-Saint-François,Val-Joli,91.69,1479.0,1501.0,1619.0,1671.0
Quebec,Le Val-Saint-François,Valcourt,5.41,2349.0,2349.0,2165.0,2139.0
Quebec,Le Val-Saint-François,Valcourt,80.39,1025.0,1047.0,1044.0,1029.0
Quebec,Le Val-Saint-François,Windsor,14.53,5239.0,5367.0,5419.0,5294.0
Quebec,Les Appalaches,Adstock,290.03,2678.0,2643.0,2806.0,2903.0
Quebec,Les Appalaches,Beaulac-Garthby,75.96,900.0,878.0,905.0,931.0
Quebec,Les Appalaches,Disraeli,6.8,2564.0,2502.0,2336.0,2360.0
Quebec,Les Appalaches,Disraeli,92.53,1055.0,1168.0,1123.0,1163.0
Quebec,Les Appalaches,East Broughton,8.86,2351.0,2229.0,2199.0,2248.0
Quebec,Les Appalaches,Irlande,109.85,942.0,959.0,884.0,897.0
Quebec,Les Appalaches,Kinnear's Mills,93.66,333.0,369.0,350.0,397.0
Quebec,Les Appalaches,Sacré-Coeur-de-Jésus,104.73,599.0,564.0,521.0,536.0
Quebec,Les Appalaches,Saint-Adrien-d'Irlande,53.18,403.0,389.0,399.0,395.0
Quebec,Les Appalaches,Saint-Fortunat,76.09,276.0,280.0,263.0,255.0
Quebec,Les Appalaches,Saint-Jacques-de-Leeds,80.56,708.0,711.0,685.0,711.0
Quebec,Les Appalaches,Saint-Jacques-le-Majeur-de-Wolfestown,58.71,171.0,189.0,188.0,186.0
Quebec,Les Appalaches,Saint-Jean-de-Brébeuf,79.15,392.0,359.0,372.0,351.0
Quebec,Les Appalaches,Saint-Joseph-de-Coleraine,126.76,2003.0,1870.0,1762.0,1820.0
Quebec,Les Appalaches,Saint-Julien,81.7,403.0,406.0,376.0,378.0
Quebec,Les Appalaches,Saint-Pierre-de-Broughton,150.56,882.0,882.0,898.0,889.0
Quebec,Les Appalaches,Sainte-Clotilde-de-Beauce,60.55,601.0,650.0,549.0,569.0
Quebec,Les Appalaches,Sainte-Praxède,136.18,425.0,363.0,327.0,351.0
Quebec,Les Appalaches,Thetford Mines,225.97,25704.0,25709.0,25403.0,26072.0
Quebec,Les Basques,Lac-Boisbouscache,98.15,0.0,0.0,0.0,0.0
Quebec,Les Basques,Notre-Dame-des-Neiges,94.44,1209.0,1129.0,1085.0,1194.0
Quebec,Les Basques,Saint-Clément,86.72,521.0,499.0,460.0,479.0
Quebec,Les Basques,Saint-Guy,139.54,89.0,91.0,54.0,76.0
Quebec,Les Basques,Saint-Jean-de-Dieu,152.04,1671.0,1606.0,1596.0,1651.0
Quebec,Les Basques,Saint-Mathieu-de-Rioux,107.27,672.0,678.0,639.0,691.0
Quebec,Les Basques,Saint-Médard,75.28,252.0,222.0,209.0,216.0
Quebec,Les Basques,Saint-Simon-de-Rimouski,74.84,437.0,438.0,426.0,455.0
Quebec,Les Basques,Saint-Éloi,65.77,338.0,311.0,286.0,310.0
Quebec,Les Basques,Sainte-Françoise,88.83,431.0,399.0,386.0,383.0
Quebec,Les Basques,Sainte-Rita,129.52,355.0,313.0,307.0,303.0
Quebec,Les Basques,Trois-Pistoles,7.63,3500.0,3456.0,3246.0,3115.0
Quebec,Les Collines-de-l'Outaouais,Cantley,126.12,7926.0,9888.0,10699.0,11449.0
Quebec,Les Collines-de-l'Outaouais,Chelsea,112.65,6703.0,6977.0,6909.0,8000.0
Quebec,Les Collines-de-l'Outaouais,L'Ange-Gardien,216.05,4348.0,5051.0,5464.0,6102.0
Quebec,Les Collines-de-l'Outaouais,La Pêche,577.18,7477.0,7619.0,7863.0,8636.0
Quebec,Les Collines-de-l'Outaouais,Notre-Dame-de-la-Salette,113.33,774.0,757.0,727.0,841.0
Quebec,Les Collines-de-l'Outaouais,Pontiac,445.27,5238.0,5681.0,5850.0,6142.0
Quebec,Les Collines-de-l'Outaouais,Val-des-Monts,434.77,9539.0,10420.0,11582.0,13328.0
Quebec,Les Etchemins,Lac-Etchemin,157.22,4045.0,4061.0,3822.0,4028.0
Quebec,Les Etchemins,Saint-Benjamin,111.53,865.0,891.0,987.0,1090.0
Quebec,Les Etchemins,Saint-Camille-de-Lellis,251.93,904.0,844.0,752.0,737.0
Quebec,Les Etchemins,Saint-Cyprien,93.48,630.0,548.0,490.0,474.0
Quebec,Les Etchemins,Saint-Louis-de-Gonzague,118.01,442.0,421.0,374.0,390.0
Quebec,Les Etchemins,Saint-Luc-de-Bellechasse,161.99,490.0,480.0,438.0,449.0
Quebec,Les Etchemins,Saint-Magloire,208.61,745.0,725.0,676.0,712.0
Quebec,Les Etchemins,Saint-Prosper,133.74,3612.0,3605.0,3590.0,3596.0
Quebec,Les Etchemins,Saint-Zacharie,186.56,1918.0,1751.0,1653.0,1684.0
Quebec,Les Etchemins,Sainte-Aurélie,78.25,965.0,910.0,847.0,856.0
Quebec,Les Etchemins,Sainte-Justine,126.28,1825.0,1845.0,1820.0,1828.0
Quebec,Les Etchemins,Sainte-Rose-de-Watford,115.13,750.0,787.0,729.0,740.0
Quebec,Les Etchemins,Sainte-Sabine,66.89,408.0,386.0,358.0,343.0
Quebec,Les Jardins-de-Napierville,Hemmingford,1.07,757.0,808.0,755.0,829.0
Quebec,Les Jardins-de-Napierville,Hemmingford,157.22,1763.0,1747.0,1900.0,1995.0
Quebec,Les Jardins-de-Napierville,Napierville,4.5,3352.0,3525.0,3899.0,4020.0
Quebec,Les Jardins-de-Napierville,Saint-Bernard-de-Lacolle,113.36,1537.0,1477.0,1549.0,1542.0
Quebec,Les Jardins-de-Napierville,Saint-Cyprien-de-Napierville,97.75,1570.0,1869.0,1927.0,1735.0
Quebec,Les Jardins-de-Napierville,Saint-Jacques-le-Mineur,67.18,1628.0,1672.0,1690.0,1766.0
Quebec,Les Jardins-de-Napierville,Saint-Michel,59.82,2637.0,2884.0,3186.0,3521.0
Quebec,Les Jardins-de-Napierville,Saint-Patrice-de-Sherrington,92.55,1911.0,1971.0,1960.0,1963.0
Quebec,Les Jardins-de-Napierville,Saint-Rémi,78.18,6136.0,7265.0,8061.0,8957.0
Quebec,Les Jardins-de-Napierville,Saint-Édouard,52.68,1212.0,1312.0,1321.0,1365.0
Quebec,Les Jardins-de-Napierville,Sainte-Clotilde,78.21,1608.0,1704.0,1622.0,2646.0
Quebec,Les Laurentides,Amherst,227.86,1421.0,1524.0,1484.0,1728.0
Quebec,Les Laurentides,Arundel,63.45,601.0,604.0,563.0,578.0
Quebec,Les Laurentides,Barkmere,17.72,87.0,58.0,58.0,81.0
Quebec,Les Laurentides,Brébeuf,35.78,939.0,1012.0,976.0,1009.0
Quebec,Les Laurentides,Huberdeau,56.72,924.0,894.0,868.0,863.0
Quebec,Les Laurentides,Ivry-sur-le-Lac,29.3,397.0,425.0,387.0,391.0
Quebec,Les Laurentides,La Conception,127.37,1283.0,1287.0,1337.0,1527.0
Quebec,Les Laurentides,La Minerve,274.92,1295.0,1234.0,1205.0,1421.0
Quebec,Les Laurentides,Labelle,196.69,2258.0,2445.0,2477.0,2765.0
Quebec,Les Laurentides,Lac-Supérieur,365.98,1745.0,1892.0,1888.0,1972.0
Quebec,Les Laurentides,Lac-Tremblant-Nord,20.62,25.0,47.0,42.0,60.0
Quebec,Les Laurentides,Lantier,48.19,825.0,828.0,834.0,891.0
Quebec,Les Laurentides,Mont-Tremblant,233.75,8892.0,9494.0,9646.0,10992.0
Quebec,Les Laurentides,Montcalm,117.71,652.0,619.0,628.0,632.0
Quebec,Les Laurentides,Saint-Faustin--Lac-Carré,120.21,2985.0,3467.0,3499.0,3780.0
Quebec,Les Laurentides,Sainte-Agathe-des-Monts,129.1,9679.0,10115.0,10223.0,11211.0
Quebec,Les Laurentides,Sainte-Lucie-des-Laurentides,108.98,1138.0,1269.0,1256.0,1445.0
Quebec,Les Laurentides,Val-David,42.66,4216.0,4450.0,4917.0,5558.0
Quebec,Les Laurentides,Val-Morin,39.2,2756.0,2772.0,2870.0,3123.0
Quebec,Les Laurentides,Val-des-Lacs,126.7,778.0,721.0,744.0,750.0
Quebec,Les Maskoutains,La Présentation,94.39,2115.0,2466.0,2540.0,2638.0
Quebec,Les Maskoutains,Saint-Barnabé-Sud,57.2,864.0,859.0,861.0,962.0
Quebec,Les Maskoutains,Saint-Bernard-de-Michaudville,66.05,486.0,521.0,586.0,616.0
Quebec,Les Maskoutains,Saint-Damase,79.65,2486.0,2506.0,2473.0,2447.0
Quebec,Les Maskoutains,Saint-Dominique,70.53,2132.0,2327.0,2553.0,2741.0
Quebec,Les Maskoutains,Saint-Hugues,84.64,1310.0,1292.0,1327.0,1340.0
Quebec,Les Maskoutains,Saint-Hyacinthe,188.85,51616.0,53236.0,55648.0,57239.0
Quebec,Les Maskoutains,Saint-Jude,77.33,1130.0,1235.0,1214.0,1326.0
Quebec,Les Maskoutains,Saint-Liboire,73.82,2895.0,3051.0,3062.0,3036.0
Quebec,Les Maskoutains,Saint-Louis,47.21,726.0,775.0,712.0,740.0
Quebec,Les Maskoutains,Saint-Marcel-de-Richelieu,51.27,580.0,543.0,497.0,507.0
Quebec,Les Maskoutains,Saint-Pie,107.42,5109.0,5438.0,5607.0,5847.0
Quebec,Les Maskoutains,Saint-Simon,69.05,1228.0,1231.0,1413.0,1386.0
Quebec,Les Maskoutains,Saint-Valérien-de-Milton,106.92,1718.0,1840.0,1793.0,1767.0
Quebec,Les Maskoutains,Sainte-Hélène-de-Bagot,72.41,1446.0,1637.0,1688.0,1696.0
Quebec,Les Maskoutains,Sainte-Madeleine,5.36,2175.0,2356.0,2233.0,2268.0
Quebec,Les Maskoutains,Sainte-Marie-Madeleine,50.04,2678.0,2935.0,2892.0,2876.0
Quebec,Les Moulins,Mascouche,106.89,33764.0,42491.0,46692.0,51183.0
Quebec,Les Moulins,Terrebonne,153.76,94703.0,106322.0,111575.0,119944.0
Quebec,Les Pays-d'en-Haut,Estérel,12.62,256.0,199.0,196.0,262.0
Quebec,Les Pays-d'en-Haut,Lac-des-Seize-Îles,8.88,160.0,223.0,192.0,175.0
Quebec,Les Pays-d'en-Haut,Morin-Heights,55.96,3503.0,3925.0,4145.0,4678.0
Quebec,Les Pays-d'en-Haut,Piedmont,24.36,2386.0,2721.0,2950.0,3476.0
Quebec,Les Pays-d'en-Haut,Saint-Adolphe-d'Howard,135.8,3563.0,3702.0,3509.0,3824.0
Quebec,Les Pays-d'en-Haut,Saint-Sauveur,47.62,9191.0,9881.0,10231.0,11580.0
Quebec,Les Pays-d'en-Haut,Sainte-Adèle,119.67,10634.0,12137.0,12919.0,14010.0
Quebec,Les Pays-d'en-Haut,Sainte-Anne-des-Lacs,24.65,3029.0,3363.0,3611.0,3862.0
Quebec,Les Pays-d'en-Haut,Sainte-Marguerite-du-Lac-Masson,91.56,2498.0,2740.0,2763.0,3367.0
Quebec,Les Pays-d'en-Haut,Wentworth-Nord,152.87,1353.0,1440.0,1361.0,1672.0
Quebec,Les Sources,Danville,151.73,4041.0,4070.0,3826.0,3888.0
Quebec,Les Sources,Ham-Sud,151.21,219.0,225.0,235.0,214.0
Quebec,Les Sources,Saint-Adrien,98.52,488.0,490.0,522.0,522.0
Quebec,Les Sources,Saint-Camille,83.1,448.0,511.0,529.0,551.0
Quebec,Les Sources,Saint-Georges-de-Windsor,127.46,911.0,911.0,958.0,958.0
Quebec,Les Sources,Val-des-Sources,30.25,6819.0,7096.0,6786.0,7088.0
Quebec,Les Sources,Wotton,143.15,1540.0,1453.0,1430.0,1402.0
Quebec,Longueuil,Boucherville,71.02,39062.0,40753.0,41671.0,41743.0
Quebec,Longueuil,Brossard,45.19,71154.0,79273.0,85721.0,91525.0
Quebec,Longueuil,Longueuil,115.77,229330.0,231409.0,239897.0,254483.0
Quebec,Longueuil,Saint-Bruno-de-Montarville,42.85,24388.0,26107.0,26197.0,26273.0
Quebec,Longueuil,Saint-Lambert,7.56,21599.0,21555.0,21861.0,22761.0
Quebec,Lotbinière,Dosquet,65.07,907.0,887.0,944.0,935.0
Quebec,Lotbinière,Laurier-Station,12.16,2403.0,2634.0,2573.0,2570.0
Quebec,Lotbinière,Leclercville,136.61,524.0,477.0,473.0,491.0
Quebec,Lotbinière,Lotbinière,79.91,931.0,887.0,812.0,855.0
Quebec,Lotbinière,Notre-Dame-du-Sacré-Coeur-d'Issoudun,60.32,794.0,869.0,861.0,867.0
Quebec,Lotbinière,Saint-Agapit,65.4,2965.0,3567.0,4280.0,4526.0
Quebec,Lotbinière,Saint-Antoine-de-Tilly,59.95,1449.0,1604.0,1598.0,1682.0
Quebec,Lotbinière,Saint-Apollinaire,96.83,4425.0,5102.0,6110.0,7968.0
Quebec,Lotbinière,Saint-Flavien,66.16,1585.0,1578.0,1618.0,1619.0
Quebec,Lotbinière,Saint-Gilles,177.43,1813.0,2138.0,2525.0,2910.0
Quebec,Lotbinière,Saint-Janvier-de-Joly,109.88,890.0,968.0,984.0,1079.0
Quebec,Lotbinière,Saint-Narcisse-de-Beaurivage,62.07,975.0,1091.0,1106.0,1152.0
Quebec,Lotbinière,Saint-Patrice-de-Beaurivage,85.73,1037.0,1080.0,1036.0,1109.0
Quebec,Lotbinière,Saint-Sylvestre,147.15,973.0,1035.0,1019.0,1019.0
Quebec,Lotbinière,Saint-Édouard-de-Lotbinière,98.43,1261.0,1248.0,1194.0,1240.0
Quebec,Lotbinière,Sainte-Agathe-de-Lotbinière,166.99,1202.0,1145.0,1168.0,1049.0
Quebec,Lotbinière,Sainte-Croix,69.63,2390.0,2352.0,2516.0,2529.0
Quebec,Lotbinière,Val-Alain,102.54,901.0,955.0,924.0,986.0
Quebec,Lévis,Lévis,448.07,130006.0,138769.0,143414.0,149683.0
Quebec,Manicouagan,Baie-Comeau,334.83,22554.0,22113.0,21536.0,20687.0
Quebec,Manicouagan,Baie-Trinité,417.48,526.0,419.0,407.0,438.0
Quebec,Manicouagan,Chute-aux-Outardes,7.51,1853.0,1644.0,1563.0,1391.0
Quebec,Manicouagan,Franquelin,436.55,346.0,324.0,313.0,285.0
Quebec,Manicouagan,Godbout,159.18,361.0,298.0,265.0,272.0
Quebec,Manicouagan,Pessamit,245.19,2357.0,2420.0,2256.0,2428.0
Quebec,Manicouagan,Pointe-Lebel,85.54,1958.0,1973.0,1918.0,1817.0
Quebec,Manicouagan,Pointe-aux-Outardes,75.19,1443.0,1330.0,1332.0,1434.0
Quebec,Manicouagan,Ragueneau,179.83,1520.0,1405.0,1343.0,1314.0
Quebec,Manicouagan,Rivière-aux-Outardes,32713.75,134.0,86.0,94.0,92.0
Quebec,Marguerite-D'Youville,Calixa-Lavallée,32.2,533.0,504.0,523.0,509.0
Quebec,Marguerite-D'Youville,Contrecoeur,62.2,5678.0,6252.0,7887.0,9480.0
Quebec,Marguerite-D'Youville,Saint-Amable,36.77,8398.0,10870.0,12167.0,13322.0
Quebec,Marguerite-D'Youville,Sainte-Julie,48.49,29079.0,30104.0,29881.0,30045.0
Quebec,Marguerite-D'Youville,Varennes,94.8,20950.0,20994.0,21257.0,21198.0
Quebec,Marguerite-D'Youville,Verchères,72.63,5243.0,5692.0,5835.0,5759.0
Quebec,Maria-Chapdelaine,Albanel,197.45,2326.0,2293.0,2262.0,2181.0
Quebec,Maria-Chapdelaine,Dolbeau-Mistassini,293.43,14546.0,14384.0,14212.0,13718.0
Quebec,Maria-Chapdelaine,Girardville,124.11,1186.0,1100.0,988.0,1018.0
Quebec,Maria-Chapdelaine,Normandin,211.79,3220.0,3137.0,3033.0,2991.0
Quebec,Maria-Chapdelaine,Notre-Dame-de-Lorette,325.77,175.0,189.0,189.0,159.0
Quebec,Maria-Chapdelaine,Passes-Dangereuses,15579.11,174.0,226.0,184.0,210.0
Quebec,Maria-Chapdelaine,Péribonka,110.3,541.0,464.0,515.0,489.0
Quebec,Maria-Chapdelaine,Rivière-Mistassini,17629.74,10.0,31.0,49.0,27.0
Quebec,Maria-Chapdelaine,Saint-Augustin,104.25,393.0,400.0,351.0,334.0
Quebec,Maria-Chapdelaine,Saint-Edmond-les-Plaines,84.39,432.0,390.0,381.0,355.0
Quebec,Maria-Chapdelaine,Saint-Eugène-d'Argentenay,87.05,572.0,546.0,488.0,487.0
Quebec,Maria-Chapdelaine,Saint-Stanislas,153.58,345.0,353.0,373.0,376.0
Quebec,Maria-Chapdelaine,Saint-Thomas-Didyme,333.25,708.0,677.0,676.0,703.0
Quebec,Maria-Chapdelaine,Sainte-Jeanne-d'Arc,267.28,1139.0,1089.0,1050.0,1101.0
Quebec,Maskinongé,Charette,41.9,924.0,993.0,953.0,1034.0
Quebec,Maskinongé,Louiseville,62.59,7433.0,7517.0,7152.0,7340.0
Quebec,Maskinongé,Maskinongé,73.31,2233.0,2253.0,2319.0,2323.0
Quebec,Maskinongé,Saint-Alexis-des-Monts,1035.74,3118.0,3046.0,2981.0,2999.0
Quebec,Maskinongé,Saint-Barnabé,58.94,1207.0,1179.0,1196.0,1186.0
Quebec,Maskinongé,Saint-Boniface,107.42,4180.0,4511.0,4832.0,5156.0
Quebec,Maskinongé,Saint-Justin,78.96,1051.0,1060.0,973.0,961.0
Quebec,Maskinongé,Saint-Léon-le-Grand,75.97,965.0,992.0,928.0,863.0
Quebec,Maskinongé,Saint-Mathieu-du-Parc,218.85,1376.0,1407.0,1338.0,1482.0
Quebec,Maskinongé,Saint-Paulin,95.41,1622.0,1534.0,1497.0,1541.0
Quebec,Maskinongé,Saint-Sévère,31.85,329.0,318.0,302.0,337.0
Quebec,Maskinongé,Saint-Édouard-de-Maskinongé,52.82,800.0,774.0,712.0,798.0
Quebec,Maskinongé,Saint-Élie-de-Caxton,116.84,1676.0,1676.0,1836.0,1934.0
Quebec,Maskinongé,Saint-Étienne-des-Grès,104.54,3881.0,4217.0,4541.0,4539.0
Quebec,Maskinongé,Sainte-Angèle-de-Prémont,37.73,663.0,647.0,596.0,631.0
Quebec,Maskinongé,Sainte-Ursule,67.83,1419.0,1375.0,1330.0,1355.0
Quebec,Maskinongé,Yamachiche,106.39,2760.0,2787.0,2830.0,2813.0
Quebec,Matawinie,Baie-Atibenne,527.58,0.0,0.0,0.0,0.0
Quebec,Matawinie,Baie-Obaoca,1261.66,0.0,0.0,0.0,0.0
Quebec,Matawinie,Baie-de-la-Bouteille,1938.18,5.0,5.0,5.0,10.0
Quebec,Matawinie,Chertsey,286.05,5006.0,4836.0,4696.0,5295.0
Quebec,Matawinie,Communauté Atikamekw de Manawan,8.03,1843.0,2073.0,2060.0,2000.0
Quebec,Matawinie,Entrelacs,48.71,952.0,906.0,928.0,1054.0
Quebec,Matawinie,Lac-Cabasta,4.7,0.0,0.0,0.0,0.0
Quebec,Matawinie,Lac-Devenyns,100.71,0.0,0.0,0.0,5.0
Quebec,Matawinie,Lac-Legendre,693.58,0.0,0.0,0.0,0.0
Quebec,Matawinie,Lac-Matawin,759.12,10.0,15.0,10.0,10.0
Quebec,Matawinie,Lac-Minaki,80.59,0.0,0.0,0.0,0.0
Quebec,Matawinie,Lac-Santé,12.21,0.0,0.0,0.0,0.0
Quebec,Matawinie,Lac-des-Dix-Milles,224.78,0.0,0.0,0.0,0.0
Quebec,Matawinie,Lac-du-Taureau,5.86,0.0,0.0,0.0,0.0
Quebec,Matawinie,Notre-Dame-de-la-Merci,248.58,1056.0,978.0,905.0,1097.0
Quebec,Matawinie,Rawdon,185.38,10058.0,10416.0,11057.0,11719.0
Quebec,Matawinie,Saint-Alphonse-Rodriguez,97.54,3152.0,3134.0,3162.0,3339.0
Quebec,Matawinie,Saint-Côme,164.89,2161.0,2198.0,2193.0,2583.0
Quebec,Matawinie,Saint-Damien,252.28,2178.0,2020.0,2094.0,2393.0
Quebec,Matawinie,Saint-Donat,350.17,4297.0,4130.0,3888.0,4561.0
Quebec,Matawinie,Saint-Félix-de-Valois,88.4,5755.0,6029.0,6305.0,6975.0
Quebec,Matawinie,Saint-Guillaume-Nord,752.78,108.0,65.0,87.0,102.0
Quebec,Matawinie,Saint-Jean-de-Matha,109.49,4152.0,4335.0,4450.0,4838.0
Quebec,Matawinie,Saint-Michel-des-Saints,493.92,2713.0,2201.0,2359.0,2496.0
Quebec,Matawinie,Saint-Zénon,460.41,1379.0,1115.0,1120.0,1317.0
Quebec,Matawinie,Sainte-Béatrix,82.96,1788.0,1849.0,1955.0,2170.0
Quebec,Matawinie,Sainte-Marcelline-de-Kildare,34.52,1423.0,1567.0,1594.0,1795.0
Quebec,Matawinie,Sainte-Émélie-de-l'Énergie,150.08,1681.0,1644.0,1567.0,1741.0
Quebec,Memphrémagog,Austin,73.58,1404.0,1880.0,1485.0,1748.0
Quebec,Memphrémagog,Ayer's Cliff,5.53,1096.0,1109.0,1073.0,1180.0
Quebec,Memphrémagog,Bolton-Est,79.39,704.0,910.0,940.0,1108.0
Quebec,Memphrémagog,Eastman,73.57,1585.0,1740.0,1843.0,2279.0
Quebec,Memphrémagog,Hatley,60.43,777.0,761.0,685.0,771.0
Quebec,Memphrémagog,Hatley,71.6,1786.0,2003.0,2106.0,2230.0
Quebec,Memphrémagog,Magog,144.26,23880.0,25358.0,26669.0,28312.0
Quebec,Memphrémagog,North Hatley,3.35,722.0,654.0,632.0,675.0
Quebec,Memphrémagog,Ogden,74.68,762.0,770.0,741.0,761.0
Quebec,Memphrémagog,Orford,136.14,2979.0,3575.0,4337.0,5007.0
Quebec,Memphrémagog,Potton,260.77,1790.0,1849.0,1852.0,2012.0
Quebec,Memphrémagog,Saint-Benoît-du-Lac,2.18,48.0,50.0,32.0,43.0
Quebec,Memphrémagog,Saint-Étienne-de-Bolton,47.27,496.0,534.0,674.0,816.0
Quebec,Memphrémagog,Sainte-Catherine-de-Hatley,86.34,2318.0,2464.0,2479.0,2741.0
Quebec,Memphrémagog,Stanstead,21.95,2957.0,2857.0,2788.0,2824.0
Quebec,Memphrémagog,Stanstead,113.2,1065.0,1038.0,1036.0,1148.0
Quebec,Memphrémagog,Stukely-Sud,63.19,941.0,999.0,1058.0,1142.0
Quebec,Minganie--Le Golfe-du-Saint-Laurent,Aguanish,532.04,303.0,278.0,245.0,224.0
Quebec,Minganie--Le Golfe-du-Saint-Laurent,Baie-Johan-Beetz,327.46,95.0,81.0,86.0,84.0
Quebec,Minganie--Le Golfe-du-Saint-Laurent,Blanc-Sablon,234.98,1263.0,1118.0,1112.0,1122.0
Quebec,Minganie--Le Golfe-du-Saint-Laurent,Bonne-Espérance,622.99,834.0,732.0,681.0,692.0
Quebec,Minganie--Le Golfe-du-Saint-Laurent,Côte-Nord-du-Golfe-du-Saint-Laurent,2597.05,1028.0,971.0,856.0,787.0
Quebec,Minganie--Le Golfe-du-Saint-Laurent,Gros-Mécatina,742.15,566.0,499.0,451.0,356.0
Quebec,Minganie--Le Golfe-du-Saint-Laurent,Havre-Saint-Pierre,2570.09,3150.0,3418.0,3460.0,3337.0
Quebec,Minganie--Le Golfe-du-Saint-Laurent,L'Île-d'Anticosti,7715.99,281.0,240.0,218.0,177.0
Quebec,Minganie--Le Golfe-du-Saint-Laurent,Lac-Jérôme,40019.7,0.0,0.0,0.0,0.0
Quebec,Minganie--Le Golfe-du-Saint-Laurent,Longue-Pointe-de-Mingan,370.03,430.0,479.0,434.0,408.0
Quebec,Minganie--Le Golfe-du-Saint-Laurent,Mingan,17.24,407.0,453.0,552.0,552.0
Quebec,Minganie--Le Golfe-du-Saint-Laurent,Natashquan,667.91,264.0,246.0,263.0,262.0
Quebec,Minganie--Le Golfe-du-Saint-Laurent,Nutashkuan,1.35,810.0,841.0,835.0,915.0
Quebec,Minganie--Le Golfe-du-Saint-Laurent,Petit-Mécatina,35347.19,0.0,0.0,0.0,0.0
Quebec,Minganie--Le Golfe-du-Saint-Laurent,Rivière-Saint-Jean,513.36,260.0,239.0,215.0,227.0
Quebec,Minganie--Le Golfe-du-Saint-Laurent,Rivière-au-Tonnerre,605.14,390.0,307.0,279.0,281.0
Quebec,Minganie--Le Golfe-du-Saint-Laurent,Saint-Augustin,1137.68,599.0,478.0,445.0,425.0
Quebec,Mirabel,Mirabel,484.09,34626.0,41957.0,50513.0,61108.0
Quebec,Montcalm,Saint-Calixte,142.63,5687.0,5934.0,6046.0,6792.0
Quebec,Montcalm,Saint-Esprit,54.19,1868.0,1963.0,1967.0,2011.0
Quebec,Montcalm,Saint-Jacques,67.17,3706.0,4021.0,3971.0,4302.0
Quebec,Montcalm,Saint-Liguori,50.88,1887.0,1976.0,1943.0,2066.0
Quebec,Montcalm,Saint-Lin--Laurentides,118.29,14159.0,17463.0,20786.0,24030.0
Quebec,Montcalm,Saint-Roch-Ouest,20.14,285.0,267.0,266.0,262.0
Quebec,Montcalm,Saint-Roch-de-l'Achigan,80.06,4449.0,4892.0,5147.0,5453.0
Quebec,Montcalm,Sainte-Julienne,99.42,7983.0,9331.0,9953.0,11173.0
Quebec,Montcalm,Sainte-Marie-Salomé,33.79,1256.0,1164.0,1209.0,1221.0
Quebec,Montmagny,Berthier-sur-Mer,26.85,1239.0,1398.0,1555.0,1744.0
Quebec,Montmagny,Cap-Saint-Ignace,204.32,3204.0,3045.0,3089.0,3099.0
Quebec,Montmagny,Lac-Frontière,49.96,197.0,198.0,184.0,175.0
Quebec,Montmagny,Montmagny,124.44,11353.0,11491.0,11255.0,10999.0
Quebec,Montmagny,Notre-Dame-du-Rosaire,164.63,394.0,384.0,392.0,371.0
Quebec,Montmagny,Saint-Antoine-de-l'Isle-aux-Grues,23.97,163.0,146.0,144.0,122.0
Quebec,Montmagny,Saint-Fabien-de-Panet,187.01,1057.0,992.0,954.0,945.0
Quebec,Montmagny,Saint-François-de-la-Rivière-du-Sud,96.35,1574.0,1596.0,1623.0,1580.0
Quebec,Montmagny,Saint-Just-de-Bretenières,132.6,794.0,709.0,668.0,639.0
Quebec,Montmagny,Saint-Paul-de-Montminy,162.77,840.0,824.0,785.0,849.0
Quebec,Montmagny,Saint-Pierre-de-la-Rivière-du-Sud,91.05,1014.0,920.0,907.0,840.0
Quebec,Montmagny,Sainte-Apolline-de-Patton,256.51,678.0,541.0,542.0,505.0
Quebec,Montmagny,Sainte-Euphémie-sur-Rivière-du-Sud,92.44,358.0,329.0,320.0,338.0
Quebec,Montmagny,Sainte-Lucie-de-Beauregard,82.17,336.0,304.0,280.0,275.0
Quebec,Montréal,Baie-D'Urfé,6.03,3902.0,3850.0,3823.0,3764.0
Quebec,Montréal,Beaconsfield,11.03,19194.0,19505.0,19324.0,19277.0
Quebec,Montréal,Côte-Saint-Luc,7.04,31395.0,32321.0,32448.0,34504.0
Quebec,Montréal,Dollard-Des Ormeaux,14.98,48930.0,49637.0,48899.0,48403.0
Quebec,Montréal,Dorval,20.91,18088.0,18208.0,18980.0,19302.0
Quebec,Montréal,Hampstead,1.79,6996.0,7153.0,6973.0,7037.0
Quebec,Montréal,Kirkland,9.65,20491.0,21253.0,20151.0,19413.0
Quebec,Montréal,L'Île-Dorval,0.19,0.0,5.0,5.0,30.0
Quebec,Montréal,Mont-Royal,7.55,18933.0,19503.0,20276.0,20953.0
Quebec,Montréal,Montréal,364.74,1620693.0,1649519.0,1704694.0,1762949.0
Quebec,Montréal,Montréal-Est,12.15,3822.0,3728.0,3850.0,4394.0
Quebec,Montréal,Montréal-Ouest,1.37,5184.0,5085.0,5050.0,5115.0
Quebec,Montréal,Pointe-Claire,18.91,30161.0,30790.0,31380.0,33488.0
Quebec,Montréal,Sainte-Anne-de-Bellevue,10.46,5197.0,5073.0,4958.0,5027.0
Quebec,Montréal,Senneville,7.45,962.0,920.0,921.0,951.0
Quebec,Montréal,Westmount,4.04,20494.0,19931.0,20312.0,19658.0
Quebec,Mékinac,Grandes-Piles,116.97,350.0,361.0,415.0,493.0
Quebec,Mékinac,Hérouxville,54.72,1235.0,1340.0,1278.0,1367.0
Quebec,Mékinac,Lac-Boulé,22.95,0.0,0.0,0.0,0.0
Quebec,Mékinac,Lac-Masketsi,211.51,5.0,0.0,0.0,0.0
Quebec,Mékinac,Lac-Normand,2016.35,5.0,5.0,5.0,29.0
Quebec,Mékinac,Lac-aux-Sables,269.7,1312.0,1373.0,1292.0,1380.0
Quebec,Mékinac,Notre-Dame-de-Montauban,162.4,846.0,747.0,745.0,815.0
Quebec,Mékinac,Rivière-de-la-Savane,1087.02,0.0,0.0,0.0,41.0
Quebec,Mékinac,Saint-Adelphe,137.08,1013.0,952.0,922.0,922.0
Quebec,Mékinac,Saint-Roch-de-Mékinac,144.52,324.0,438.0,302.0,304.0
Quebec,Mékinac,Saint-Séverin,61.65,859.0,860.0,846.0,812.0
Quebec,Mékinac,Saint-Tite,91.1,3826.0,3880.0,3673.0,3672.0
Quebec,Mékinac,Sainte-Thècle,212.48,2486.0,2478.0,2484.0,2415.0
Quebec,Mékinac,Trois-Rives,597.76,411.0,490.0,396.0,512.0
Quebec,Nicolet-Yamaska,Aston-Jonction,26.2,377.0,410.0,424.0,441.0
Quebec,Nicolet-Yamaska,Baie-du-Febvre,96.78,1063.0,1010.0,988.0,961.0
Quebec,Nicolet-Yamaska,Grand-Saint-Esprit,27.22,466.0,471.0,476.0,488.0
Quebec,Nicolet-Yamaska,La Visitation-de-Yamaska,42.65,348.0,331.0,327.0,295.0
Quebec,Nicolet-Yamaska,Nicolet,96.11,7827.0,7828.0,8169.0,8620.0
Quebec,Nicolet-Yamaska,Odanak,5.61,469.0,457.0,449.0,481.0
Quebec,Nicolet-Yamaska,Pierreville,77.71,2337.0,2176.0,2143.0,2104.0
Quebec,Nicolet-Yamaska,Saint-Célestin,1.41,762.0,781.0,831.0,892.0
Quebec,Nicolet-Yamaska,Saint-Célestin,76.99,624.0,611.0,575.0,594.0
Quebec,Nicolet-Yamaska,Saint-Elphège,40.53,271.0,292.0,270.0,251.0
Quebec,Nicolet-Yamaska,Saint-François-du-Lac,63.8,2002.0,1957.0,1965.0,1898.0
Quebec,Nicolet-Yamaska,Saint-Léonard-d'Aston,82.55,2146.0,2271.0,2331.0,2530.0
Quebec,Nicolet-Yamaska,Saint-Wenceslas,79.57,1101.0,1064.0,1157.0,1167.0
Quebec,Nicolet-Yamaska,Saint-Zéphirin-de-Courval,71.94,825.0,737.0,700.0,707.0
Quebec,Nicolet-Yamaska,Sainte-Eulalie,86.3,894.0,871.0,894.0,984.0
Quebec,Nicolet-Yamaska,Sainte-Monique,58.1,536.0,548.0,501.0,519.0
Quebec,Nicolet-Yamaska,Sainte-Perpétue,71.51,959.0,983.0,959.0,916.0
Quebec,Nord-du-Québec,Akulivik,75.02,507.0,615.0,633.0,642.0
Quebec,Nord-du-Québec,Akulivik,433.92,0.0,0.0,0.0,0.0
Quebec,Nord-du-Québec,Aupaluk,28.68,174.0,195.0,209.0,233.0
Quebec,Nord-du-Québec,Aupaluk,525.88,0.0,0.0,0.0,0.0
Quebec,Nord-du-Québec,Baie-d'Hudson,120831.34,16.0,0.0,0.0,5.0
Quebec,Nord-du-Québec,Chapais,62.31,1630.0,1610.0,1499.0,1468.0
Quebec,Nord-du-Québec,Chibougamau,694.87,7563.0,7541.0,7504.0,7233.0
Quebec,Nord-du-Québec,Chisasibi,480.29,0.0,0.0,0.0,0.0
Quebec,Nord-du-Québec,Chisasibi,825.11,3972.0,4484.0,4872.0,4985.0
Quebec,Nord-du-Québec,Eastmain,317.72,0.0,0.0,0.0,0.0
Quebec,Nord-du-Québec,Eastmain,148.99,650.0,767.0,866.0,924.0
Quebec,Nord-du-Québec,Eeyou Istchee Baie-James,283123.42,1394.0,1303.0,1579.0,2638.0
Quebec,Nord-du-Québec,Inukjuak,54.92,1597.0,1597.0,1757.0,1821.0
Quebec,Nord-du-Québec,Inukjuak,420.69,0.0,0.0,0.0,0.0
Quebec,Nord-du-Québec,Ivujivik,35.15,349.0,370.0,414.0,412.0
Quebec,Nord-du-Québec,Kangiqsualujjuaq,34.33,735.0,874.0,942.0,956.0
Quebec,Nord-du-Québec,Kangiqsualujjuaq,530.48,0.0,0.0,0.0,0.0
Quebec,Nord-du-Québec,Kangiqsujuaq,12.41,605.0,696.0,750.0,837.0
Quebec,Nord-du-Québec,Kangiqsujuaq,561.33,0.0,0.0,0.0,0.0
Quebec,Nord-du-Québec,Kangirsuk,57.15,466.0,549.0,567.0,561.0
Quebec,Nord-du-Québec,Kangirsuk,512.43,0.0,0.0,0.0,0.0
Quebec,Nord-du-Québec,Kawawachikamach,234.8,0.0,0.0,0.0,0.0
Quebec,Nord-du-Québec,Kuujjuaq,289.97,2132.0,2375.0,2754.0,2668.0
Quebec,Nord-du-Québec,Kuujjuaq,315.46,0.0,0.0,0.0,0.0
Quebec,Nord-du-Québec,Kuujjuarapik,7.45,568.0,657.0,654.0,792.0
Quebec,Nord-du-Québec,Kuujjuarapik,289.92,0.0,0.0,0.0,0.0
Quebec,Nord-du-Québec,Lebel-sur-Quévillon,44.41,2729.0,2159.0,2187.0,2091.0
Quebec,Nord-du-Québec,Matagami,75.12,1555.0,1526.0,1453.0,1402.0
Quebec,Nord-du-Québec,Mistissini,488.03,0.0,0.0,0.0,10.0
Quebec,Nord-du-Québec,Mistissini,807.75,2897.0,3427.0,3523.0,3731.0
Quebec,Nord-du-Québec,Nemaska,47.89,0.0,0.0,0.0,0.0
Quebec,Nord-du-Québec,Nemaska,98.42,642.0,712.0,760.0,832.0
Quebec,Nord-du-Québec,Oujé-Bougoumou,96.22,606.0,725.0,747.0,797.0
Quebec,Nord-du-Québec,Puvirnituq,81.61,1457.0,1692.0,1779.0,2129.0
Quebec,Nord-du-Québec,Quaqtaq,25.82,315.0,376.0,403.0,453.0
Quebec,Nord-du-Québec,Quaqtaq,503.65,0.0,0.0,0.0,0.0
Quebec,Nord-du-Québec,Rivière-Koksoak,290009.61,15.0,0.0,0.0,0.0
Quebec,Nord-du-Québec,Salluit,15.08,1241.0,1347.0,1483.0,1580.0
Quebec,Nord-du-Québec,Salluit,591.68,0.0,0.0,0.0,0.0
Quebec,Nord-du-Québec,Tasiujaq,65.53,248.0,303.0,369.0,420.0
Quebec,Nord-du-Québec,Tasiujaq,492.69,0.0,0.0,0.0,0.0
Quebec,Nord-du-Québec,Umiujaq,28.38,390.0,444.0,442.0,541.0
Quebec,Nord-du-Québec,Umiujaq,253.95,0.0,0.0,0.0,0.0
Quebec,Nord-du-Québec,Waskaganish,274.22,0.0,0.0,0.0,0.0
Quebec,Nord-du-Québec,Waskaganish,496.99,1864.0,2206.0,2196.0,2536.0
Quebec,Nord-du-Québec,Waswanipi,213.35,0.0,0.0,0.0,0.0
Quebec,Nord-du-Québec,Waswanipi,385.83,1473.0,1777.0,1759.0,459.0
Quebec,Nord-du-Québec,Wemindji,169.12,0.0,0.0,0.0,0.0
Quebec,Nord-du-Québec,Wemindji,387.37,1215.0,1378.0,1444.0,1562.0
Quebec,Nord-du-Québec,Whapmagoostui,120.86,0.0,0.0,0.0,0.0
Quebec,Nord-du-Québec,Whapmagoostui,190.83,812.0,874.0,1016.0,1022.0
Quebec,Papineau,Boileau,134.08,499.0,380.0,335.0,405.0
Quebec,Papineau,Bowman,126.4,676.0,677.0,658.0,667.0
Quebec,Papineau,Chénéville,65.83,784.0,792.0,764.0,848.0
Quebec,Papineau,Duhamel,427.32,483.0,412.0,430.0,569.0
Quebec,Papineau,Fassett,12.52,468.0,451.0,431.0,453.0
Quebec,Papineau,Lac-Simon,95.65,869.0,984.0,944.0,1057.0
Quebec,Papineau,Lac-des-Plages,150.95,403.0,522.0,431.0,548.0
Quebec,Papineau,Lochaber,62.14,497.0,409.0,415.0,446.0
Quebec,Papineau,Lochaber-Partie-Ouest,57.39,514.0,646.0,856.0,926.0
Quebec,Papineau,Mayo,72.51,549.0,572.0,601.0,704.0
Quebec,Papineau,Montebello,8.6,987.0,978.0,983.0,934.0
Quebec,Papineau,Montpellier,246.12,966.0,986.0,985.0,1112.0
Quebec,Papineau,Mulgrave-et-Derry,289.52,389.0,246.0,369.0,461.0
Quebec,Papineau,Namur,56.17,487.0,596.0,572.0,633.0
Quebec,Papineau,Notre-Dame-de-Bonsecours,258.36,275.0,261.0,301.0,285.0
Quebec,Papineau,Notre-Dame-de-la-Paix,105.96,719.0,718.0,648.0,675.0
Quebec,Papineau,Papineauville,61.13,2167.0,2165.0,2101.0,2153.0
Quebec,Papineau,Plaisance,36.21,1024.0,1103.0,1088.0,1129.0
Quebec,Papineau,Ripon,129.93,1497.0,1522.0,1542.0,1735.0
Quebec,Papineau,Saint-André-Avellin,137.34,3435.0,3702.0,3749.0,3562.0
Quebec,Papineau,Saint-Sixte,84.34,466.0,460.0,469.0,490.0
Quebec,Papineau,Saint-Émile-de-Suffolk,55.68,537.0,566.0,477.0,512.0
Quebec,Papineau,Thurso,6.65,2299.0,2455.0,2818.0,3084.0
Quebec,Papineau,Val-des-Bois,222.67,873.0,938.0,865.0,920.0
Quebec,Pierre-De Saurel,Massueville,1.55,520.0,516.0,529.0,547.0
Quebec,Pierre-De Saurel,Saint-Aimé,60.53,523.0,505.0,461.0,405.0
Quebec,Pierre-De Saurel,Saint-David,92.97,794.0,832.0,817.0,872.0
Quebec,Pierre-De Saurel,Saint-Gérard-Majella,38.32,252.0,246.0,242.0,240.0
Quebec,Pierre-De Saurel,Saint-Joseph-de-Sorel,1.36,1686.0,1677.0,1642.0,1581.0
Quebec,Pierre-De Saurel,Saint-Ours,59.23,1700.0,1721.0,1669.0,1723.0
Quebec,Pierre-De Saurel,Saint-Robert,64.97,1713.0,1794.0,1803.0,1813.0
Quebec,Pierre-De Saurel,Saint-Roch-de-Richelieu,34.44,1870.0,2122.0,2188.0,2573.0
Quebec,Pierre-De Saurel,Sainte-Anne-de-Sorel,36.41,2745.0,2742.0,2771.0,2731.0
Quebec,Pierre-De Saurel,Sainte-Victoire-de-Sorel,75.26,2410.0,2501.0,2461.0,2457.0
Quebec,Pierre-De Saurel,Sorel-Tracy,57.28,34076.0,34600.0,34755.0,35165.0
Quebec,Pierre-De Saurel,Yamaska,72.82,1643.0,1644.0,1687.0,1736.0
Quebec,Pontiac,Alleyn-et-Cawood,308.91,248.0,168.0,172.0,229.0
Quebec,Pontiac,Bristol,206.19,1210.0,1128.0,1036.0,1199.0
Quebec,Pontiac,Bryson,3.58,618.0,647.0,697.0,646.0
Quebec,Pontiac,Campbell's Bay,3.42,745.0,775.0,744.0,705.0
Quebec,Pontiac,Chichester,218.74,388.0,368.0,348.0,350.0
Quebec,Pontiac,Clarendon,330.46,1248.0,1183.0,1256.0,1392.0
Quebec,Pontiac,Fort-Coulonge,2.96,1358.0,1377.0,1433.0,1312.0
Quebec,Pontiac,L'Isle-aux-Allumettes,185.94,1443.0,1345.0,1334.0,1382.0
Quebec,Pontiac,L'Île-du-Grand-Calumet,130.55,785.0,731.0,626.0,648.0
Quebec,Pontiac,Lac-Nilgaut,8966.53,20.0,0.0,5.0,5.0
Quebec,Pontiac,Litchfield,198.57,483.0,456.0,459.0,500.0
Quebec,Pontiac,Mansfield-et-Pontefract,466.61,2075.0,2204.0,2285.0,2250.0
Quebec,Pontiac,Otter Lake,454.7,972.0,1109.0,932.0,1041.0
Quebec,Pontiac,Portage-du-Fort,4.22,280.0,266.0,234.0,232.0
Quebec,Pontiac,Rapides-des-Joachims,238.9,172.0,131.0,156.0,141.0
Quebec,Pontiac,Shawville,5.38,1587.0,1664.0,1587.0,1668.0
Quebec,Pontiac,Sheenboro,565.43,167.0,130.0,130.0,149.0
Quebec,Pontiac,Thorne,173.09,427.0,292.0,448.0,528.0
Quebec,Pontiac,Waltham,360.19,360.0,384.0,378.0,387.0
Quebec,Portneuf,Cap-Santé,54.49,2666.0,2996.0,3410.0,3594.0
Quebec,Portneuf,Deschambault-Grondines,124.02,2032.0,2131.0,2220.0,2235.0
Quebec,Portneuf,Donnacona,20.2,5564.0,6283.0,7200.0,7436.0
Quebec,Portneuf,Lac-Blanc,549.55,20.0,0.0,0.0,0.0
Quebec,Portneuf,Lac-Lapeyrère,376.66,0.0,0.0,0.0,0.0
Quebec,Portneuf,Lac-Sergent,3.72,423.0,466.0,497.0,541.0
Quebec,Portneuf,Linton,429.62,32.0,0.0,0.0,10.0
Quebec,Portneuf,Neuville,71.92,3638.0,3888.0,4392.0,4475.0
Quebec,Portneuf,Pont-Rouge,121.12,7518.0,8723.0,9240.0,10121.0
Quebec,Portneuf,Portneuf,109.1,3086.0,3107.0,3187.0,3329.0
Quebec,Portneuf,Rivière-à-Pierre,515.62,694.0,671.0,584.0,625.0
Quebec,Portneuf,Saint-Alban,148.47,1138.0,1225.0,1198.0,1196.0
Quebec,Portneuf,Saint-Basile,98.84,2560.0,2463.0,2621.0,2709.0
Quebec,Portneuf,Saint-Casimir,66.5,1528.0,1500.0,1430.0,1449.0
Quebec,Portneuf,Saint-Gilbert,37.44,292.0,282.0,296.0,283.0
Quebec,Portneuf,Saint-Léonard-de-Portneuf,141.8,1046.0,1019.0,1113.0,1140.0
Quebec,Portneuf,Saint-Marc-des-Carrières,17.29,2774.0,2862.0,2911.0,2901.0
Quebec,Portneuf,Saint-Raymond,666.2,9273.0,9615.0,10358.0,11108.0
Quebec,Portneuf,Saint-Thuribe,51.0,303.0,288.0,286.0,298.0
Quebec,Portneuf,Saint-Ubalde,140.72,1458.0,1403.0,1412.0,1456.0
Quebec,Portneuf,Sainte-Christine-d'Auvergne,143.6,462.0,448.0,551.0,617.0
Quebec,Québec,L'Ancienne-Lorette,7.72,16516.0,16745.0,16543.0,16970.0
Quebec,Québec,Notre-Dame-des-Anges,0.04,437.0,394.0,318.0,241.0
Quebec,Québec,Québec,452.3,491142.0,516622.0,531902.0,549459.0
Quebec,Québec,Saint-Augustin-de-Desmaures,85.8,17281.0,18141.0,18820.0,19907.0
Quebec,Rimouski-Neigette,Esprit-Saint,168.96,397.0,379.0,341.0,340.0
Quebec,Rimouski-Neigette,La Trinité-des-Monts,233.07,278.0,256.0,223.0,233.0
Quebec,Rimouski-Neigette,Lac-Huron,960.57,15.0,5.0,10.0,30.0
Quebec,Rimouski-Neigette,Rimouski,339.13,45186.0,46860.0,48664.0,48935.0
Quebec,Rimouski-Neigette,Saint-Anaclet-de-Lessard,126.37,2644.0,3035.0,3071.0,3019.0
Quebec,Rimouski-Neigette,Saint-Eugène-de-Ladrière,331.36,441.0,421.0,378.0,413.0
Quebec,Rimouski-Neigette,Saint-Fabien,119.92,1952.0,1906.0,1837.0,1834.0
Quebec,Rimouski-Neigette,Saint-Marcellin,117.19,357.0,323.0,353.0,397.0
Quebec,Rimouski-Neigette,Saint-Narcisse-de-Rimouski,162.4,1088.0,1017.0,961.0,1084.0
Quebec,Rimouski-Neigette,Saint-Valérien,145.02,835.0,893.0,835.0,906.0
Quebec,Rivière-du-Loup,Cacouna,62.75,1853.0,1939.0,1803.0,1848.0
Quebec,Rivière-du-Loup,L'Isle-Verte,119.15,1464.0,1469.0,1294.0,1356.0
Quebec,Rivière-du-Loup,Notre-Dame-des-Sept-Douleurs,11.53,62.0,49.0,36.0,71.0
Quebec,Rivière-du-Loup,Notre-Dame-du-Portage,40.06,1262.0,1193.0,1151.0,1296.0
Quebec,Rivière-du-Loup,Rivière-du-Loup,83.74,18586.0,19447.0,19507.0,20118.0
Quebec,Rivière-du-Loup,Saint-Antonin,175.93,3780.0,4027.0,4049.0,4338.0
Quebec,Rivière-du-Loup,Saint-Arsène,70.81,1151.0,1253.0,1230.0,1245.0
Quebec,Rivière-du-Loup,Saint-Cyprien,138.43,1262.0,1163.0,1066.0,1078.0
Quebec,Rivière-du-Loup,Saint-François-Xavier-de-Viger,111.27,277.0,256.0,245.0,247.0
Quebec,Rivière-du-Loup,Saint-Hubert-de-Rivière-du-Loup,192.2,1422.0,1235.0,1279.0,1412.0
Quebec,Rivière-du-Loup,Saint-Modeste,109.72,942.0,1128.0,1162.0,1180.0
Quebec,Rivière-du-Loup,Saint-Paul-de-la-Croix,78.42,370.0,367.0,309.0,313.0
Quebec,Rivière-du-Loup,Saint-Épiphane,82.85,874.0,849.0,827.0,836.0
Quebec,Robert-Cliche,Beauceville,164.59,6226.0,6354.0,6291.0,6185.0
Quebec,Robert-Cliche,Saint-Alfred,43.49,458.0,485.0,482.0,519.0
Quebec,Robert-Cliche,Saint-Frédéric,72.35,1049.0,1085.0,997.0,1065.0
Quebec,Robert-Cliche,Saint-Joseph-de-Beauce,114.7,4454.0,4722.0,4858.0,5014.0
Quebec,Robert-Cliche,Saint-Joseph-des-Érables,51.43,417.0,420.0,410.0,377.0
Quebec,Robert-Cliche,Saint-Jules,55.73,534.0,573.0,539.0,547.0
Quebec,Robert-Cliche,Saint-Odilon-de-Cranbourne,130.61,1440.0,1459.0,1374.0,1407.0
Quebec,Robert-Cliche,Saint-Séverin,58.92,279.0,266.0,278.0,300.0
Quebec,Robert-Cliche,Saint-Victor,120.45,2553.0,2451.0,2448.0,2313.0
Quebec,Robert-Cliche,Tring-Jonction,27.32,1380.0,1473.0,1448.0,1526.0
Quebec,Roussillon,Candiac,17.27,15947.0,19876.0,21047.0,22997.0
Quebec,Roussillon,Châteauguay,34.31,42786.0,45904.0,47906.0,50815.0
Quebec,Roussillon,Delson,7.64,7322.0,7462.0,7457.0,8328.0
Quebec,Roussillon,La Prairie,43.47,21763.0,23357.0,24110.0,26406.0
Quebec,Roussillon,Léry,10.36,2385.0,2307.0,2318.0,2390.0
Quebec,Roussillon,Mercier,45.96,10121.0,11584.0,13115.0,14626.0
Quebec,Roussillon,Saint-Constant,57.06,23957.0,24980.0,27359.0,29954.0
Quebec,Roussillon,Saint-Isidore,52.29,2489.0,2581.0,2608.0,2769.0
Quebec,Roussillon,Saint-Mathieu,31.41,1894.0,1879.0,2156.0,2339.0
Quebec,Roussillon,Saint-Philippe,61.96,5121.0,5495.0,6320.0,7597.0
Quebec,Roussillon,Sainte-Catherine,9.37,16211.0,16762.0,17047.0,17347.0
Quebec,Rouville,Ange-Gardien,90.21,1987.0,2420.0,2699.0,2889.0
Quebec,Rouville,Marieville,63.23,7527.0,10094.0,10725.0,11332.0
Quebec,Rouville,Richelieu,30.96,5208.0,5467.0,5236.0,5742.0
Quebec,Rouville,Rougemont,43.91,2622.0,2723.0,2755.0,2696.0
Quebec,Rouville,Saint-Césaire,83.06,5151.0,5686.0,5877.0,5972.0
Quebec,Rouville,Saint-Mathias-sur-Richelieu,47.02,4506.0,4618.0,4531.0,4544.0
Quebec,Rouville,Saint-Paul-d'Abbotsford,79.6,2824.0,2870.0,2890.0,2886.0
Quebec,Rouville,Sainte-Angèle-de-Monnoir,44.8,1540.0,1812.0,1823.0,1828.0
Quebec,Rouyn-Noranda,Rouyn-Noranda,5963.57,39924.0,41012.0,42334.0,42313.0
Quebec,Sept-Rivières--Caniapiscau,Caniapiscau,30108.23,0.0,0.0,0.0,0.0
Quebec,Sept-Rivières--Caniapiscau,Fermont,451.12,2633.0,2874.0,2474.0,2256.0
Quebec,Sept-Rivières--Caniapiscau,Kawawachikamach,32.51,569.0,586.0,601.0,641.0
Quebec,Sept-Rivières--Caniapiscau,Lac-John,0.5,16.0,21.0,33.0,21.0
Quebec,Sept-Rivières--Caniapiscau,Lac-Juillet,2865.5,0.0,26.0,0.0,0.0
Quebec,Sept-Rivières--Caniapiscau,Lac-Vacher,454.03,0.0,0.0,0.0,44.0
Quebec,Sept-Rivières--Caniapiscau,Lac-Walker,17162.43,128.0,102.0,108.0,113.0
Quebec,Sept-Rivières--Caniapiscau,Maliotenam,5.2,1123.0,1316.0,1542.0,1610.0
Quebec,Sept-Rivières--Caniapiscau,Matimekosh,0.69,528.0,540.0,638.0,661.0
Quebec,Sept-Rivières--Caniapiscau,Port-Cartier,1092.75,6758.0,6651.0,6799.0,6516.0
Quebec,Sept-Rivières--Caniapiscau,Rivière-Mouchalagane,30999.1,0.0,0.0,5.0,15.0
Quebec,Sept-Rivières--Caniapiscau,Rivière-Nipissis,9522.28,0.0,0.0,0.0,0.0
Quebec,Sept-Rivières--Caniapiscau,Schefferville,24.76,202.0,213.0,130.0,244.0
Quebec,Sept-Rivières--Caniapiscau,Sept-Îles,1742.88,25514.0,25686.0,25400.0,24569.0
Quebec,Sept-Rivières--Caniapiscau,Uashat 27,2.36,1190.0,1485.0,1592.0,1550.0
Quebec,Shawinigan,Shawinigan,729.98,51904.0,50060.0,49349.0,49620.0
Quebec,Sherbrooke,Sherbrooke,353.4,147427.0,154601.0,161323.0,172950.0
Quebec,Thérèse-De Blainville,Blainville,54.97,46493.0,53510.0,56863.0,59819.0
Quebec,Thérèse-De Blainville,Bois-des-Filion,4.36,8383.0,9485.0,9636.0,10159.0
Quebec,Thérèse-De Blainville,Boisbriand,27.67,26468.0,26816.0,26884.0,28308.0
Quebec,Thérèse-De Blainville,Lorraine,5.9,9613.0,9479.0,9352.0,9502.0
Quebec,Thérèse-De Blainville,Rosemère,10.68,14173.0,14294.0,13958.0,14090.0
Quebec,Thérèse-De Blainville,Sainte-Anne-des-Plaines,93.44,13001.0,14535.0,14421.0,15221.0
Quebec,Thérèse-De Blainville,Sainte-Thérèse,9.48,25224.0,26025.0,25989.0,26533.0
Quebec,Témiscamingue,Belleterre,544.49,350.0,298.0,313.0,285.0
Quebec,Témiscamingue,Béarn,496.28,883.0,775.0,720.0,708.0
Quebec,Témiscamingue,Duhamel-Ouest,91.49,870.0,828.0,878.0,945.0
Quebec,Témiscamingue,Fugèreville,157.12,301.0,329.0,326.0,326.0
Quebec,Témiscamingue,Guérin,188.52,295.0,305.0,320.0,333.0
Quebec,Témiscamingue,Hunter's Point,1.3,32.0,27.0,10.0,5.0
Quebec,Témiscamingue,Kebaowek,0.57,270.0,284.0,291.0,326.0
Quebec,Témiscamingue,Kipawa,35.58,565.0,474.0,499.0,446.0
Quebec,Témiscamingue,Laforce,436.78,174.0,147.0,231.0,320.0
Quebec,Témiscamingue,Laniel,408.2,150.0,69.0,82.0,89.0
Quebec,Témiscamingue,Latulipe-et-Gaboury,270.11,333.0,304.0,295.0,320.0
Quebec,Témiscamingue,Les Lacs-du-Témiscamingue,10366.89,5.0,0.0,15.0,10.0
Quebec,Témiscamingue,Lorrainville,87.91,1325.0,1272.0,1272.0,1286.0
Quebec,Témiscamingue,Moffet,340.31,208.0,196.0,187.0,206.0
Quebec,Témiscamingue,Notre-Dame-du-Nord,74.34,1116.0,1075.0,1052.0,1090.0
Quebec,Témiscamingue,Nédélec,371.49,416.0,403.0,356.0,340.0
Quebec,Témiscamingue,Rémigny,894.05,318.0,279.0,280.0,287.0
Quebec,Témiscamingue,Saint-Bruno-de-Guigues,125.77,1076.0,1100.0,1154.0,1185.0
Quebec,Témiscamingue,Saint-Eugène-de-Guigues,109.52,474.0,454.0,465.0,458.0
Quebec,Témiscamingue,Saint-Édouard-de-Fabre,190.29,701.0,649.0,628.0,671.0
Quebec,Témiscamingue,Timiskaming,18.39,505.0,540.0,539.0,541.0
Quebec,Témiscamingue,Témiscaming,710.84,2697.0,2385.0,2431.0,2368.0
Quebec,Témiscamingue,Ville-Marie,5.83,2696.0,2595.0,2584.0,2464.0
Quebec,Témiscamingue,Winneway,0.33,185.0,317.0,104.0,176.0
Quebec,Témiscouata,Auclair,105.78,510.0,444.0,448.0,447.0
Quebec,Témiscouata,Biencourt,187.12,596.0,506.0,464.0,433.0
Quebec,Témiscouata,Dégelis,556.78,3209.0,3051.0,2863.0,2884.0
Quebec,Témiscouata,Lac-des-Aigles,86.63,609.0,551.0,512.0,495.0
Quebec,Témiscouata,Lejeune,270.13,357.0,286.0,262.0,246.0
Quebec,Témiscouata,Packington,118.75,657.0,595.0,603.0,578.0
Quebec,Témiscouata,Pohénégamook,339.99,2940.0,2770.0,2582.0,2481.0
Quebec,Témiscouata,Rivière-Bleue,173.42,1407.0,1299.0,1230.0,1261.0
Quebec,Témiscouata,Saint-Athanase,292.63,321.0,301.0,317.0,303.0
Quebec,Témiscouata,Saint-Elzéar-de-Témiscouata,151.14,334.0,343.0,321.0,311.0
Quebec,Témiscouata,Saint-Eusèbe,129.56,620.0,614.0,593.0,587.0
Quebec,Témiscouata,Saint-Honoré-de-Témiscouata,262.97,807.0,780.0,741.0,763.0
Quebec,Témiscouata,Saint-Jean-de-la-Lande,107.03,293.0,310.0,248.0,232.0
Quebec,Témiscouata,Saint-Juste-du-Lac,166.94,653.0,585.0,561.0,543.0
Quebec,Témiscouata,Saint-Louis-du-Ha! Ha!,112.23,1348.0,1318.0,1292.0,1311.0
Quebec,Témiscouata,Saint-Marc-du-Lac-Long,148.64,479.0,440.0,397.0,365.0
Quebec,Témiscouata,Saint-Michel-du-Squatec,361.23,1263.0,1171.0,1113.0,1076.0
Quebec,Témiscouata,Saint-Pierre-de-Lamy,110.63,123.0,112.0,117.0,122.0
Quebec,Témiscouata,Témiscouata-sur-le-Lac,218.81,5259.0,5096.0,4910.0,5054.0
Quebec,Vaudreuil-Soulanges,Coteau-du-Lac,46.87,6346.0,6842.0,7044.0,7473.0
Quebec,Vaudreuil-Soulanges,Hudson,21.79,5088.0,5135.0,5157.0,5411.0
Quebec,Vaudreuil-Soulanges,L'Île-Cadieux,0.59,128.0,105.0,126.0,120.0
Quebec,Vaudreuil-Soulanges,L'Île-Perrot,5.46,9927.0,10503.0,10756.0,11638.0
Quebec,Vaudreuil-Soulanges,Les Coteaux,11.64,3764.0,4568.0,5368.0,5643.0
Quebec,Vaudreuil-Soulanges,Les Cèdres,77.63,5732.0,6079.0,6777.0,7184.0
Quebec,Vaudreuil-Soulanges,Notre-Dame-de-l'Île-Perrot,28.06,9885.0,10620.0,10654.0,11427.0
Quebec,Vaudreuil-Soulanges,Pincourt,7.1,11197.0,14305.0,14558.0,14751.0
Quebec,Vaudreuil-Soulanges,Pointe-Fortune,8.09,507.0,542.0,580.0,582.0
Quebec,Vaudreuil-Soulanges,Pointe-des-Cascades,2.74,1046.0,1340.0,1481.0,1775.0
Quebec,Vaudreuil-Soulanges,Rigaud,99.2,6780.0,7346.0,7777.0,7854.0
Quebec,Vaudreuil-Soulanges,Rivière-Beaudette,18.48,1720.0,1885.0,2097.0,2489.0
Quebec,Vaudreuil-Soulanges,Saint-Clet,39.32,1725.0,1738.0,1779.0,1700.0
Quebec,Vaudreuil-Soulanges,Saint-Lazare,66.86,17016.0,19295.0,19917.0,22354.0
Quebec,Vaudreuil-Soulanges,Saint-Polycarpe,69.88,1708.0,1969.0,2224.0,2372.0
Quebec,Vaudreuil-Soulanges,Saint-Télesphore,60.1,769.0,762.0,759.0,754.0
Quebec,Vaudreuil-Soulanges,Saint-Zotique,25.04,5251.0,6773.0,7934.0,9618.0
Quebec,Vaudreuil-Soulanges,Sainte-Justine-de-Newton,84.59,929.0,973.0,922.0,947.0
Quebec,Vaudreuil-Soulanges,Sainte-Marthe,79.6,1080.0,1075.0,1097.0,1014.0
Quebec,Vaudreuil-Soulanges,Terrasse-Vaudreuil,1.06,1985.0,1971.0,1986.0,1887.0
Quebec,Vaudreuil-Soulanges,Très-Saint-Rédempteur,26.06,733.0,863.0,898.0,978.0
Quebec,Vaudreuil-Soulanges,Vaudreuil-Dorion,72.65,25789.0,33305.0,38117.0,43268.0
Quebec,Vaudreuil-Soulanges,Vaudreuil-sur-le-Lac,1.38,1290.0,1359.0,1341.0,1361.0
Ontario,Algoma,"Algoma, Unorganized, North Part",43618.95,5717.0,5518.0,5739.0,6050.0
Ontario,Algoma,"Algoma, Unorganized, South East Part",43.17,0.0,0.0,0.0,5.0
Ontario,Algoma,Blind River,513.98,3780.0,3549.0,3472.0,3422.0
Ontario,Algoma,Bruce Mines,6.09,584.0,566.0,582.0,582.0
Ontario,Algoma,Dubreuilville,87.53,773.0,635.0,613.0,576.0
Ontario,Algoma,Elliot Lake,696.06,11549.0,11348.0,10741.0,11372.0
Ontario,Algoma,Garden River 14,213.71,985.0,1107.0,1125.0,1071.0
Ontario,Algoma,Gros Cap 49,34.12,54.0,68.0,77.0,63.0
Ontario,Algoma,Hilton,114.77,243.0,261.0,307.0,382.0
Ontario,Algoma,Hilton Beach,2.52,172.0,145.0,171.0,198.0
Ontario,Algoma,Hornepayne,203.04,1209.0,1050.0,980.0,968.0
Ontario,Algoma,Huron Shores,451.87,1696.0,1723.0,1664.0,1860.0
Ontario,Algoma,Jocelyn,130.43,277.0,237.0,313.0,314.0
Ontario,Algoma,Johnson,119.47,701.0,750.0,751.0,749.0
Ontario,Algoma,Laird,103.25,1078.0,1057.0,1047.0,1121.0
Ontario,Algoma,"Macdonald, Meredith and Aberdeen Additional",163.26,1550.0,1464.0,1609.0,1513.0
Ontario,Algoma,Mississagi River 8,18.26,414.0,390.0,411.0,414.0
Ontario,Algoma,Plummer Additional,219.24,625.0,650.0,660.0,757.0
Ontario,Algoma,Prince,84.98,971.0,1031.0,1010.0,975.0
Ontario,Algoma,Sagamok,96.83,884.0,1036.0,1140.0,1110.0
Ontario,Algoma,Sault Ste. Marie,221.99,74948.0,75141.0,73368.0,72051.0
Ontario,Algoma,Serpent River 7,76.14,340.0,373.0,371.0,351.0
Ontario,Algoma,Spanish,106.9,728.0,696.0,712.0,670.0
Ontario,Algoma,St. Joseph,127.65,1129.0,1201.0,1240.0,1426.0
Ontario,Algoma,Tarbutt and Tarbutt Additional,52.79,388.0,396.0,534.0,573.0
Ontario,Algoma,The North Shore,230.17,549.0,509.0,497.0,531.0
Ontario,Algoma,Thessalon,4.38,1312.0,1279.0,1286.0,1260.0
Ontario,Algoma,Thessalon 12,9.57,112.0,108.0,124.0,151.0
Ontario,Algoma,Wawa,411.89,3204.0,2975.0,2905.0,2705.0
Ontario,Algoma,White River,95.55,841.0,607.0,645.0,557.0
Ontario,Brant,Brant,817.66,34415.0,35638.0,35640.0,39474.0
Ontario,Brant,Brantford,98.65,90192.0,93650.0,98563.0,104688.0
Ontario,Brant,New Credit (Part) 40A,20.1,492.0,534.0,605.0,609.0
Ontario,Bruce,Arran-Elderslie,458.76,6747.0,6810.0,6803.0,6913.0
Ontario,Bruce,Brockton,564.64,9641.0,9432.0,9461.0,9784.0
Ontario,Bruce,Huron-Kinloss,440.73,6515.0,6790.0,7069.0,7723.0
Ontario,Bruce,Kincardine,537.8,11173.0,11174.0,11389.0,12268.0
Ontario,Bruce,Neyaashiinigmiing 27,63.76,591.0,667.0,615.0,580.0
Ontario,Bruce,Northern Bruce Peninsula,775.7,3850.0,3744.0,3999.0,4404.0
Ontario,Bruce,Saugeen 29,41.42,758.0,726.0,1041.0,784.0
Ontario,Bruce,Saugeen Shores,170.19,11720.0,12661.0,13715.0,15908.0
Ontario,Bruce,South Bruce,486.86,5939.0,5685.0,5639.0,5880.0
Ontario,Bruce,South Bruce Peninsula,530.61,8415.0,8413.0,8416.0,9137.0
Ontario,Chatham-Kent,Chatham-Kent,2451.9,108177.0,103671.0,101647.0,103988.0
Ontario,Chatham-Kent,Moravian 47,12.62,412.0,404.0,395.0,328.0
Ontario,Cochrane,Abitibi 70,78.23,114.0,126.0,144.0,156.0
Ontario,Cochrane,Black River-Matheson,1161.89,2619.0,2410.0,2438.0,2572.0
Ontario,Cochrane,Cochrane,537.9,5487.0,5340.0,5321.0,5390.0
Ontario,Cochrane,"Cochrane, Unorganized, North Part",130291.63,2447.0,3064.0,2865.0,2546.0
Ontario,Cochrane,"Cochrane, Unorganized, South East Part",53.46,25.0,15.0,10.0,25.0
Ontario,Cochrane,"Cochrane, Unorganized, South West Part",552.18,0.0,0.0,0.0,5.0
Ontario,Cochrane,Constance Lake 92,25.69,702.0,670.0,590.0,741.0
Ontario,Cochrane,Fauquier-Strickland,1010.45,568.0,530.0,536.0,467.0
Ontario,Cochrane,Flying Post 73,58.17,40.0,0.0,0.0,0.0
Ontario,Cochrane,Fort Albany (Part) 67,3.52,1805.0,511.0,759.0,775.0
Ontario,Cochrane,Hearst,98.06,5620.0,5090.0,5070.0,4794.0
Ontario,Cochrane,Iroquois Falls,599.03,4729.0,4595.0,4537.0,4418.0
Ontario,Cochrane,Kapuskasing,83.98,8509.0,8196.0,8292.0,8057.0
Ontario,Cochrane,Mattice-Val Côté,412.81,772.0,686.0,648.0,542.0
Ontario,Cochrane,Moonbeam,234.46,1298.0,1101.0,1231.0,1157.0
Ontario,Cochrane,Moose Factory 68,169.16,0.0,0.0,0.0,0.0
Ontario,Cochrane,Moosonee,547.83,2006.0,1725.0,1481.0,1512.0
Ontario,Cochrane,New Post 69A,1.29,73.0,77.0,94.0,128.0
Ontario,Cochrane,Opasatika,327.09,280.0,214.0,226.0,200.0
Ontario,Cochrane,Smooth Rock Falls,199.73,1473.0,1376.0,1330.0,1200.0
Ontario,Cochrane,Timmins,2955.33,42997.0,43165.0,41788.0,41145.0
Ontario,Cochrane,Val Rita-Harty,378.89,939.0,817.0,762.0,757.0
Ontario,Dufferin,Amaranth,265.02,3845.0,3963.0,4079.0,4327.0
Ontario,Dufferin,East Garafraxa,166.5,2389.0,2595.0,2579.0,2794.0
Ontario,Dufferin,Grand Valley,158.6,2844.0,2726.0,2956.0,3851.0
Ontario,Dufferin,Melancthon,310.39,2895.0,2839.0,3008.0,3132.0
Ontario,Dufferin,Mono,278.37,7071.0,7546.0,8609.0,9421.0
Ontario,Dufferin,Mulmur,286.17,3318.0,3391.0,3478.0,3571.0
Ontario,Dufferin,Orangeville,15.16,26925.0,27975.0,28900.0,30167.0
Ontario,Dufferin,Shelburne,6.56,5149.0,5846.0,8126.0,8994.0
Ontario,Durham,Ajax,66.64,90167.0,109600.0,119677.0,126666.0
Ontario,Durham,Brock,422.64,11979.0,11341.0,11642.0,12567.0
Ontario,Durham,Clarington,610.84,77820.0,84548.0,92013.0,101427.0
Ontario,Durham,Mississaugas of Scugog Island,2.57,72.0,93.0,131.0,125.0
Ontario,Durham,Oshawa,145.72,141590.0,149607.0,159458.0,175383.0
Ontario,Durham,Pickering,231.1,87838.0,88721.0,91771.0,99186.0
Ontario,Durham,Scugog,474.38,21439.0,21569.0,21617.0,21581.0
Ontario,Durham,Uxbridge,420.52,19169.0,20623.0,21176.0,21556.0
Ontario,Durham,Whitby,146.69,111184.0,122022.0,128377.0,138501.0
Ontario,Elgin,Aylmer,6.37,7069.0,7151.0,7492.0,7699.0
Ontario,Elgin,Bayham,244.6,6727.0,6989.0,7396.0,7096.0
Ontario,Elgin,Central Elgin,279.87,12723.0,12743.0,12607.0,13746.0
Ontario,Elgin,Dutton/Dunwich,294.38,3821.0,3876.0,3866.0,4152.0
Ontario,Elgin,Malahide,394.27,8828.0,9146.0,9292.0,9308.0
Ontario,Elgin,Southwold,301.38,4724.0,4494.0,4421.0,4851.0
Ontario,Elgin,St. Thomas,35.61,36110.0,37905.0,38909.0,42840.0
Ontario,Elgin,West Elgin,322.09,5349.0,5157.0,4995.0,5060.0
Ontario,Essex,Amherstburg,183.76,21748.0,21556.0,21936.0,23524.0
Ontario,Essex,Essex,277.53,20032.0,19600.0,20427.0,21216.0
Ontario,Essex,Kingsville,246.08,20908.0,21362.0,21552.0,22119.0
Ontario,Essex,LaSalle,64.96,27652.0,28643.0,30180.0,32721.0
Ontario,Essex,Lakeshore,529.0,33245.0,34546.0,36611.0,40410.0
Ontario,Essex,Leamington,261.24,28833.0,28403.0,27595.0,29680.0
Ontario,Essex,Pelee,41.03,287.0,171.0,235.0,230.0
Ontario,Essex,Tecumseh,94.59,24224.0,23610.0,23229.0,23300.0
Ontario,Essex,Windsor,146.02,216473.0,210891.0,217188.0,229660.0
Ontario,Frontenac,Central Frontenac,991.41,4665.0,4556.0,4373.0,4892.0
Ontario,Frontenac,Frontenac Islands,176.82,1862.0,1864.0,1760.0,1930.0
Ontario,Frontenac,Kingston,451.58,117207.0,123363.0,123798.0,132485.0
Ontario,Frontenac,North Frontenac,1157.97,1904.0,1842.0,1903.0,2285.0
Ontario,Frontenac,South Frontenac,948.05,18227.0,18113.0,18646.0,20188.0
Ontario,Greater Sudbury / Grand Sudbury,Greater Sudbury / Grand Sudbury,3186.26,157857.0,160274.0,161531.0,166004.0
Ontario,Greater Sudbury / Grand Sudbury,Wahnapitei 11,10.59,52.0,102.0,116.0,124.0
Ontario,Grey,Chatsworth,594.44,6392.0,6437.0,6630.0,7080.0
Ontario,Grey,Georgian Bluffs,599.96,10506.0,10404.0,10479.0,11100.0
Ontario,Grey,Grey Highlands,879.03,9480.0,9520.0,9804.0,10424.0
Ontario,Grey,Hanover,9.78,7147.0,7490.0,7688.0,7967.0
Ontario,Grey,Meaford,587.57,10948.0,11100.0,10991.0,11485.0
Ontario,Grey,Owen Sound,24.21,21753.0,21688.0,21341.0,21612.0
Ontario,Grey,Southgate,643.08,7072.0,7190.0,7354.0,8716.0
Ontario,Grey,The Blue Mountains,284.65,6825.0,6453.0,7025.0,9390.0
Ontario,Grey,West Grey,875.21,12288.0,12286.0,12518.0,13131.0
Ontario,Haldimand-Norfolk,Haldimand County,1250.45,45212.0,44876.0,45608.0,49216.0
Ontario,Haldimand-Norfolk,New Credit (Part) 40A,5.08,37.0,121.0,135.0,166.0
Ontario,Haldimand-Norfolk,Norfolk County,1597.68,62563.0,63175.0,64044.0,67490.0
Ontario,Haliburton,Algonquin Highlands,999.69,1976.0,2156.0,2351.0,2588.0
Ontario,Haliburton,Dysart et al,1474.22,5526.0,5966.0,6280.0,7182.0
Ontario,Haliburton,Highlands East,688.18,3089.0,3249.0,3343.0,3830.0
Ontario,Haliburton,Minden Hills,847.37,5556.0,5655.0,6088.0,6971.0
Ontario,Halton,Burlington,186.12,164415.0,175779.0,183314.0,186948.0
Ontario,Halton,Halton Hills,276.81,55289.0,59008.0,61161.0,62951.0
Ontario,Halton,Milton,363.83,53889.0,84362.0,110128.0,132979.0
Ontario,Halton,Oakville,138.94,165613.0,182520.0,193832.0,213759.0
Ontario,Hamilton,Hamilton,1118.31,504559.0,519949.0,536917.0,569353.0
Ontario,Hastings,Bancroft,227.54,3838.0,3880.0,3881.0,4065.0
Ontario,Hastings,Belleville,247.15,48821.0,49454.0,50716.0,55071.0
Ontario,Hastings,Carlow/Mayo,385.32,950.0,892.0,864.0,953.0
Ontario,Hastings,Centre Hastings,222.79,4386.0,4543.0,4774.0,4801.0
Ontario,Hastings,Deseronto,2.52,1824.0,1835.0,1774.0,1747.0
Ontario,Hastings,Faraday,217.44,1578.0,1468.0,1401.0,1612.0
Ontario,Hastings,Hastings Highlands,966.58,4033.0,4168.0,4078.0,4385.0
Ontario,Hastings,Limerick,201.04,364.0,352.0,346.0,436.0
Ontario,Hastings,Madoc,274.58,2069.0,2197.0,2078.0,2233.0
Ontario,Hastings,Marmora and Lake,538.24,3912.0,4074.0,3953.0,4267.0
Ontario,Hastings,Quinte West,495.45,42697.0,43086.0,43577.0,46560.0
Ontario,Hastings,Stirling-Rawdon,282.48,4906.0,4978.0,4882.0,5015.0
Ontario,Hastings,Tudor and Cashel,433.31,682.0,586.0,586.0,740.0
Ontario,Hastings,Tweed,918.61,5614.0,6057.0,6044.0,6067.0
Ontario,Hastings,Tyendinaga,312.42,4070.0,4150.0,4226.0,4538.0
Ontario,Hastings,Wollaston,215.87,730.0,708.0,670.0,721.0
Ontario,Huron,Ashfield-Colborne-Wawanosh,586.88,5409.0,5582.0,5422.0,5884.0
Ontario,Huron,Bluewater,416.7,7120.0,7044.0,7136.0,7540.0
Ontario,Huron,Central Huron,449.43,7641.0,7591.0,7576.0,7799.0
Ontario,Huron,Goderich,8.54,7563.0,7521.0,7628.0,7881.0
Ontario,Huron,Howick,286.55,3882.0,3856.0,3873.0,4045.0
Ontario,Huron,Huron East,669.15,9310.0,9264.0,9138.0,9512.0
Ontario,Huron,Morris-Turnberry,376.89,3403.0,3413.0,3496.0,3590.0
Ontario,Huron,North Huron,179.01,5015.0,4884.0,4932.0,5052.0
Ontario,Huron,South Huron,425.12,9982.0,9945.0,10096.0,10063.0
Ontario,Kawartha Lakes,Kawartha Lakes,3033.66,74561.0,73214.0,75423.0,79247.0
Ontario,Kenora,Cat Lake 63C,17.11,492.0,489.0,565.0,651.0
Ontario,Kenora,Deer Lake,13.65,681.0,763.0,867.0,1087.0
Ontario,Kenora,Dryden,65.58,8195.0,7617.0,7749.0,7388.0
Ontario,Kenora,Eagle Lake 27,32.38,232.0,227.0,224.0,257.0
Ontario,Kenora,Ear Falls,336.69,1153.0,1026.0,995.0,924.0
Ontario,Kenora,English River 21,39.3,633.0,639.0,638.0,584.0
Ontario,Kenora,Ignace,72.13,1431.0,1202.0,1202.0,1206.0
Ontario,Kenora,Kee-Way-Win,182.45,318.0,340.0,421.0,409.0
Ontario,Kenora,Kenora,211.65,15177.0,15348.0,15096.0,14967.0
Ontario,Kenora,Kenora 38B,19.45,350.0,394.0,421.0,402.0
Ontario,Kenora,"Kenora, Unorganized",388982.2,7041.0,7031.0,6692.0,7475.0
Ontario,Kenora,Kitchenuhmaykoosib Aaki 84,277.01,916.0,904.0,1024.0,1029.0
Ontario,Kenora,Lac Seul 28,243.73,821.0,872.0,974.0,1022.0
Ontario,Kenora,Lake of the Woods 37,11.9,58.0,46.0,62.0,49.0
Ontario,Kenora,Lansdowne House,1.15,0.0,0.0,0.0,0.0
Ontario,Kenora,Machin,290.14,978.0,935.0,971.0,1012.0
Ontario,Kenora,Marten Falls 65,79.0,221.0,190.0,252.0,243.0
Ontario,Kenora,North Spirit Lake,18.21,259.0,263.0,293.0,265.0
Ontario,Kenora,Northwest Angle 33B,12.41,40.0,86.0,95.0,52.0
Ontario,Kenora,Osnaburgh 63B,125.37,347.0,425.0,435.0,524.0
Ontario,Kenora,Peawanuck,3.22,221.0,237.0,195.0,247.0
Ontario,Kenora,Pickle Lake,247.21,479.0,425.0,388.0,398.0
Ontario,Kenora,Rat Portage 38A,29.64,316.0,362.0,140.0,171.0
Ontario,Kenora,Red Lake,602.93,4526.0,4366.0,4107.0,4094.0
Ontario,Kenora,Sabaskong Bay 35D,5.01,390.0,387.0,371.0,383.0
Ontario,Kenora,Sandy Lake 88,44.31,1843.0,1861.0,2017.0,2100.0
Ontario,Kenora,Shoal Lake (Part) 40,4.87,105.0,101.0,71.0,96.0
Ontario,Kenora,Shoal Lake 34B2,1.85,126.0,97.0,151.0,81.0
Ontario,Kenora,Shoal Lake 39A,32.55,346.0,388.0,391.0,445.0
Ontario,Kenora,Sioux Lookout,378.02,5183.0,5037.0,5272.0,5839.0
Ontario,Kenora,Sioux Narrows-Nestor Falls,1215.8,672.0,720.0,567.0,727.0
Ontario,Kenora,Slate Falls,62.95,164.0,186.0,232.0,299.0
Ontario,Kenora,The Dalles 38C,33.69,156.0,195.0,194.0,180.0
Ontario,Kenora,Wabaseemoong,76.08,786.0,832.0,827.0,815.0
Ontario,Kenora,Wabauskang 21,30.68,85.0,75.0,70.0,57.0
Ontario,Kenora,Wabigoon Lake 27,42.68,147.0,184.0,168.0,175.0
Ontario,Kenora,Wapekeka 2,27.2,350.0,368.0,440.0,456.0
Ontario,Kenora,Whitefish Bay 32A,18.36,622.0,670.0,575.0,610.0
Ontario,Kenora,Whitefish Bay 33A,12.08,53.0,79.0,96.0,94.0
Ontario,Kenora,Whitefish Bay 34A,5.5,94.0,126.0,124.0,125.0
Ontario,Lambton,Brooke-Alvinston,311.41,2661.0,2548.0,2411.0,2359.0
Ontario,Lambton,Dawn-Euphemia,445.14,2190.0,2049.0,1967.0,1968.0
Ontario,Lambton,Enniskillen,338.05,3122.0,2930.0,2796.0,2825.0
Ontario,Lambton,Kettle Point 44,9.32,1020.0,936.0,1011.0,1233.0
Ontario,Lambton,Lambton Shores,330.57,11150.0,10656.0,10631.0,11876.0
Ontario,Lambton,Oil Springs,8.14,717.0,704.0,648.0,647.0
Ontario,Lambton,Petrolia,12.46,5222.0,5528.0,5742.0,6013.0
Ontario,Lambton,Plympton-Wyoming,318.86,7506.0,7576.0,7795.0,8308.0
Ontario,Lambton,Point Edward,3.3,2019.0,2034.0,2037.0,1930.0
Ontario,Lambton,Sarnia,163.9,71419.0,72366.0,71594.0,72047.0
Ontario,Lambton,Sarnia 45,12.58,706.0,640.0,639.0,648.0
Ontario,Lambton,St. Clair,618.57,14649.0,14515.0,14086.0,14659.0
Ontario,Lambton,Warwick,290.21,3945.0,3717.0,3692.0,3641.0
Ontario,Lanark,Beckwith,239.31,6387.0,6986.0,7644.0,9021.0
Ontario,Lanark,Carleton Place,9.94,9453.0,9809.0,10644.0,12517.0
Ontario,Lanark,Drummond/North Elmsley,365.67,7118.0,7487.0,7773.0,8183.0
Ontario,Lanark,Lanark Highlands,1031.52,5180.0,5128.0,5338.0,5737.0
Ontario,Lanark,Mississippi Mills,511.25,11734.0,12385.0,13163.0,14740.0
Ontario,Lanark,Montague,278.47,3209.0,3483.0,3761.0,3914.0
Ontario,Lanark,Perth,12.21,5907.0,5840.0,5930.0,6469.0
Ontario,Lanark,Smiths Falls,9.66,9163.0,8978.0,8780.0,9254.0
Ontario,Lanark,Tay Valley,528.67,5634.0,5571.0,5665.0,5925.0
Ontario,Leeds and Grenville,Athens,129.54,3086.0,3118.0,3018.0,3042.0
Ontario,Leeds and Grenville,Augusta,313.77,7510.0,7430.0,7353.0,7386.0
Ontario,Leeds and Grenville,Brockville,20.91,21957.0,21870.0,21569.0,22116.0
Ontario,Leeds and Grenville,Edwardsburgh/Cardinal,309.91,6689.0,6959.0,7074.0,7505.0
Ontario,Leeds and Grenville,Elizabethtown-Kitley,555.96,10201.0,9724.0,9631.0,9545.0
Ontario,Leeds and Grenville,Front of Yonge,125.25,2803.0,2680.0,2602.0,2595.0
Ontario,Leeds and Grenville,Gananoque,7.01,5285.0,5194.0,5159.0,5383.0
Ontario,Leeds and Grenville,Leeds and the Thousand Islands,608.09,9435.0,9277.0,9465.0,9804.0
Ontario,Leeds and Grenville,Merrickville-Wolford,214.33,2867.0,2850.0,3067.0,3135.0
Ontario,Leeds and Grenville,North Grenville,351.9,14198.0,15085.0,16451.0,17964.0
Ontario,Leeds and Grenville,Prescott,4.94,4180.0,4284.0,4222.0,4078.0
Ontario,Leeds and Grenville,Rideau Lakes,711.81,10350.0,10207.0,10326.0,10883.0
Ontario,Leeds and Grenville,Westport,2.19,645.0,628.0,590.0,634.0
Ontario,Lennox and Addington,Addington Highlands,1293.99,2512.0,2532.0,2318.0,2534.0
Ontario,Lennox and Addington,Greater Napanee,462.3,15400.0,15511.0,15892.0,16879.0
Ontario,Lennox and Addington,Loyalist,342.72,15062.0,16221.0,16971.0,17943.0
Ontario,Lennox and Addington,Stone Mills,693.71,7568.0,7560.0,7702.0,7826.0
Ontario,Manitoulin,Assiginack,224.89,914.0,960.0,1013.0,1008.0
Ontario,Manitoulin,Billings,208.81,539.0,506.0,603.0,753.0
Ontario,Manitoulin,Burpee and Mills,217.33,329.0,308.0,343.0,382.0
Ontario,Manitoulin,Central Manitoulin,427.61,1944.0,1958.0,2084.0,2235.0
Ontario,Manitoulin,Cockburn Island,168.9,10.0,0.0,0.0,16.0
Ontario,Manitoulin,Gordon/Barrie Island,263.44,459.0,526.0,490.0,613.0
Ontario,Manitoulin,Gore Bay,5.14,924.0,850.0,867.0,808.0
Ontario,Manitoulin,M'Chigeeng 22,32.99,766.0,897.0,884.0,926.0
Ontario,Manitoulin,"Manitoulin, Unorganized, West Part",402.29,222.0,160.0,169.0,219.0
Ontario,Manitoulin,Northeastern Manitoulin and the Islands,489.19,2711.0,2706.0,2712.0,2641.0
Ontario,Manitoulin,Sheguiandah 24,20.65,160.0,154.0,134.0,158.0
Ontario,Manitoulin,Sheshegwaning 20,20.06,107.0,118.0,137.0,127.0
Ontario,Manitoulin,Sucker Creek 23,6.47,346.0,365.0,372.0,373.0
Ontario,Manitoulin,Tehkummah,131.7,382.0,406.0,436.0,450.0
Ontario,Manitoulin,Whitefish River 4,39.73,379.0,487.0,456.0,457.0
Ontario,Manitoulin,Wikwemikong Unceded,409.04,2387.0,2592.0,2500.0,2728.0
Ontario,Manitoulin,Zhiibaahaasing 19A,5.28,52.0,55.0,55.0,41.0
Ontario,Middlesex,Adelaide-Metcalfe,331.11,3135.0,3028.0,2990.0,3011.0
Ontario,Middlesex,London,420.5,352395.0,366151.0,383822.0,422324.0
Ontario,Middlesex,Lucan Biddulph,169.08,4187.0,4338.0,4700.0,5680.0
Ontario,Middlesex,Middlesex Centre,588.16,15589.0,16487.0,17262.0,18928.0
Ontario,Middlesex,Munsee-Delaware Nation 1,11.19,167.0,160.0,153.0,129.0
Ontario,Middlesex,Newbury,1.77,439.0,447.0,466.0,440.0
Ontario,Middlesex,North Middlesex,598.65,6740.0,6658.0,6352.0,6307.0
Ontario,Middlesex,Southwest Middlesex,427.82,5890.0,5860.0,5723.0,5893.0
Ontario,Middlesex,Strathroy-Caradoc,270.86,19959.0,20978.0,20867.0,23871.0
Ontario,Middlesex,Thames Centre,433.99,13085.0,13000.0,13191.0,13980.0
Ontario,Muskoka,Bracebridge,615.2,15652.0,15409.0,16010.0,17305.0
Ontario,Muskoka,Georgian Bay,525.29,2340.0,2124.0,2514.0,3441.0
Ontario,Muskoka,Gravenhurst,489.11,11046.0,11640.0,12311.0,13157.0
Ontario,Muskoka,Huntsville,705.18,18280.0,19056.0,19816.0,21147.0
Ontario,Muskoka,Lake of Bays,667.43,3570.0,3284.0,3167.0,3759.0
Ontario,Muskoka,Moose Point 79,3.14,208.0,210.0,208.0,213.0
Ontario,Muskoka,Muskoka Lakes,774.46,6467.0,6324.0,6588.0,7652.0
Ontario,Niagara,Fort Erie,166.24,29925.0,29960.0,30710.0,32901.0
Ontario,Niagara,Grimsby,68.71,23937.0,25325.0,27314.0,28883.0
Ontario,Niagara,Lincoln,162.74,21722.0,22487.0,23787.0,25719.0
Ontario,Niagara,Niagara Falls,210.25,82184.0,82997.0,88071.0,94415.0
Ontario,Niagara,Niagara-on-the-Lake,131.35,14587.0,15400.0,17511.0,19088.0
Ontario,Niagara,Pelham,126.35,16155.0,16598.0,17110.0,18192.0
Ontario,Niagara,Port Colborne,121.99,18599.0,18424.0,18306.0,20033.0
Ontario,Niagara,St. Catharines,96.2,131989.0,131400.0,133113.0,136803.0
Ontario,Niagara,Thorold,83.29,18224.0,17931.0,18801.0,23816.0
Ontario,Niagara,Wainfleet,217.53,6601.0,6356.0,6372.0,6887.0
Ontario,Niagara,Welland,81.16,50331.0,50631.0,52293.0,55750.0
Ontario,Niagara,West Lincoln,387.02,13167.0,13837.0,14500.0,15454.0
Ontario,Nipissing,Bonfield,206.22,1981.0,2016.0,1990.0,2146.0
Ontario,Nipissing,Calvin,140.13,608.0,568.0,516.0,557.0
Ontario,Nipissing,Chisholm,205.77,1318.0,1263.0,1291.0,1312.0
Ontario,Nipissing,East Ferris,151.94,4228.0,4512.0,4862.0,4946.0
Ontario,Nipissing,Mattawa,3.67,2003.0,2023.0,1993.0,1881.0
Ontario,Nipissing,Mattawan,200.12,147.0,162.0,161.0,153.0
Ontario,Nipissing,Nipissing 10,60.87,1413.0,1450.0,1593.0,1640.0
Ontario,Nipissing,"Nipissing, Unorganized, North Part",3721.2,1798.0,1853.0,1784.0,1591.0
Ontario,Nipissing,"Nipissing, Unorganized, South Part",6711.51,571.0,80.0,103.0,102.0
Ontario,Nipissing,North Bay,315.53,53966.0,53651.0,51553.0,52662.0
Ontario,Nipissing,Papineau-Cameron,564.23,1058.0,978.0,1016.0,982.0
Ontario,Nipissing,South Algonquin,867.73,1253.0,1211.0,1096.0,1055.0
Ontario,Nipissing,Temagami,1878.12,934.0,820.0,802.0,862.0
Ontario,Nipissing,West Nipissing / Nipissing Ouest,1956.27,13410.0,14149.0,14364.0,14583.0
Ontario,Northumberland,Alderville First Nation,12.59,506.0,469.0,495.0,542.0
Ontario,Northumberland,Alnwick/Haldimand,398.25,6435.0,6617.0,6869.0,7473.0
Ontario,Northumberland,Brighton,223.24,10253.0,10928.0,11844.0,12108.0
Ontario,Northumberland,Cobourg,22.41,18210.0,18519.0,19440.0,20519.0
Ontario,Northumberland,Cramahe,202.22,5950.0,6073.0,6355.0,6509.0
Ontario,Northumberland,Hamilton,256.03,10972.0,10702.0,10942.0,11059.0
Ontario,Northumberland,Port Hope,278.8,16390.0,16214.0,16753.0,17294.0
Ontario,Northumberland,Trent Hills,513.85,12247.0,12604.0,12900.0,13861.0
Ontario,Ottawa,Ottawa,2788.2,812129.0,883391.0,934243.0,1017449.0
Ontario,Oxford,Blandford-Blenheim,382.03,7149.0,7359.0,7399.0,7565.0
Ontario,Oxford,East Zorra-Tavistock,241.96,7008.0,6836.0,7113.0,7841.0
Ontario,Oxford,Ingersoll,12.73,11760.0,12146.0,12757.0,13693.0
Ontario,Oxford,Norwich,424.01,10481.0,10721.0,10835.0,11151.0
Ontario,Oxford,South-West Oxford,369.61,7589.0,7544.0,7634.0,7583.0
Ontario,Oxford,Tillsonburg,22.2,14822.0,15301.0,15872.0,18615.0
Ontario,Oxford,Woodstock,56.46,35822.0,37754.0,41098.0,46705.0
Ontario,Oxford,Zorra,529.19,8125.0,8058.0,8138.0,8628.0
Ontario,Parry Sound,Armour,163.52,1249.0,1372.0,1414.0,1459.0
Ontario,Parry Sound,Burk's Falls,3.09,893.0,967.0,981.0,957.0
Ontario,Parry Sound,Callander,102.98,3249.0,3864.0,3863.0,3964.0
Ontario,Parry Sound,Carling,244.32,1123.0,1248.0,1125.0,1491.0
Ontario,Parry Sound,Dokis 9,150.19,195.0,204.0,344.0,201.0
Ontario,Parry Sound,French River 13,25.85,99.0,137.0,117.0,137.0
Ontario,Parry Sound,Henvey Inlet 2,84.54,15.0,28.0,5.0,15.0
Ontario,Parry Sound,Joly,193.95,280.0,284.0,304.0,293.0
Ontario,Parry Sound,Kearney,528.21,798.0,841.0,882.0,974.0
Ontario,Parry Sound,Machar,182.65,866.0,923.0,882.0,969.0
Ontario,Parry Sound,Magnetawan,526.31,1610.0,1454.0,1390.0,1753.0
Ontario,Parry Sound,Magnetewan 1,44.41,78.0,93.0,101.0,102.0
Ontario,Parry Sound,McDougall,264.02,2704.0,2705.0,2702.0,2744.0
Ontario,Parry Sound,McKellar,176.07,1080.0,1144.0,1111.0,1419.0
Ontario,Parry Sound,McMurrich/Monteith,275.26,791.0,779.0,824.0,907.0
Ontario,Parry Sound,Nipissing,387.95,1642.0,1704.0,1707.0,1769.0
Ontario,Parry Sound,Parry Island First Nation,71.31,350.0,419.0,317.0,367.0
Ontario,Parry Sound,Parry Sound,13.1,5818.0,6191.0,6408.0,6879.0
Ontario,Parry Sound,"Parry Sound, Unorganized, Centre Part",2587.29,2424.0,2199.0,2143.0,2495.0
Ontario,Parry Sound,"Parry Sound, Unorganized, North East Part",183.04,236.0,217.0,187.0,179.0
Ontario,Parry Sound,Perry,186.34,2010.0,2317.0,2454.0,2650.0
Ontario,Parry Sound,Powassan,223.26,3309.0,3378.0,3455.0,3346.0
Ontario,Parry Sound,Ryerson,185.93,686.0,634.0,648.0,745.0
Ontario,Parry Sound,Seguin,586.99,4276.0,3988.0,4304.0,5280.0
Ontario,Parry Sound,Shawanaga 17,32.25,193.0,213.0,195.0,155.0
Ontario,Parry Sound,South River,4.11,1069.0,1049.0,1114.0,1101.0
Ontario,Parry Sound,Strong,158.88,1327.0,1341.0,1439.0,1566.0
Ontario,Parry Sound,Sundridge,2.25,942.0,985.0,961.0,938.0
Ontario,Parry Sound,The Archipelago,592.14,576.0,566.0,531.0,979.0
Ontario,Parry Sound,Whitestone,923.7,1030.0,918.0,916.0,1075.0
Ontario,Peel,Brampton,265.89,433806.0,523911.0,593638.0,656480.0
Ontario,Peel,Caledon,688.82,57050.0,59460.0,66502.0,76581.0
Ontario,Peel,Mississauga,292.74,668599.0,713443.0,721599.0,717961.0
Ontario,Perth,North Perth,493.09,12254.0,12631.0,13130.0,15538.0
Ontario,Perth,Perth East,711.93,11986.0,12028.0,12277.0,12595.0
Ontario,Perth,Perth South,391.88,4132.0,3993.0,3805.0,3776.0
Ontario,Perth,St. Marys,12.44,6617.0,6655.0,7265.0,7386.0
Ontario,Perth,Stratford,30.02,30516.0,30886.0,31470.0,33232.0
Ontario,Perth,West Perth,578.88,8839.0,8919.0,8865.0,9038.0
Ontario,Peterborough,Asphodel-Norwood,161.62,4247.0,4041.0,4109.0,4658.0
Ontario,Peterborough,Cavan Monaghan,306.39,8828.0,8601.0,8829.0,10016.0
Ontario,Peterborough,Curve Lake First Nation 35,6.64,1060.0,1003.0,1059.0,1244.0
Ontario,Peterborough,Douro-Dummer,459.46,6954.0,6805.0,6709.0,7632.0
Ontario,Peterborough,Havelock-Belmont-Methuen,529.35,4637.0,4523.0,4530.0,5083.0
Ontario,Peterborough,Hiawatha First Nation,8.93,483.0,362.0,362.0,341.0
Ontario,Peterborough,North Kawartha,746.35,2342.0,2289.0,2479.0,2877.0
Ontario,Peterborough,Otonabee-South Monaghan,346.15,6812.0,6660.0,6670.0,7087.0
Ontario,Peterborough,Peterborough,64.76,75406.0,78698.0,81032.0,83651.0
Ontario,Peterborough,Selwyn,316.12,17027.0,16846.0,17060.0,18653.0
Ontario,Peterborough,Trent Lakes,833.72,5284.0,5105.0,5397.0,6439.0
Ontario,Prescott and Russell,Alfred and Plantagenet,391.79,8654.0,9196.0,9680.0,9949.0
Ontario,Prescott and Russell,Casselman,5.13,3275.0,3626.0,3548.0,3960.0
Ontario,Prescott and Russell,Champlain,207.02,8683.0,8573.0,8706.0,8665.0
Ontario,Prescott and Russell,Clarence-Rockland,297.47,20790.0,23185.0,24512.0,26505.0
Ontario,Prescott and Russell,East Hawkesbury,235.06,3368.0,3335.0,3296.0,3418.0
Ontario,Prescott and Russell,Hawkesbury,10.1,10869.0,10551.0,10263.0,10194.0
Ontario,Prescott and Russell,Russell,198.78,13883.0,15247.0,16520.0,19598.0
Ontario,Prescott and Russell,The Nation / La Nation,658.93,10662.0,11668.0,12808.0,13350.0
Ontario,Prince Edward,Prince Edward County,1052.61,25496.0,25258.0,24735.0,25704.0
Ontario,Rainy River,Agency 1,0.48,0.0,0.0,0.0,0.0
Ontario,Rainy River,Alberton,116.6,958.0,864.0,969.0,954.0
Ontario,Rainy River,Atikokan,313.64,3293.0,2787.0,2753.0,2642.0
Ontario,Rainy River,Big Grassy River 35G,33.73,204.0,249.0,235.0,251.0
Ontario,Rainy River,Big Island Mainland 93,0.42,10.0,0.0,10.0,5.0
Ontario,Rainy River,Chapple,558.15,856.0,741.0,643.0,763.0
Ontario,Rainy River,Couchiching 16A,65.47,691.0,796.0,810.0,633.0
Ontario,Rainy River,Dawson,343.42,620.0,563.0,468.0,399.0
Ontario,Rainy River,Emo,202.28,1305.0,1252.0,1333.0,1204.0
Ontario,Rainy River,Fort Frances,25.55,8103.0,7952.0,7739.0,7466.0
Ontario,Rainy River,La Vallee,237.12,1067.0,988.0,938.0,788.0
Ontario,Rainy River,Lake of the Woods,746.24,323.0,296.0,230.0,308.0
Ontario,Rainy River,Manitou Rapids 11,22.73,228.0,314.0,283.0,300.0
Ontario,Rainy River,Morley,388.38,492.0,474.0,481.0,493.0
Ontario,Rainy River,Neguaguon Lake 25D,62.7,257.0,192.0,177.0,118.0
Ontario,Rainy River,Rainy Lake 17A,14.22,183.0,215.0,211.0,234.0
Ontario,Rainy River,Rainy Lake 17B,9.81,5.0,5.0,5.0,5.0
Ontario,Rainy River,Rainy Lake 18C,17.93,95.0,93.0,115.0,125.0
Ontario,Rainy River,Rainy Lake 26A,24.12,128.0,159.0,157.0,158.0
Ontario,Rainy River,Rainy River,3.12,909.0,842.0,807.0,752.0
Ontario,Rainy River,"Rainy River, Unorganized",12163.33,1431.0,1159.0,1380.0,1423.0
Ontario,Rainy River,Saug-A-Gaw-Sing 1,0.68,101.0,119.0,98.0,136.0
Ontario,Rainy River,Seine River 23A,15.72,272.0,271.0,263.0,270.0
Ontario,Renfrew,Admaston/Bromley,519.59,2716.0,2844.0,2935.0,2995.0
Ontario,Renfrew,Arnprior,13.04,7158.0,8114.0,8795.0,9629.0
Ontario,Renfrew,Bonnechere Valley,588.36,3665.0,3763.0,3674.0,3898.0
Ontario,Renfrew,"Brudenell, Lyndoch and Raglan",701.29,1497.0,1658.0,1503.0,1552.0
Ontario,Renfrew,Deep River,50.27,4216.0,4193.0,4109.0,4175.0
Ontario,Renfrew,Greater Madawaska,1018.15,2751.0,2485.0,2518.0,2864.0
Ontario,Renfrew,"Head, Clara and Maria",719.2,228.0,235.0,248.0,267.0
Ontario,Renfrew,Horton,158.02,2803.0,2719.0,2887.0,3182.0
Ontario,Renfrew,"Killaloe, Hagarty and Richards",391.6,2550.0,2402.0,2420.0,2410.0
Ontario,Renfrew,Laurentian Hills,634.31,2789.0,2811.0,2961.0,2885.0
Ontario,Renfrew,Laurentian Valley,539.08,9265.0,9657.0,9387.0,9450.0
Ontario,Renfrew,Madawaska Valley,665.83,4381.0,4282.0,4123.0,3927.0
Ontario,Renfrew,McNab/Braeside,255.28,7222.0,7371.0,7178.0,7591.0
Ontario,Renfrew,North Algona Wilberforce,369.23,2840.0,2873.0,2915.0,3111.0
Ontario,Renfrew,Pembroke,14.32,13930.0,14360.0,13882.0,14364.0
Ontario,Renfrew,Petawawa,164.7,14651.0,15988.0,17187.0,18160.0
Ontario,Renfrew,Pikwakanagan (Golden Lake 39),7.38,406.0,432.0,440.0,490.0
Ontario,Renfrew,Renfrew,12.81,7846.0,8218.0,8223.0,8190.0
Ontario,Renfrew,Whitewater Region,535.48,6631.0,6921.0,7009.0,7225.0
Ontario,Simcoe,Adjala-Tosorontio,371.53,10695.0,10603.0,10975.0,10989.0
Ontario,Simcoe,Barrie,99.01,128430.0,135711.0,141434.0,147829.0
Ontario,Simcoe,Bradford West Gwillimbury,200.68,24039.0,28077.0,35325.0,42880.0
Ontario,Simcoe,Chippewas of Rama First Nation,11.15,846.0,870.0,878.0,998.0
Ontario,Simcoe,Christian Island 30,51.91,584.0,1249.0,614.0,679.0
Ontario,Simcoe,Christian Island 30A,0.07,37.0,33.0,42.0,30.0
Ontario,Simcoe,Clearview,556.37,14088.0,13734.0,14151.0,14814.0
Ontario,Simcoe,Collingwood,33.15,17290.0,19241.0,21793.0,24811.0
Ontario,Simcoe,Essa,279.92,16901.0,18505.0,21083.0,22970.0
Ontario,Simcoe,Innisfil,262.39,31175.0,33079.0,36566.0,43326.0
Ontario,Simcoe,Midland,35.33,16330.0,16572.0,16864.0,17817.0
Ontario,Simcoe,New Tecumseth,273.87,27701.0,30234.0,34242.0,43948.0
Ontario,Simcoe,Orillia,28.53,30259.0,30586.0,31166.0,33411.0
Ontario,Simcoe,Oro-Medonte,585.42,20031.0,20078.0,21036.0,23017.0
Ontario,Simcoe,Penetanguishene,25.42,9354.0,9111.0,8962.0,10077.0
Ontario,Simcoe,Ramara,414.94,9427.0,9275.0,9488.0,10377.0
Ontario,Simcoe,Severn,523.06,12030.0,12377.0,13462.0,14576.0
Ontario,Simcoe,Springwater,535.85,17456.0,18223.0,19059.0,21701.0
Ontario,Simcoe,Tay,137.86,9748.0,9736.0,10033.0,11091.0
Ontario,Simcoe,Tiny,335.05,10754.0,11232.0,11787.0,12966.0
Ontario,Simcoe,Wasaga Beach,57.42,15029.0,17537.0,20675.0,24862.0
Ontario,"Stormont, Dundas and Glengarry",Cornwall,61.5,45965.0,46340.0,46589.0,47845.0
Ontario,"Stormont, Dundas and Glengarry",North Dundas,502.41,11095.0,11225.0,11278.0,11304.0
Ontario,"Stormont, Dundas and Glengarry",North Glengarry,643.4,10635.0,10251.0,10109.0,10144.0
Ontario,"Stormont, Dundas and Glengarry",North Stormont,515.46,6769.0,6775.0,6873.0,7400.0
Ontario,"Stormont, Dundas and Glengarry",South Dundas,521.54,10535.0,10794.0,10852.0,11044.0
Ontario,"Stormont, Dundas and Glengarry",South Glengarry,605.02,12880.0,13162.0,13150.0,13330.0
Ontario,"Stormont, Dundas and Glengarry",South Stormont,447.71,12520.0,12617.0,13110.0,13570.0
Ontario,Sudbury,Baldwin,82.49,554.0,551.0,605.0,579.0
Ontario,Sudbury,Chapleau,13.2,2354.0,2116.0,1964.0,1942.0
Ontario,Sudbury,Chapleau 74A,7.61,20.0,31.0,21.0,17.0
Ontario,Sudbury,Chapleau 75,1.17,92.0,79.0,0.0,0.0
Ontario,Sudbury,Duck Lake 76B,1.86,82.0,84.0,85.0,154.0
Ontario,Sudbury,Espanola,81.0,5314.0,5364.0,5048.0,5185.0
Ontario,Sudbury,French River / Rivière des Français,717.91,2659.0,2442.0,2662.0,2828.0
Ontario,Sudbury,Killarney,1469.4,459.0,505.0,386.0,397.0
Ontario,Sudbury,Markstay-Warren,505.92,2475.0,2297.0,2656.0,2708.0
Ontario,Sudbury,Mattagami 71,46.43,189.0,193.0,190.0,210.0
Ontario,Sudbury,Nairn and Hyman,159.18,493.0,477.0,342.0,373.0
Ontario,Sudbury,Sables-Spanish Rivers,801.04,3237.0,3075.0,3188.0,3237.0
Ontario,Sudbury,St.-Charles,314.46,1159.0,1282.0,1269.0,1357.0
Ontario,Sudbury,"Sudbury, Unorganized, North Part",35377.17,2415.0,2306.0,2697.0,2902.0
Ontario,Sudbury,Whitefish Lake 6,170.16,349.0,394.0,386.0,412.0
Ontario,Thunder Bay,Aroland,3.34,325.0,361.0,366.0,178.0
Ontario,Thunder Bay,Conmee,167.65,740.0,764.0,819.0,798.0
Ontario,Thunder Bay,Dorion,211.25,379.0,338.0,316.0,375.0
Ontario,Thunder Bay,Fort William 52,58.5,889.0,860.0,981.0,964.0
Ontario,Thunder Bay,Gillies,92.68,544.0,473.0,474.0,441.0
Ontario,Thunder Bay,Ginoogaming First Nation,68.65,175.0,167.0,210.0,200.0
Ontario,Thunder Bay,Greenstone,2727.04,4886.0,4724.0,4636.0,4309.0
Ontario,Thunder Bay,Gull River 55,39.77,206.0,210.0,247.0,110.0
Ontario,Thunder Bay,Lac des Mille Lacs 22A1,17.32,21.0,0.0,0.0,0.0
Ontario,Thunder Bay,Lake Helen 53A,0.86,283.0,303.0,293.0,240.0
Ontario,Thunder Bay,Lake Nipigon,12.89,20.0,0.0,0.0,0.0
Ontario,Thunder Bay,Long Lake 58,2.75,417.0,367.0,385.0,410.0
Ontario,Thunder Bay,Manitouwadge,352.17,2300.0,2105.0,1937.0,1974.0
Ontario,Thunder Bay,Marathon,167.03,3863.0,3353.0,3273.0,3138.0
Ontario,Thunder Bay,Neebing,873.78,2184.0,1986.0,2055.0,2241.0
Ontario,Thunder Bay,Nipigon,107.94,1752.0,1631.0,1642.0,1473.0
Ontario,Thunder Bay,O'Connor,108.56,720.0,685.0,663.0,689.0
Ontario,Thunder Bay,Ojibway Nation of Saugeen (Savant Lake),57.06,98.0,100.0,90.0,88.0
Ontario,Thunder Bay,Oliver Paipoonge,350.51,5757.0,5732.0,5922.0,6035.0
Ontario,Thunder Bay,Osnaburgh 63A,47.48,153.0,153.0,232.0,233.0
Ontario,Thunder Bay,Pays Plat 51,2.03,79.0,75.0,89.0,100.0
Ontario,Thunder Bay,Pic Mobert North,1.67,137.0,193.0,197.0,138.0
Ontario,Thunder Bay,Pic Mobert South,0.32,104.0,96.0,125.0,127.0
Ontario,Thunder Bay,Pic River 50,4.03,383.0,395.0,443.0,372.0
Ontario,Thunder Bay,Red Rock,62.1,1063.0,942.0,895.0,895.0
Ontario,Thunder Bay,Rocky Bay 1,0.26,154.0,182.0,184.0,154.0
Ontario,Thunder Bay,Schreiber,35.81,901.0,1126.0,1059.0,1039.0
Ontario,Thunder Bay,Shuniah,571.34,2913.0,2737.0,2798.0,3247.0
Ontario,Thunder Bay,Terrace Bay,151.5,1625.0,1471.0,1611.0,1528.0
Ontario,Thunder Bay,Thunder Bay,327.77,109160.0,108359.0,107909.0,108843.0
Ontario,Thunder Bay,"Thunder Bay, Unorganized",96255.92,6585.0,5909.0,5867.0,6221.0
Ontario,Thunder Bay,Whitesand,2.56,247.0,260.0,325.0,297.0
Ontario,Timiskaming,Armstrong,90.16,1155.0,1216.0,1166.0,1199.0
Ontario,Timiskaming,Brethour,81.97,117.0,129.0,124.0,105.0
Ontario,Timiskaming,Casey,80.8,385.0,374.0,368.0,341.0
Ontario,Timiskaming,Chamberlain,110.81,322.0,297.0,332.0,311.0
Ontario,Timiskaming,Charlton and Dack,92.74,613.0,671.0,686.0,686.0
Ontario,Timiskaming,Cobalt,2.07,1224.0,1133.0,1128.0,989.0
Ontario,Timiskaming,Coleman,177.95,540.0,597.0,595.0,517.0
Ontario,Timiskaming,Englehart,2.92,1494.0,1519.0,1479.0,1442.0
Ontario,Timiskaming,Evanturel,89.21,473.0,452.0,449.0,502.0
Ontario,Timiskaming,Gauthier,87.98,133.0,123.0,138.0,151.0
Ontario,Timiskaming,Harley,92.34,551.0,539.0,551.0,524.0
Ontario,Timiskaming,Harris,49.81,512.0,523.0,545.0,530.0
Ontario,Timiskaming,Hilliard,91.27,222.0,204.0,207.0,215.0
Ontario,Timiskaming,Hudson,90.28,455.0,476.0,503.0,530.0
Ontario,Timiskaming,James,85.4,414.0,424.0,420.0,348.0
Ontario,Timiskaming,Kerns,90.66,325.0,359.0,358.0,330.0
Ontario,Timiskaming,Kirkland Lake,261.29,8248.0,8133.0,7981.0,7750.0
Ontario,Timiskaming,Larder Lake,227.62,735.0,684.0,730.0,745.0
Ontario,Timiskaming,Latchford,152.26,390.0,387.0,313.0,355.0
Ontario,Timiskaming,Matachewan,539.56,375.0,268.0,225.0,268.0
Ontario,Timiskaming,Matachewan 72,33.09,72.0,83.0,61.0,66.0
Ontario,Timiskaming,McGarry,85.62,674.0,595.0,609.0,579.0
Ontario,Timiskaming,Temiskaming Shores,176.67,10442.0,10400.0,9920.0,9634.0
Ontario,Timiskaming,Thornloe,6.59,105.0,123.0,112.0,92.0
Ontario,Timiskaming,"Timiskaming, Unorganized, East Part",248.55,10.0,0.0,5.0,5.0
Ontario,Timiskaming,"Timiskaming, Unorganized, West Part",10199.8,3297.0,2925.0,3257.0,3210.0
Ontario,Toronto,Toronto,631.1,2503281.0,2615060.0,2731571.0,2794356.0
Ontario,Waterloo,Cambridge,112.99,120371.0,126748.0,129920.0,138479.0
Ontario,Waterloo,Kitchener,136.81,204668.0,219153.0,233222.0,256885.0
Ontario,Waterloo,North Dumfries,188.09,9063.0,9334.0,10215.0,10619.0
Ontario,Waterloo,Waterloo,64.06,97475.0,98780.0,104986.0,121436.0
Ontario,Waterloo,Wellesley,277.74,9789.0,10713.0,11260.0,11318.0
Ontario,Waterloo,Wilmot,263.81,17097.0,19223.0,20545.0,21429.0
Ontario,Waterloo,Woolwich,326.56,19658.0,23145.0,25006.0,26999.0
Ontario,Wellington,Centre Wellington,409.41,26049.0,26693.0,28191.0,31093.0
Ontario,Wellington,Erin,298.81,11148.0,10770.0,11439.0,11981.0
Ontario,Wellington,Guelph,87.43,114943.0,121688.0,131794.0,143740.0
Ontario,Wellington,Guelph/Eramosa,292.84,12066.0,12380.0,12854.0,13904.0
Ontario,Wellington,Mapleton,535.56,9851.0,9989.0,10527.0,10839.0
Ontario,Wellington,Minto,300.19,8504.0,8334.0,8671.0,9094.0
Ontario,Wellington,Puslinch,214.82,6689.0,7029.0,7336.0,7944.0
Ontario,Wellington,Wellington North,526.31,11175.0,11477.0,11914.0,12431.0
Ontario,York,Aurora,50.0,47629.0,53203.0,55445.0,62057.0
Ontario,York,Chippewas of Georgina Island First Nation,14.47,353.0,275.0,261.0,231.0
Ontario,York,East Gwillimbury,244.91,21069.0,22473.0,23991.0,34637.0
Ontario,York,Georgina,287.69,42346.0,43517.0,45418.0,47642.0
Ontario,York,King,332.12,19487.0,19899.0,24512.0,27333.0
Ontario,York,Markham,210.93,261573.0,301709.0,328966.0,338503.0
Ontario,York,Newmarket,38.5,74295.0,79978.0,84224.0,87942.0
Ontario,York,Richmond Hill,100.79,162704.0,185541.0,195022.0,202022.0
Ontario,York,Vaughan,272.44,238866.0,288301.0,306233.0,323103.0
Ontario,York,Whitchurch-Stouffville,206.42,24390.0,37628.0,45837.0,49864.0
Manitoba,Division No.  1,Alexander,1560.05,2978.0,2983.0,3333.0,3854.0
Manitoba,Division No.  1,Buffalo Point 36,16.6,141.0,162.0,168.0,219.0
Manitoba,Division No.  1,"Division No.  1, Unorganized",4103.28,1130.0,967.0,1023.0,1380.0
Manitoba,Division No.  1,Lac du Bonnet,1097.61,2812.0,2671.0,3121.0,3563.0
Manitoba,Division No.  1,Lac du Bonnet,2.26,1009.0,1328.0,1089.0,1064.0
Manitoba,Division No.  1,Pinawa,126.51,1450.0,1444.0,1504.0,1558.0
Manitoba,Division No.  1,Piney,2430.32,1755.0,1720.0,1726.0,1843.0
Manitoba,Division No.  1,Powerview-Pine Falls,4.82,1294.0,1314.0,1316.0,1239.0
Manitoba,Division No.  1,Reynolds,3559.65,1410.0,1285.0,1338.0,1344.0
Manitoba,Division No.  1,Shoal Lake (Part) 40,21.35,0.0,0.0,0.0,0.0
Manitoba,Division No.  1,Stuartburn,1161.45,1629.0,1535.0,1648.0,1731.0
Manitoba,Division No.  1,Victoria Beach,20.71,388.0,374.0,398.0,689.0
Manitoba,Division No.  1,Whitemouth,697.35,1480.0,1548.0,1557.0,1630.0
Manitoba,Division No.  2,De Salaberry,667.57,3349.0,3450.0,3580.0,3918.0
Manitoba,Division No.  2,Hanover,730.44,11871.0,14026.0,15540.0,17216.0
Manitoba,Division No.  2,La Broquerie,578.97,3659.0,5198.0,6076.0,6725.0
Manitoba,Division No.  2,Niverville,8.7,2464.0,3540.0,4610.0,5947.0
Manitoba,Division No.  2,Ritchot,332.23,5051.0,5478.0,6679.0,7469.0
Manitoba,Division No.  2,Roseau Rapids 2A,8.9,125.0,107.0,114.0,100.0
Manitoba,Division No.  2,Roseau River 2,22.18,568.0,588.0,558.0,564.0
Manitoba,Division No.  2,St-Pierre-Jolys,2.61,839.0,1099.0,1170.0,1305.0
Manitoba,Division No.  2,Ste. Anne,476.81,4509.0,4686.0,5003.0,5584.0
Manitoba,Division No.  2,Ste. Anne,4.14,1534.0,1626.0,2114.0,2891.0
Manitoba,Division No.  2,Steinbach,37.56,11066.0,13524.0,16022.0,17806.0
Manitoba,Division No.  2,Taché,580.64,9083.0,10284.0,11568.0,11916.0
Manitoba,Division No.  3,Altona,9.35,3709.0,4088.0,4212.0,4267.0
Manitoba,Division No.  3,Carman,4.32,2781.0,3027.0,3164.0,3114.0
Manitoba,Division No.  3,Dufferin,916.11,2298.0,2394.0,2435.0,2543.0
Manitoba,Division No.  3,Montcalm,468.25,1317.0,1309.0,1260.0,1278.0
Manitoba,Division No.  3,Morden,16.29,6571.0,7812.0,8668.0,9929.0
Manitoba,Division No.  3,Morris,1035.32,2662.0,2999.0,3047.0,3049.0
Manitoba,Division No.  3,Morris,5.91,1643.0,1797.0,1885.0,1975.0
Manitoba,Division No.  3,Roland,484.47,1002.0,1058.0,1129.0,1145.0
Manitoba,Division No.  3,Stanley,835.18,6367.0,8356.0,8969.0,8981.0
Manitoba,Division No.  3,Thompson,531.24,1259.0,1397.0,1422.0,1518.0
Manitoba,Division No.  3,Winkler,20.73,9106.0,10670.0,12660.0,13745.0
Manitoba,Division No.  4,Argyle,768.63,1073.0,1071.0,1025.0,994.0
Manitoba,Division No.  5,Killarney - Turtle Mountain,930.02,3299.0,3233.0,3429.0,3520.0
Manitoba,Division No.  5,Melita,3.19,1051.0,1069.0,1042.0,1041.0
Manitoba,Division No.  6,Canupawakpa Dakota First Nation (Oak Lake 59),10.46,295.0,288.0,305.0,322.0
Manitoba,Division No.  6,Pipestone,1149.86,1419.0,1447.0,1458.0,1422.0
Manitoba,Division No.  6,Sioux Valley Dakota Nation,37.94,1079.0,1147.0,1028.0,1057.0
Manitoba,Division No.  6,Virden,8.96,3010.0,3114.0,3322.0,3118.0
Manitoba,Division No.  7,Brandon,79.04,41511.0,46061.0,48883.0,51313.0
Manitoba,Division No.  7,Carberry,4.8,1502.0,1669.0,1738.0,1818.0
Manitoba,Division No.  7,Cornwallis,500.51,4058.0,4378.0,4506.0,4568.0
Manitoba,Division No.  7,Elton,576.14,1285.0,1257.0,1273.0,1276.0
Manitoba,Division No.  7,Whitehead,577.6,1402.0,1533.0,1651.0,1679.0
Manitoba,Division No.  8,Sandy Bay 5,59.6,2518.0,2509.0,2515.0,2598.0
Manitoba,Division No.  8,Victoria,703.54,1149.0,1119.0,1132.0,1188.0
Manitoba,Division No.  9,Dakota Plains 6A,5.49,65.0,111.0,76.0,98.0
Manitoba,Division No.  9,Dakota Tipi 1,0.37,156.0,164.0,156.0,226.0
Manitoba,Division No.  9,Long Plain 6,35.09,752.0,1078.0,1232.0,1335.0
Manitoba,Division No.  9,Portage la Prairie,1973.45,6793.0,6525.0,6975.0,6888.0
Manitoba,Division No.  9,Portage la Prairie,24.72,12728.0,12996.0,13304.0,13270.0
Manitoba,Division No. 10,Cartier,552.94,3162.0,3153.0,3368.0,3344.0
Manitoba,Division No. 10,Macdonald,1156.11,5653.0,6280.0,7162.0,8120.0
Manitoba,Division No. 10,St. François Xavier,205.14,1087.0,1240.0,1411.0,1449.0
Manitoba,Division No. 11,Headingley,107.53,2726.0,3215.0,3579.0,4331.0
Manitoba,Division No. 11,Winnipeg,461.78,633451.0,663617.0,705244.0,749607.0
Manitoba,Division No. 12,Beausejour,5.42,2823.0,3126.0,3219.0,3307.0
Manitoba,Division No. 12,Brokenhead,749.69,3940.0,4635.0,5122.0,5414.0
Manitoba,Division No. 12,Springfield,1096.17,12990.0,14069.0,15342.0,16142.0
Manitoba,Division No. 13,Dunnottar,2.8,692.0,696.0,763.0,989.0
Manitoba,Division No. 13,East St. Paul,41.79,8733.0,9046.0,9372.0,9725.0
Manitoba,Division No. 13,Selkirk,24.47,9515.0,9834.0,10278.0,10504.0
Manitoba,Division No. 13,St. Andrews,739.61,11359.0,11875.0,11913.0,11723.0
Manitoba,Division No. 13,St. Clements,711.17,9706.0,10505.0,10876.0,11586.0
Manitoba,Division No. 13,West St. Paul,87.49,4357.0,4932.0,5368.0,6682.0
Manitoba,Division No. 14,Rockwood,1184.89,7692.0,7964.0,7823.0,8440.0
Manitoba,Division No. 14,Rosser,441.74,1364.0,1352.0,1372.0,1270.0
Manitoba,Division No. 14,Stonewall,5.96,4376.0,4536.0,4809.0,5046.0
Manitoba,Division No. 14,Teulon,3.23,1124.0,1124.0,1201.0,1196.0
Manitoba,Division No. 14,Woodlands,1197.59,3562.0,3521.0,3416.0,3797.0
Manitoba,Division No. 15,Birdtail Creek 57,27.88,345.0,407.0,411.0,452.0
Manitoba,Division No. 15,Gambler 63 (Part),2.53,10.0,5.0,5.0,15.0
Manitoba,Division No. 15,Keeseekoowenin 61,21.42,357.0,450.0,386.0,472.0
Manitoba,Division No. 15,Minnedosa,14.95,2474.0,2587.0,2449.0,2741.0
Manitoba,Division No. 15,Neepawa,17.09,3298.0,3629.0,4609.0,5685.0
Manitoba,Division No. 15,Rolling River 67,63.07,336.0,343.0,361.0,379.0
Manitoba,Division No. 15,Rolling River 67B,3.32,10.0,0.0,46.0,56.0
Manitoba,Division No. 15,Rosedale,864.68,1658.0,1627.0,1672.0,1524.0
Manitoba,Division No. 16,Gambler 63 (Part),2.05,83.0,72.0,78.0,76.0
Manitoba,Division No. 16,Valley River 63A,46.2,427.0,364.0,353.0,360.0
Manitoba,Division No. 16,Waywayseecappo First Nation,96.64,1127.0,1219.0,1365.0,1409.0
Manitoba,Division No. 17,Alonsa,3006.17,1446.0,1270.0,1247.0,1210.0
Manitoba,Division No. 17,Dauphin,1512.79,2328.0,2200.0,2298.0,2136.0
Manitoba,Division No. 17,Dauphin,12.67,7906.0,8251.0,8369.0,8368.0
Manitoba,Division No. 17,"Division No. 17, Unorganized",2147.09,204.0,101.0,101.0,212.0
Manitoba,Division No. 17,Ebb and Flow 52,45.69,1189.0,1297.0,1341.0,1608.0
Manitoba,Division No. 18,Arborg,2.22,1021.0,1152.0,1232.0,1279.0
Manitoba,Division No. 18,Armstrong,1868.24,1919.0,1835.0,1792.0,1967.0
Manitoba,Division No. 18,Coldwell,891.85,1339.0,1351.0,1254.0,1313.0
Manitoba,Division No. 18,"Division No. 18, Unorganized, East Part",478.47,88.0,124.0,156.0,229.0
Manitoba,Division No. 18,"Division No. 18, Unorganized, West Part",15.27,0.0,0.0,0.0,0.0
Manitoba,Division No. 18,Dog Creek 46,54.48,617.0,680.0,874.0,899.0
Manitoba,Division No. 18,Fairford 50,77.08,904.0,989.0,1169.0,1144.0
Manitoba,Division No. 18,Fisher,1486.17,1944.0,1704.0,1827.0,1845.0
Manitoba,Division No. 18,Gimli,318.1,5797.0,5845.0,6181.0,6569.0
Manitoba,Division No. 18,Grahamdale,2365.94,1416.0,1354.0,1334.0,1278.0
Manitoba,Division No. 18,Little Saskatchewan 48,29.12,445.0,399.0,313.0,627.0
Manitoba,Division No. 18,St. Laurent,480.15,1454.0,1305.0,1338.0,1542.0
Manitoba,Division No. 18,Winnipeg Beach,3.91,1017.0,1011.0,1145.0,1439.0
Manitoba,Division No. 19,Berens River 13,26.15,739.0,1028.0,1039.0,1161.0
Manitoba,Division No. 19,Black River 9,9.23,460.0,521.0,698.0,498.0
Manitoba,Division No. 19,Bloodvein 12,15.73,576.0,643.0,687.0,640.0
Manitoba,Division No. 19,Chemawawin 3,47.98,18.0,10.0,15.0,27.0
Manitoba,Division No. 19,Crane River 51,35.97,432.0,503.0,444.0,438.0
Manitoba,Division No. 19,"Division No. 19, Unorganized",59723.04,3255.0,2953.0,2900.0,2839.0
Manitoba,Division No. 19,Fisher River 44,55.17,1129.0,1160.0,1473.0,1449.0
Manitoba,Division No. 19,Fisher River 44A,7.59,44.0,30.0,58.0,44.0
Manitoba,Division No. 19,Fort Alexander 3,87.95,2121.0,2099.0,1929.0,2127.0
Manitoba,Division No. 19,Hole or Hollow Water 10,16.39,619.0,627.0,582.0,530.0
Manitoba,Division No. 19,Jackhead 43,12.11,277.0,229.0,207.0,267.0
Manitoba,Division No. 19,Peguis 1B,310.31,2513.0,2609.0,2704.0,3053.0
Manitoba,Division No. 19,Pine Creek 66A,77.9,614.0,685.0,631.0,700.0
Manitoba,Division No. 19,Shoal River Indian Reserve 65A,3.75,603.0,802.0,810.0,759.0
Manitoba,Division No. 19,Swan Lake 65C,7.69,152.0,49.0,23.0,10.0
Manitoba,Division No. 19,The Narrows 49,24.09,505.0,826.0,5.0,55.0
Manitoba,Division No. 19,Waterhen 45,19.54,389.0,383.0,373.0,476.0
Manitoba,Division No. 20,"Division No. 20, Unorganized, North Part",1744.71,24.0,120.0,25.0,25.0
Manitoba,Division No. 20,"Division No. 20, Unorganized, South Part",2553.98,115.0,82.0,82.0,95.0
Manitoba,Division No. 20,Mountain (North),988.01,766.0,637.0,559.0,537.0
Manitoba,Division No. 20,Mountain (South),1615.42,570.0,467.0,419.0,443.0
Manitoba,Division No. 20,Swan River,6.81,3869.0,3907.0,4014.0,4049.0
Manitoba,Division No. 21,Chemawawin 2,2.51,983.0,1134.0,1252.0,1264.0
Manitoba,Division No. 21,"Division No. 21, Unorganized",40578.97,1887.0,1756.0,1857.0,1712.0
Manitoba,Division No. 21,Flin Flon (Part),13.14,5594.0,5363.0,4991.0,4940.0
Manitoba,Division No. 21,Grand Rapids,74.27,336.0,239.0,268.0,213.0
Manitoba,Division No. 21,Grand Rapids 33,18.91,651.0,716.0,868.0,947.0
Manitoba,Division No. 21,Kelsey,850.41,2453.0,2272.0,2419.0,2181.0
Manitoba,Division No. 21,Moose Lake 31A,3.87,698.0,963.0,1124.0,837.0
Manitoba,Division No. 21,Opaskwayak Cree Nation 21A,5.72,181.0,181.0,210.0,243.0
Manitoba,Division No. 21,Opaskwayak Cree Nation 21B,0.98,37.0,32.0,39.0,278.0
Manitoba,Division No. 21,Opaskwayak Cree Nation 21C,1.26,15.0,20.0,18.0,40.0
Manitoba,Division No. 21,Opaskwayak Cree Nation 21E,24.73,2187.0,2319.0,2473.0,2210.0
Manitoba,Division No. 21,Opaskwayak Cree Nation 21I,1.83,158.0,162.0,294.0,119.0
Manitoba,Division No. 21,Snow Lake,1166.64,837.0,723.0,899.0,1088.0
Manitoba,Division No. 21,The Pas,44.69,5589.0,5513.0,5369.0,5639.0
Manitoba,Division No. 22,Cross Lake 19,23.18,1586.0,1751.0,1607.0,1865.0
Manitoba,Division No. 22,Cross Lake 19A,6.05,1663.0,1937.0,1922.0,2045.0
Manitoba,Division No. 22,Cross Lake 19E,7.32,605.0,696.0,846.0,763.0
Manitoba,Division No. 22,"Division No. 22, Unorganized",85723.96,2460.0,2205.0,2700.0,2162.0
Manitoba,Division No. 22,Garden Hill First Nation,83.05,1898.0,2776.0,2603.0,3054.0
Manitoba,Division No. 22,God's Lake 23,36.66,1105.0,1341.0,1211.0,1520.0
Manitoba,Division No. 22,God's River 86A,2.35,556.0,596.0,628.0,809.0
Manitoba,Division No. 22,Ilford,14.09,116.0,141.0,31.0,62.0
Manitoba,Division No. 22,Mystery Lake,3351.37,0.0,10.0,0.0,0.0
Manitoba,Division No. 22,Nelson House 170,17.25,2096.0,2399.0,2500.0,2397.0
Manitoba,Division No. 22,Norway House 17,82.12,4071.0,4758.0,4807.0,5390.0
Manitoba,Division No. 22,Red Sucker Lake 1976,2.34,845.0,781.0,757.0,725.0
Manitoba,Division No. 22,Split Lake 171,130.23,1819.0,2107.0,2044.0,2232.0
Manitoba,Division No. 22,St. Theresa Point,147.93,2632.0,2871.0,3262.0,3417.0
Manitoba,Division No. 22,Thompson,16.62,13446.0,12829.0,13678.0,13035.0
Manitoba,Division No. 22,Wasagamack,77.9,1160.0,1411.0,1403.0,2088.0
Manitoba,Division No. 22,York Landing,13.32,416.0,450.0,443.0,455.0
Manitoba,Division No. 23,Churchill,50.83,923.0,813.0,899.0,870.0
Manitoba,Division No. 23,"Division No. 23, Unorganized",229309.25,171.0,5.0,283.0,74.0
Manitoba,Division No. 23,Fox Lake 2,0.41,103.0,193.0,156.0,126.0
Manitoba,Division No. 23,Gillam,1994.44,1209.0,1281.0,1201.0,1007.0
Manitoba,Division No. 23,Lac Brochet 197A,4.49,604.0,816.0,728.0,641.0
Manitoba,Division No. 23,Leaf Rapids,1237.66,539.0,453.0,582.0,351.0
Manitoba,Division No. 23,Lynn Lake,867.53,714.0,482.0,494.0,579.0
Manitoba,Division No. 23,South Indian Lake,10.54,857.0,767.0,941.0,578.0
Saskatchewan,Division No.  1,Alameda,2.53,308.0,342.0,369.0,345.0
Saskatchewan,Division No.  1,Alida,0.38,106.0,131.0,120.0,103.0
Saskatchewan,Division No.  1,Antler No. 61,804.28,506.0,536.0,523.0,451.0
Saskatchewan,Division No.  1,Arcola,3.46,509.0,649.0,657.0,636.0
Saskatchewan,Division No.  1,Argyle No. 1,567.05,267.0,270.0,290.0,331.0
Saskatchewan,Division No.  1,Benson No. 35,808.53,434.0,490.0,472.0,450.0
Saskatchewan,Division No.  1,Bienfait,3.05,748.0,780.0,762.0,668.0
Saskatchewan,Division No.  1,Brock No. 64,784.64,274.0,238.0,267.0,252.0
Saskatchewan,Division No.  1,Browning No. 34,797.0,426.0,399.0,375.0,355.0
Saskatchewan,Division No.  1,Carievale,1.51,241.0,236.0,240.0,85.0
Saskatchewan,Division No.  1,Carlyle,5.41,1257.0,1441.0,1508.0,1524.0
Saskatchewan,Division No.  1,Carnduff,2.61,1012.0,1126.0,1099.0,1150.0
Saskatchewan,Division No.  1,Coalfields No. 4,818.16,396.0,382.0,368.0,330.0
Saskatchewan,Division No.  1,Enniskillen No. 3,820.04,430.0,452.0,459.0,422.0
Saskatchewan,Division No.  1,Estevan,18.3,10084.0,11054.0,11483.0,10851.0
Saskatchewan,Division No.  1,Estevan No. 5,772.0,1051.0,1139.0,1370.0,1279.0
Saskatchewan,Division No.  1,Fairlight,2.58,40.0,40.0,40.0,25.0
Saskatchewan,Division No.  1,Forget,1.37,40.0,35.0,55.0,35.0
Saskatchewan,Division No.  1,Frobisher,1.43,145.0,166.0,160.0,127.0
Saskatchewan,Division No.  1,Gainsborough,0.94,250.0,291.0,254.0,227.0
Saskatchewan,Division No.  1,Glen Ewen,2.59,120.0,144.0,154.0,159.0
Saskatchewan,Division No.  1,Golden West No. 95,781.59,322.0,315.0,291.0,289.0
Saskatchewan,Division No.  1,Hazelwood No. 94,714.41,267.0,246.0,230.0,244.0
Saskatchewan,Division No.  1,Heward,0.92,20.0,40.0,44.0,30.0
Saskatchewan,Division No.  1,Kennedy,1.57,187.0,241.0,216.0,232.0
Saskatchewan,Division No.  1,Kenosee Lake,0.4,194.0,258.0,234.0,236.0
Saskatchewan,Division No.  1,Kisbey,2.69,185.0,139.0,153.0,158.0
Saskatchewan,Division No.  1,Lampman,2.13,634.0,713.0,675.0,673.0
Saskatchewan,Division No.  1,Manor,2.58,312.0,322.0,295.0,305.0
Saskatchewan,Division No.  1,Maryfield,2.57,347.0,365.0,348.0,311.0
Saskatchewan,Division No.  1,Maryfield No. 91,748.67,341.0,319.0,324.0,258.0
Saskatchewan,Division No.  1,Moose Creek No. 33,828.74,365.0,372.0,379.0,306.0
Saskatchewan,Division No.  1,Moose Mountain No. 63,718.23,487.0,480.0,492.0,489.0
Saskatchewan,Division No.  1,Mount Pleasant No. 2,772.71,418.0,383.0,414.0,419.0
Saskatchewan,Division No.  1,North Portal,2.65,123.0,143.0,115.0,113.0
Saskatchewan,Division No.  1,Ocean Man 69,18.78,124.0,160.0,185.0,164.0
Saskatchewan,Division No.  1,Ocean Man 69A,2.62,0.0,5.0,0.0,5.0
Saskatchewan,Division No.  1,Ocean Man 69C,3.56,0.0,5.0,0.0,15.0
Saskatchewan,Division No.  1,Ocean Man 69D,1.74,0.0,0.0,5.0,0.0
Saskatchewan,Division No.  1,Ocean Man 69E,3.86,0.0,15.0,0.0,10.0
Saskatchewan,Division No.  1,Ocean Man 69F,2.06,0.0,10.0,0.0,5.0
Saskatchewan,Division No.  1,Ocean Man 69G,0.61,5.0,0.0,0.0,0.0
Saskatchewan,Division No.  1,Ocean Man 69H,6.15,29.0,5.0,5.0,5.0
Saskatchewan,Division No.  1,Ocean Man 69I,1.62,0.0,0.0,5.0,5.0
Saskatchewan,Division No.  1,Oxbow,3.33,1139.0,1285.0,1328.0,1286.0
Saskatchewan,Division No.  1,Pheasant Rump Nakota 68,74.99,15.0,60.0,56.0,72.0
Saskatchewan,Division No.  1,Reciprocity No. 32,707.95,352.0,386.0,344.0,351.0
Saskatchewan,Division No.  1,Redvers,2.9,878.0,975.0,1042.0,1008.0
Saskatchewan,Division No.  1,Roche Percée,2.87,149.0,153.0,110.0,75.0
Saskatchewan,Division No.  1,Storthoaks,0.45,82.0,93.0,108.0,86.0
Saskatchewan,Division No.  1,Storthoaks No. 31,551.21,312.0,304.0,292.0,306.0
Saskatchewan,Division No.  1,Stoughton,3.45,653.0,694.0,649.0,652.0
Saskatchewan,Division No.  1,Tecumseh No. 65,798.92,270.0,270.0,271.0,255.0
Saskatchewan,Division No.  1,Walpole No. 92,832.36,348.0,338.0,326.0,292.0
Saskatchewan,Division No.  1,Wawken No. 93,743.5,608.0,559.0,571.0,614.0
Saskatchewan,Division No.  1,Wawota,1.28,522.0,560.0,543.0,555.0
Saskatchewan,Division No.  1,White Bear 70,92.45,796.0,738.0,691.0,722.0
Saskatchewan,Division No.  2,Avonlea,1.3,381.0,398.0,393.0,411.0
Saskatchewan,Division No.  2,Bengough,1.12,337.0,313.0,332.0,332.0
Saskatchewan,Division No.  2,Bengough No. 40,1008.64,337.0,329.0,281.0,305.0
Saskatchewan,Division No.  2,Brokenshell No. 68,845.97,324.0,308.0,312.0,307.0
Saskatchewan,Division No.  2,Caledonia No. 99,846.76,286.0,257.0,245.0,225.0
Saskatchewan,Division No.  2,Cambria No. 6,813.31,268.0,304.0,309.0,277.0
Saskatchewan,Division No.  2,Ceylon,0.76,90.0,99.0,111.0,97.0
Saskatchewan,Division No.  2,Creelman,1.35,81.0,115.0,113.0,103.0
Saskatchewan,Division No.  2,Cymri No. 36,816.38,455.0,524.0,549.0,568.0
Saskatchewan,Division No.  2,Elmsthorpe No. 100,824.15,258.0,210.0,226.0,195.0
Saskatchewan,Division No.  2,Fillmore,1.32,193.0,255.0,311.0,282.0
Saskatchewan,Division No.  2,Fillmore No. 96,815.57,256.0,255.0,223.0,224.0
Saskatchewan,Division No.  2,Goodwater,0.56,25.0,35.0,30.0,40.0
Saskatchewan,Division No.  2,Griffin No. 66,801.27,334.0,398.0,438.0,430.0
Saskatchewan,Division No.  2,Halbrite,1.1,98.0,108.0,119.0,110.0
Saskatchewan,Division No.  2,Happy Valley No. 10,806.93,174.0,148.0,139.0,125.0
Saskatchewan,Division No.  2,Key West No. 70,786.65,309.0,287.0,255.0,251.0
Saskatchewan,Division No.  2,Lake Alma No. 8,785.5,240.0,250.0,272.0,269.0
Saskatchewan,Division No.  2,Lang,0.65,172.0,200.0,189.0,176.0
Saskatchewan,Division No.  2,Laurier No. 38,816.25,312.0,321.0,296.0,253.0
Saskatchewan,Division No.  2,Lomond No. 37,825.6,301.0,304.0,296.0,275.0
Saskatchewan,Division No.  2,Macoun,1.7,168.0,246.0,269.0,272.0
Saskatchewan,Division No.  2,McTaggart,0.75,114.0,125.0,121.0,125.0
Saskatchewan,Division No.  2,Midale,1.62,462.0,562.0,604.0,510.0
Saskatchewan,Division No.  2,Milestone,2.12,562.0,618.0,699.0,682.0
Saskatchewan,Division No.  2,Minton,0.25,60.0,60.0,55.0,50.0
Saskatchewan,Division No.  2,Norton No. 69,808.81,248.0,259.0,233.0,233.0
Saskatchewan,Division No.  2,Ogema,1.33,304.0,368.0,403.0,383.0
Saskatchewan,Division No.  2,Osage,0.62,20.0,20.0,20.0,25.0
Saskatchewan,Division No.  2,Pangman,0.73,200.0,214.0,232.0,238.0
Saskatchewan,Division No.  2,Radville,2.95,793.0,860.0,807.0,778.0
Saskatchewan,Division No.  2,Scott No. 98,846.58,176.0,176.0,195.0,215.0
Saskatchewan,Division No.  2,Souris Valley No. 7,804.48,230.0,240.0,249.0,220.0
Saskatchewan,Division No.  2,Surprise Valley No. 9,802.64,199.0,193.0,217.0,211.0
Saskatchewan,Division No.  2,The Gap No. 39,795.76,245.0,230.0,199.0,181.0
Saskatchewan,Division No.  2,Torquay,1.35,184.0,236.0,255.0,215.0
Saskatchewan,Division No.  2,Tribune,1.69,35.0,25.0,45.0,25.0
Saskatchewan,Division No.  2,Wellington No. 97,831.16,357.0,356.0,371.0,274.0
Saskatchewan,Division No.  2,Weyburn,19.03,9433.0,10484.0,10870.0,11019.0
Saskatchewan,Division No.  2,Weyburn No. 67,808.5,888.0,1048.0,1064.0,1103.0
Saskatchewan,Division No.  2,Yellow Grass,2.67,371.0,440.0,478.0,483.0
Saskatchewan,Division No.  3,Assiniboia,3.68,2305.0,2418.0,2424.0,2333.0
Saskatchewan,Division No.  3,Auvergne No. 76,846.86,374.0,354.0,412.0,381.0
Saskatchewan,Division No.  3,Coronach,2.34,770.0,711.0,643.0,612.0
Saskatchewan,Division No.  3,Excel No. 71,1093.31,466.0,427.0,391.0,411.0
Saskatchewan,Division No.  3,Glen Bain No. 105,827.17,232.0,205.0,180.0,195.0
Saskatchewan,Division No.  3,Glen McPherson No. 46,845.13,112.0,73.0,72.0,76.0
Saskatchewan,Division No.  3,Gravelbourg,3.21,1089.0,1116.0,1083.0,986.0
Saskatchewan,Division No.  3,Gravelbourg No. 104,824.45,329.0,306.0,372.0,317.0
Saskatchewan,Division No.  3,Hart Butte No. 11,839.22,272.0,264.0,252.0,263.0
Saskatchewan,Division No.  3,Hazenmore,0.68,57.0,50.0,65.0,75.0
Saskatchewan,Division No.  3,Kincaid,0.54,135.0,114.0,111.0,120.0
Saskatchewan,Division No.  3,Lafleche,1.43,370.0,406.0,382.0,373.0
Saskatchewan,Division No.  3,Lake Johnston No. 102,555.8,161.0,160.0,170.0,140.0
Saskatchewan,Division No.  3,Lake of the Rivers No. 72,665.26,326.0,302.0,279.0,252.0
Saskatchewan,Division No.  3,Limerick,0.61,130.0,115.0,115.0,114.0
Saskatchewan,Division No.  3,Mankota,1.5,238.0,211.0,205.0,198.0
Saskatchewan,Division No.  3,Mankota No. 45,1693.17,382.0,322.0,292.0,289.0
Saskatchewan,Division No.  3,Mossbank,1.56,330.0,327.0,360.0,368.0
Saskatchewan,Division No.  3,Neville,0.96,65.0,83.0,87.0,88.0
Saskatchewan,Division No.  3,Old Post No. 43,1757.5,394.0,395.0,377.0,352.0
Saskatchewan,Division No.  3,Pinto Creek No. 75,838.82,239.0,239.0,288.0,251.0
Saskatchewan,Division No.  3,Ponteix,1.19,531.0,605.0,563.0,577.0
Saskatchewan,Division No.  3,Poplar Valley No. 12,765.28,245.0,200.0,195.0,190.0
Saskatchewan,Division No.  3,Rockglen,2.65,366.0,400.0,441.0,399.0
Saskatchewan,Division No.  3,Stonehenge No. 73,956.43,442.0,403.0,380.0,385.0
Saskatchewan,Division No.  3,Sutton No. 103,792.29,294.0,240.0,240.0,230.0
Saskatchewan,Division No.  3,Terrell No. 101,837.04,257.0,224.0,241.0,210.0
Saskatchewan,Division No.  3,Vanguard,1.86,152.0,152.0,134.0,184.0
Saskatchewan,Division No.  3,Waverley No. 44,1425.78,422.0,359.0,336.0,295.0
Saskatchewan,Division No.  3,Whiska Creek No. 106,845.65,520.0,499.0,465.0,512.0
Saskatchewan,Division No.  3,Willow Bunch,0.91,297.0,286.0,272.0,299.0
Saskatchewan,Division No.  3,Willow Bunch No. 42,1037.04,407.0,361.0,306.0,285.0
Saskatchewan,Division No.  3,Wood Mountain,0.61,20.0,25.0,20.0,20.0
Saskatchewan,Division No.  3,Wood Mountain 160,24.37,17.0,15.0,20.0,16.0
Saskatchewan,Division No.  3,Wood River No. 74,824.84,387.0,324.0,433.0,466.0
Saskatchewan,Division No.  4,Arlington No. 79,841.62,413.0,345.0,366.0,359.0
Saskatchewan,Division No.  4,Bone Creek No. 108,834.81,321.0,340.0,394.0,362.0
Saskatchewan,Division No.  4,Bracken,0.63,25.0,30.0,20.0,20.0
Saskatchewan,Division No.  4,Cadillac,1.16,80.0,78.0,92.0,116.0
Saskatchewan,Division No.  4,Carmichael No. 109,839.45,450.0,440.0,502.0,462.0
Saskatchewan,Division No.  4,Climax,0.94,182.0,182.0,195.0,137.0
Saskatchewan,Division No.  4,Consul,0.7,93.0,84.0,73.0,50.0
Saskatchewan,Division No.  4,Eastend,2.61,471.0,527.0,503.0,607.0
Saskatchewan,Division No.  4,Frontier,1.05,283.0,351.0,372.0,364.0
Saskatchewan,Division No.  4,Frontier No. 19,1631.39,323.0,371.0,326.0,347.0
Saskatchewan,Division No.  4,Grassy Creek No. 78,831.45,305.0,284.0,364.0,341.0
Saskatchewan,Division No.  4,Lac Pelletier No. 107,841.37,524.0,607.0,546.0,563.0
Saskatchewan,Division No.  4,Lone Tree No. 18,821.4,150.0,145.0,150.0,140.0
Saskatchewan,Division No.  4,Maple Creek,4.35,2198.0,2176.0,2084.0,2176.0
Saskatchewan,Division No.  4,Maple Creek No. 111,3180.1,1167.0,1154.0,1063.0,1167.0
Saskatchewan,Division No.  4,Nekaneet Cree Nation,60.32,160.0,118.0,187.0,169.0
Saskatchewan,Division No.  4,Piapot No. 110,1942.87,392.0,324.0,302.0,280.0
Saskatchewan,Division No.  4,Reno No. 51,3424.73,462.0,399.0,379.0,343.0
Saskatchewan,Division No.  4,Shaunavon,4.8,1691.0,1756.0,1714.0,1784.0
Saskatchewan,Division No.  4,Val Marie,0.43,137.0,98.0,126.0,120.0
Saskatchewan,Division No.  4,Val Marie No. 17,3059.22,479.0,405.0,413.0,425.0
Saskatchewan,Division No.  4,White Valley No. 49,2001.56,518.0,478.0,478.0,352.0
Saskatchewan,Division No.  4,Wise Creek No. 77,822.49,252.0,157.0,205.0,188.0
Saskatchewan,Division No.  5,Atwater,1.84,25.0,0.0,30.0,27.0
Saskatchewan,Division No.  5,Bangor,1.57,50.0,46.0,38.0,40.0
Saskatchewan,Division No.  5,Bird's Point,0.59,88.0,103.0,112.0,150.0
Saskatchewan,Division No.  5,Bredenbury,4.61,329.0,364.0,372.0,386.0
Saskatchewan,Division No.  5,Broadview,2.82,611.0,574.0,552.0,541.0
Saskatchewan,Division No.  5,Cana No. 214,813.42,850.0,858.0,867.0,904.0
Saskatchewan,Division No.  5,Chester No. 125,817.66,386.0,373.0,383.0,333.0
Saskatchewan,Division No.  5,Churchbridge,2.57,704.0,743.0,896.0,866.0
Saskatchewan,Division No.  5,Churchbridge No. 211,899.13,679.0,673.0,619.0,584.0
Saskatchewan,Division No.  5,Cowessess 73,116.48,513.0,672.0,540.0,645.0
Saskatchewan,Division No.  5,Dubuc,0.61,55.0,70.0,61.0,71.0
Saskatchewan,Division No.  5,Duff,0.27,30.0,30.0,30.0,25.0
Saskatchewan,Division No.  5,Elcapo No. 154,824.3,489.0,481.0,488.0,392.0
Saskatchewan,Division No.  5,Esterhazy,5.56,2336.0,2472.0,2502.0,2345.0
Saskatchewan,Division No.  5,Fenwood,1.74,35.0,40.0,30.0,42.0
Saskatchewan,Division No.  5,Fertile Belt No. 183,1001.93,771.0,816.0,781.0,727.0
Saskatchewan,Division No.  5,Fleming,1.89,75.0,83.0,84.0,70.0
Saskatchewan,Division No.  5,Gerald,0.74,124.0,114.0,136.0,129.0
Saskatchewan,Division No.  5,Glenavon,1.29,183.0,176.0,182.0,179.0
Saskatchewan,Division No.  5,Goodeve,2.38,50.0,45.0,40.0,40.0
Saskatchewan,Division No.  5,Grayson,1.79,179.0,184.0,211.0,185.0
Saskatchewan,Division No.  5,Grayson No. 184,862.8,542.0,495.0,512.0,547.0
Saskatchewan,Division No.  5,Grenfell,3.14,947.0,1049.0,1099.0,1059.0
Saskatchewan,Division No.  5,Kahkewistahaw 72,79.95,506.0,523.0,502.0,627.0
Saskatchewan,Division No.  5,Killaly,2.64,77.0,74.0,65.0,58.0
Saskatchewan,Division No.  5,Kingsley No. 124,828.77,439.0,421.0,444.0,396.0
Saskatchewan,Division No.  5,Kipling,2.55,973.0,1051.0,1074.0,1076.0
Saskatchewan,Division No.  5,Langenburg,3.38,1048.0,1148.0,1165.0,1228.0
Saskatchewan,Division No.  5,Langenburg No. 181,656.42,558.0,572.0,557.0,561.0
Saskatchewan,Division No.  5,Lemberg,2.67,255.0,274.0,313.0,266.0
Saskatchewan,Division No.  5,Little Bone 74B,1.78,33.0,39.0,24.0,41.0
Saskatchewan,Division No.  5,MacNutt,0.92,80.0,65.0,65.0,50.0
Saskatchewan,Division No.  5,Martin No. 122,542.27,339.0,333.0,289.0,254.0
Saskatchewan,Division No.  5,McLeod No. 185,872.52,508.0,446.0,365.0,401.0
Saskatchewan,Division No.  5,Melville,14.78,4149.0,4517.0,4562.0,4493.0
Saskatchewan,Division No.  5,Melville Beach,0.11,41.0,10.0,19.0,54.0
Saskatchewan,Division No.  5,Moosomin,7.15,2262.0,2485.0,2743.0,2657.0
Saskatchewan,Division No.  5,Moosomin No. 121,545.78,513.0,504.0,603.0,541.0
Saskatchewan,Division No.  5,Neudorf,1.94,281.0,272.0,263.0,272.0
Saskatchewan,Division No.  5,Ochapowace 71,151.37,448.0,540.0,426.0,501.0
Saskatchewan,Division No.  5,Ochapowace 71-10,2.33,0.0,0.0,0.0,5.0
Saskatchewan,Division No.  5,Ochapowace 71-18,4.67,0.0,0.0,0.0,0.0
Saskatchewan,Division No.  5,Ochapowace 71-54,1.39,0.0,5.0,0.0,0.0
Saskatchewan,Division No.  5,Ochapowace 71-7,1.86,0.0,0.0,0.0,0.0
Saskatchewan,Division No.  5,Rocanville,2.36,869.0,857.0,863.0,889.0
Saskatchewan,Division No.  5,Rocanville No. 151,748.04,554.0,533.0,507.0,544.0
Saskatchewan,Division No.  5,Sakimay 74,83.77,169.0,311.0,147.0,250.0
Saskatchewan,Division No.  5,Saltcoats,1.35,467.0,474.0,484.0,473.0
Saskatchewan,Division No.  5,Saltcoats No. 213,824.85,746.0,673.0,712.0,743.0
Saskatchewan,Division No.  5,Shesheep 74A,12.92,24.0,132.0,111.0,98.0
Saskatchewan,Division No.  5,Silverwood No. 123,827.96,449.0,466.0,410.0,355.0
Saskatchewan,Division No.  5,Spy Hill,1.15,201.0,204.0,168.0,173.0
Saskatchewan,Division No.  5,Spy Hill No. 152,646.54,365.0,366.0,323.0,383.0
Saskatchewan,Division No.  5,Stanley No. 215,824.95,509.0,516.0,505.0,508.0
Saskatchewan,Division No.  5,Stockholm,1.63,323.0,341.0,352.0,329.0
Saskatchewan,Division No.  5,Tantallon,0.84,105.0,105.0,91.0,84.0
Saskatchewan,Division No.  5,Waldron,1.38,20.0,20.0,15.0,15.0
Saskatchewan,Division No.  5,Wapella,2.63,311.0,333.0,326.0,278.0
Saskatchewan,Division No.  5,West End,0.37,26.0,17.0,37.0,41.0
Saskatchewan,Division No.  5,Whitewood,3.93,869.0,950.0,862.0,944.0
Saskatchewan,Division No.  5,Willowdale No. 153,594.03,333.0,297.0,294.0,248.0
Saskatchewan,Division No.  5,Windthorst,1.34,194.0,215.0,211.0,194.0
Saskatchewan,Division No.  5,Wolseley,5.84,782.0,864.0,854.0,852.0
Saskatchewan,Division No.  5,Wolseley No. 155,758.46,438.0,405.0,372.0,366.0
Saskatchewan,Division No.  5,Yarbo,0.76,72.0,53.0,57.0,48.0
Saskatchewan,Division No.  6,Abernethy,0.98,197.0,196.0,204.0,190.0
Saskatchewan,Division No.  6,Abernethy No. 186,763.11,375.0,387.0,362.0,337.0
Saskatchewan,Division No.  6,Alice Beach,0.71,68.0,45.0,51.0,82.0
Saskatchewan,Division No.  6,Assiniboine 76,158.11,671.0,673.0,443.0,703.0
Saskatchewan,Division No.  6,B-Say-Tah,1.02,206.0,187.0,156.0,177.0
Saskatchewan,Division No.  6,Balcarres,1.62,598.0,617.0,587.0,616.0
Saskatchewan,Division No.  6,Balgonie,4.76,1384.0,1625.0,1765.0,1756.0
Saskatchewan,Division No.  6,Belle Plaine,1.35,64.0,66.0,85.0,79.0
Saskatchewan,Division No.  6,Bethune,2.38,369.0,400.0,399.0,560.0
Saskatchewan,Division No.  6,Bratt's Lake No. 129,844.71,362.0,350.0,315.0,328.0
Saskatchewan,Division No.  6,Briercrest,0.69,117.0,111.0,159.0,155.0
Saskatchewan,Division No.  6,Buena Vista,3.63,490.0,524.0,612.0,646.0
Saskatchewan,Division No.  6,Bulyea,1.26,104.0,102.0,113.0,121.0
Saskatchewan,Division No.  6,Chamberlain,0.68,108.0,88.0,90.0,96.0
Saskatchewan,Division No.  6,Craven,1.22,274.0,234.0,214.0,266.0
Saskatchewan,Division No.  6,Cupar,0.86,566.0,579.0,564.0,598.0
Saskatchewan,Division No.  6,Cupar No. 218,905.53,502.0,554.0,503.0,516.0
Saskatchewan,Division No.  6,Dilke,1.28,80.0,77.0,98.0,60.0
Saskatchewan,Division No.  6,Disley,0.65,62.0,111.0,67.0,58.0
Saskatchewan,Division No.  6,Drinkwater,2.64,65.0,65.0,70.0,74.0
Saskatchewan,Division No.  6,Dufferin No. 190,949.88,540.0,512.0,559.0,454.0
Saskatchewan,Division No.  6,Dysart,1.19,198.0,218.0,200.0,188.0
Saskatchewan,Division No.  6,Earl Grey,1.35,264.0,239.0,246.0,229.0
Saskatchewan,Division No.  6,Edenwold,0.69,242.0,238.0,233.0,243.0
Saskatchewan,Division No.  6,Edenwold No. 158,848.84,3606.0,4167.0,4490.0,4466.0
Saskatchewan,Division No.  6,Findlater,1.2,49.0,50.0,45.0,60.0
Saskatchewan,Division No.  6,Fort Qu'Appelle,5.09,1919.0,2034.0,2042.0,1972.0
Saskatchewan,Division No.  6,Fort San,2.55,215.0,187.0,222.0,233.0
Saskatchewan,Division No.  6,Francis,0.62,148.0,176.0,217.0,182.0
Saskatchewan,Division No.  6,Francis No. 127,1077.36,672.0,676.0,674.0,701.0
Saskatchewan,Division No.  6,Glen Harbour,0.35,73.0,65.0,67.0,91.0
Saskatchewan,Division No.  6,Grand Coulee,1.74,435.0,571.0,649.0,606.0
Saskatchewan,Division No.  6,Grandview Beach,0.25,35.0,25.0,35.0,118.0
Saskatchewan,Division No.  6,Holdfast,1.32,173.0,169.0,247.0,173.0
Saskatchewan,Division No.  6,Indian Head,3.08,1634.0,1815.0,1910.0,1902.0
Saskatchewan,Division No.  6,Indian Head No. 156,745.38,356.0,380.0,336.0,362.0
Saskatchewan,Division No.  6,Island View,0.45,88.0,65.0,74.0,134.0
Saskatchewan,Division No.  6,Kannata Valley,0.63,133.0,101.0,88.0,126.0
Saskatchewan,Division No.  6,Katepwa,4.49,285.0,403.0,312.0,539.0
Saskatchewan,Division No.  6,Kendal,0.62,59.0,77.0,83.0,59.0
Saskatchewan,Division No.  6,Lajord No. 128,945.1,977.0,993.0,1232.0,985.0
Saskatchewan,Division No.  6,Lebret,1.24,203.0,218.0,221.0,226.0
Saskatchewan,Division No.  6,Lipton,0.7,342.0,372.0,345.0,284.0
Saskatchewan,Division No.  6,Lipton No. 217,805.35,427.0,424.0,381.0,388.0
Saskatchewan,Division No.  6,Little Black Bear 84,65.68,160.0,165.0,137.0,173.0
Saskatchewan,Division No.  6,Longlaketon No. 219,1022.45,899.0,962.0,1016.0,1096.0
Saskatchewan,Division No.  6,Lumsden,4.92,1523.0,1631.0,1824.0,1800.0
Saskatchewan,Division No.  6,Lumsden Beach,0.46,40.0,35.0,10.0,45.0
Saskatchewan,Division No.  6,Lumsden No. 189,816.17,1612.0,1733.0,1938.0,1968.0
Saskatchewan,Division No.  6,Markinch,0.68,59.0,72.0,58.0,55.0
Saskatchewan,Division No.  6,McKillop No. 220,663.9,566.0,575.0,732.0,897.0
Saskatchewan,Division No.  6,McLean,1.32,275.0,304.0,405.0,392.0
Saskatchewan,Division No.  6,Montmartre,1.69,413.0,476.0,490.0,450.0
Saskatchewan,Division No.  6,Montmartre No. 126,817.75,503.0,488.0,483.0,350.0
Saskatchewan,Division No.  6,Muscowpetung 80,77.55,290.0,365.0,275.0,277.0
Saskatchewan,Division No.  6,North Grove,3.72,68.0,49.0,132.0,175.0
Saskatchewan,Division No.  6,North Qu'Appelle No. 187,489.53,852.0,728.0,855.0,918.0
Saskatchewan,Division No.  6,Odessa,1.08,201.0,239.0,205.0,220.0
Saskatchewan,Division No.  6,Okanese 82,52.89,187.0,226.0,175.0,213.0
Saskatchewan,Division No.  6,Pasqua 79,89.54,472.0,546.0,517.0,638.0
Saskatchewan,Division No.  6,Peepeekisis 81,100.83,488.0,497.0,491.0,510.0
Saskatchewan,Division No.  6,Pelican Pointe,0.12,23.0,15.0,28.0,38.0
Saskatchewan,Division No.  6,Pense,1.32,507.0,532.0,587.0,603.0
Saskatchewan,Division No.  6,Pense No. 160,840.18,490.0,471.0,508.0,441.0
Saskatchewan,Division No.  6,Piapot 75,112.12,448.0,464.0,516.0,677.0
Saskatchewan,Division No.  6,Pilot Butte,5.71,1872.0,1848.0,2137.0,2638.0
Saskatchewan,Division No.  6,Qu'Appelle,3.88,624.0,668.0,639.0,625.0
Saskatchewan,Division No.  6,Redburn No. 130,845.89,245.0,250.0,250.0,253.0
Saskatchewan,Division No.  6,Regina,178.81,179282.0,193100.0,215106.0,226404.0
Saskatchewan,Division No.  6,Regina Beach,3.88,1210.0,1081.0,1145.0,1292.0
Saskatchewan,Division No.  6,Rouleau,1.54,400.0,453.0,540.0,505.0
Saskatchewan,Division No.  6,Sarnia No. 221,863.89,284.0,266.0,322.0,326.0
Saskatchewan,Division No.  6,Saskatchewan Beach,1.57,155.0,213.0,258.0,322.0
Saskatchewan,Division No.  6,Sedley,1.34,319.0,337.0,358.0,367.0
Saskatchewan,Division No.  6,Sherwood No. 159,656.66,1039.0,929.0,974.0,1219.0
Saskatchewan,Division No.  6,Silton,1.06,91.0,95.0,71.0,95.0
Saskatchewan,Division No.  6,Sintaluta,2.67,98.0,120.0,119.0,124.0
Saskatchewan,Division No.  6,South Qu'Appelle No. 157,877.75,1066.0,1271.0,1275.0,1231.0
Saskatchewan,Division No.  6,Southey,1.56,711.0,778.0,804.0,832.0
Saskatchewan,Division No.  6,Standing Buffalo 78,22.89,446.0,651.0,569.0,586.0
Saskatchewan,Division No.  6,Star Blanket 83,53.17,195.0,201.0,175.0,165.0
Saskatchewan,Division No.  6,Star Blanket 83C,3.0,0.0,0.0,0.0,0.0
Saskatchewan,Division No.  6,Strasbourg,5.81,732.0,752.0,800.0,788.0
Saskatchewan,Division No.  6,Sunset Cove,0.17,26.0,25.0,18.0,21.0
Saskatchewan,Division No.  6,Treaty Four Reserve Grounds 77,0.4,0.0,10.0,0.0,10.0
Saskatchewan,Division No.  6,Tullymet No. 216,555.62,245.0,220.0,200.0,183.0
Saskatchewan,Division No.  6,Vibank,0.71,361.0,374.0,385.0,386.0
Saskatchewan,Division No.  6,Wa-Pii Moos-Toosis (White Calf) 83A,0.24,81.0,97.0,83.0,79.0
Saskatchewan,Division No.  6,Wee Too Beach,0.17,60.0,35.0,79.0,75.0
Saskatchewan,Division No.  6,White City,7.56,1113.0,1894.0,3099.0,3702.0
Saskatchewan,Division No.  6,Wilcox,1.43,222.0,339.0,264.0,261.0
Saskatchewan,Division No.  7,Aylesbury,1.31,45.0,10.0,40.0,67.0
Saskatchewan,Division No.  7,Baildon No. 131,829.56,548.0,594.0,620.0,583.0
Saskatchewan,Division No.  7,Beaver Flat,0.89,58.0,40.0,72.0,82.0
Saskatchewan,Division No.  7,Beechy,1.09,243.0,239.0,228.0,209.0
Saskatchewan,Division No.  7,Brownlee,2.57,50.0,50.0,55.0,55.0
Saskatchewan,Division No.  7,Canaan No. 225,549.95,165.0,149.0,140.0,145.0
Saskatchewan,Division No.  7,Caron No. 162,566.74,500.0,516.0,576.0,603.0
Saskatchewan,Division No.  7,Caronport,1.82,919.0,1068.0,994.0,1033.0
Saskatchewan,Division No.  7,Central Butte,2.1,372.0,365.0,372.0,416.0
Saskatchewan,Division No.  7,Chaplin,1.15,235.0,218.0,229.0,222.0
Saskatchewan,Division No.  7,Chaplin No. 164,837.96,138.0,147.0,113.0,127.0
Saskatchewan,Division No.  7,Coderre,0.85,40.0,30.0,30.0,30.0
Saskatchewan,Division No.  7,Coteau Beach,0.7,30.0,40.0,48.0,170.0
Saskatchewan,Division No.  7,Coteau No. 255,895.72,468.0,420.0,475.0,401.0
Saskatchewan,Division No.  7,Coulee No. 136,840.54,509.0,582.0,563.0,669.0
Saskatchewan,Division No.  7,Craik,3.08,408.0,453.0,392.0,405.0
Saskatchewan,Division No.  7,Craik No. 222,868.48,288.0,299.0,259.0,272.0
Saskatchewan,Division No.  7,Enfield No. 194,1003.93,301.0,270.0,226.0,268.0
Saskatchewan,Division No.  7,Ernfold,1.29,35.0,30.0,15.0,20.0
Saskatchewan,Division No.  7,Excelsior No. 166,1196.48,825.0,959.0,806.0,808.0
Saskatchewan,Division No.  7,Eyebrow,2.52,135.0,139.0,119.0,130.0
Saskatchewan,Division No.  7,Eyebrow No. 193,830.73,245.0,230.0,195.0,220.0
Saskatchewan,Division No.  7,Herbert,3.69,742.0,759.0,856.0,770.0
Saskatchewan,Division No.  7,Hillsborough No. 132,434.18,122.0,114.0,101.0,97.0
Saskatchewan,Division No.  7,Hodgeville,1.24,142.0,172.0,172.0,147.0
Saskatchewan,Division No.  7,Huron No. 223,830.68,233.0,196.0,198.0,205.0
Saskatchewan,Division No.  7,King George No. 256,820.32,234.0,217.0,226.0,178.0
Saskatchewan,Division No.  7,Lawtonia No. 135,843.24,356.0,434.0,346.0,356.0
Saskatchewan,Division No.  7,Lucky Lake,0.82,295.0,287.0,289.0,270.0
Saskatchewan,Division No.  7,Maple Bush No. 224,818.05,186.0,167.0,192.0,213.0
Saskatchewan,Division No.  7,Marquis,0.63,71.0,92.0,97.0,90.0
Saskatchewan,Division No.  7,Marquis No. 191,781.48,404.0,252.0,312.0,303.0
Saskatchewan,Division No.  7,Mistusinne,1.92,56.0,66.0,77.0,118.0
Saskatchewan,Division No.  7,Moose Jaw,65.81,32132.0,33274.0,33910.0,33665.0
Saskatchewan,Division No.  7,Moose Jaw No. 161,777.62,1228.0,1147.0,1143.0,1207.0
Saskatchewan,Division No.  7,Morse,1.54,236.0,240.0,242.0,216.0
Saskatchewan,Division No.  7,Morse No. 165,1232.65,435.0,401.0,427.0,396.0
Saskatchewan,Division No.  7,Mortlach,2.87,254.0,289.0,261.0,274.0
Saskatchewan,Division No.  7,Riverhurst,1.01,121.0,114.0,130.0,152.0
Saskatchewan,Division No.  7,Rodgers No. 133,697.18,115.0,101.0,90.0,105.0
Saskatchewan,Division No.  7,Rush Lake,0.7,50.0,65.0,53.0,55.0
Saskatchewan,Division No.  7,Shamrock,0.79,20.0,20.0,20.0,20.0
Saskatchewan,Division No.  7,Shamrock No. 134,761.86,226.0,227.0,205.0,194.0
Saskatchewan,Division No.  7,South Lake,4.95,105.0,48.0,169.0,226.0
Saskatchewan,Division No.  7,Sun Valley,2.03,128.0,46.0,118.0,154.0
Saskatchewan,Division No.  7,Tugaske,0.75,105.0,92.0,75.0,79.0
Saskatchewan,Division No.  7,Tuxford,0.68,88.0,91.0,113.0,103.0
Saskatchewan,Division No.  7,Victory No. 226,1360.62,428.0,443.0,380.0,434.0
Saskatchewan,Division No.  7,Waldeck,1.99,294.0,297.0,277.0,294.0
Saskatchewan,Division No.  7,Wheatlands No. 163,818.63,164.0,149.0,149.0,157.0
Saskatchewan,Division No.  8,Abbey,0.73,130.0,115.0,129.0,100.0
Saskatchewan,Division No.  8,Big Stick No. 141,831.87,182.0,148.0,136.0,148.0
Saskatchewan,Division No.  8,Burstall,1.09,315.0,301.0,278.0,302.0
Saskatchewan,Division No.  8,Cabri,1.36,439.0,399.0,390.0,413.0
Saskatchewan,Division No.  8,Chesterfield No. 261,1962.21,485.0,480.0,481.0,419.0
Saskatchewan,Division No.  8,Clinworth No. 230,1436.33,228.0,211.0,154.0,168.0
Saskatchewan,Division No.  8,Deer Forks No. 232,736.87,213.0,223.0,209.0,208.0
Saskatchewan,Division No.  8,Eatonia,1.6,449.0,508.0,524.0,498.0
Saskatchewan,Division No.  8,Elrose,2.89,453.0,477.0,496.0,470.0
Saskatchewan,Division No.  8,Enterprise No. 142,998.47,160.0,140.0,110.0,110.0
Saskatchewan,Division No.  8,Eston,2.65,971.0,1031.0,1061.0,972.0
Saskatchewan,Division No.  8,Fox Valley,0.7,295.0,260.0,249.0,259.0
Saskatchewan,Division No.  8,Fox Valley No. 171,1253.4,368.0,345.0,330.0,344.0
Saskatchewan,Division No.  8,Golden Prairie,0.48,35.0,35.0,30.0,30.0
Saskatchewan,Division No.  8,Gull Lake,2.4,965.0,989.0,1046.0,908.0
Saskatchewan,Division No.  8,Gull Lake No. 139,828.48,221.0,201.0,201.0,185.0
Saskatchewan,Division No.  8,Happyland No. 231,1269.18,297.0,284.0,249.0,285.0
Saskatchewan,Division No.  8,Hazlet,0.55,85.0,95.0,106.0,90.0
Saskatchewan,Division No.  8,Kyle,1.16,423.0,437.0,449.0,413.0
Saskatchewan,Division No.  8,Lacadena No. 228,1896.92,613.0,572.0,535.0,787.0
Saskatchewan,Division No.  8,Lancer,1.32,65.0,61.0,69.0,58.0
Saskatchewan,Division No.  8,Leader,1.68,881.0,821.0,863.0,881.0
Saskatchewan,Division No.  8,Mendham,0.59,35.0,35.0,30.0,25.0
Saskatchewan,Division No.  8,Miry Creek No. 229,1227.72,458.0,374.0,370.0,378.0
Saskatchewan,Division No.  8,Monet No. 257,1587.99,479.0,495.0,445.0,432.0
Saskatchewan,Division No.  8,Newcombe No. 260,1094.64,361.0,400.0,342.0,356.0
Saskatchewan,Division No.  8,Pennant,0.65,119.0,120.0,130.0,120.0
Saskatchewan,Division No.  8,Pittville No. 169,1256.42,216.0,204.0,208.0,201.0
Saskatchewan,Division No.  8,Prelate,0.82,126.0,124.0,154.0,116.0
Saskatchewan,Division No.  8,Richmound,0.48,159.0,154.0,147.0,118.0
Saskatchewan,Division No.  8,Riverside No. 168,1307.46,511.0,490.0,477.0,436.0
Saskatchewan,Division No.  8,Saskatchewan Landing No. 167,792.73,480.0,462.0,415.0,434.0
Saskatchewan,Division No.  8,Sceptre,1.33,99.0,97.0,94.0,78.0
Saskatchewan,Division No.  8,Snipe Lake No. 259,1615.91,427.0,452.0,396.0,410.0
Saskatchewan,Division No.  8,Stewart Valley,0.86,100.0,76.0,91.0,107.0
Saskatchewan,Division No.  8,Success,1.36,40.0,40.0,45.0,45.0
Saskatchewan,Division No.  8,Swift Current,29.3,14946.0,15503.0,16604.0,16750.0
Saskatchewan,Division No.  8,Swift Current No. 137,1100.47,1587.0,2032.0,1932.0,1995.0
Saskatchewan,Division No.  8,Tompkins,2.68,173.0,170.0,152.0,153.0
Saskatchewan,Division No.  8,Webb,1.23,44.0,58.0,50.0,71.0
Saskatchewan,Division No.  8,Webb No. 138,1101.92,556.0,533.0,541.0,567.0
Saskatchewan,Division No.  9,Arran,0.72,40.0,40.0,25.0,20.0
Saskatchewan,Division No.  9,Buchanan,1.13,225.0,225.0,218.0,237.0
Saskatchewan,Division No.  9,Buchanan No. 304,708.27,435.0,406.0,270.0,330.0
Saskatchewan,Division No.  9,Calder,0.75,80.0,97.0,90.0,81.0
Saskatchewan,Division No.  9,Calder No. 241,790.93,423.0,322.0,370.0,344.0
Saskatchewan,Division No.  9,Canora,7.35,2013.0,2219.0,2024.0,2092.0
Saskatchewan,Division No.  9,Clayton No. 333,1380.68,753.0,669.0,597.0,631.0
Saskatchewan,Division No.  9,Cote 64,83.92,607.0,757.0,748.0,799.0
Saskatchewan,Division No.  9,Cote No. 271,871.02,551.0,580.0,548.0,616.0
Saskatchewan,Division No.  9,Ebenezer,0.6,139.0,175.0,185.0,188.0
Saskatchewan,Division No.  9,Endeavour,1.0,118.0,94.0,65.0,75.0
Saskatchewan,Division No.  9,Garry No. 245,790.2,426.0,412.0,364.0,370.0
Saskatchewan,Division No.  9,Good Lake No. 274,773.54,748.0,684.0,747.0,930.0
Saskatchewan,Division No.  9,Hazel Dell No. 335,1358.45,611.0,511.0,515.0,511.0
Saskatchewan,Division No.  9,Hyas,0.41,111.0,114.0,65.0,89.0
Saskatchewan,Division No.  9,Insinger No. 275,808.55,373.0,325.0,315.0,305.0
Saskatchewan,Division No.  9,Invermay,1.2,262.0,247.0,273.0,272.0
Saskatchewan,Division No.  9,Invermay No. 305,694.14,379.0,334.0,325.0,269.0
Saskatchewan,Division No.  9,Kamsack,5.67,1713.0,1825.0,1898.0,1779.0
Saskatchewan,Division No.  9,Keeseekoose 66,41.13,500.0,423.0,491.0,599.0
Saskatchewan,Division No.  9,Keeseekoose 66-CA-04,2.87,0.0,0.0,0.0,0.0
Saskatchewan,Division No.  9,Keeseekoose 66-CA-05,3.94,0.0,0.0,0.0,5.0
Saskatchewan,Division No.  9,Keeseekoose 66-CA-06,3.37,0.0,0.0,0.0,0.0
Saskatchewan,Division No.  9,Keeseekoose 66-KE-04,1.44,0.0,0.0,0.0,0.0
Saskatchewan,Division No.  9,Keeseekoose 66-KE-05,2.44,0.0,0.0,5.0,20.0
Saskatchewan,Division No.  9,Keeseekoose 66A,0.04,0.0,0.0,5.0,25.0
Saskatchewan,Division No.  9,Keys No. 303,656.49,397.0,417.0,416.0,548.0
Saskatchewan,Division No.  9,Lintlaw,1.24,145.0,162.0,172.0,150.0
Saskatchewan,Division No.  9,Livingston No. 331,1326.24,355.0,311.0,281.0,281.0
Saskatchewan,Division No.  9,Norquay,1.62,412.0,435.0,434.0,420.0
Saskatchewan,Division No.  9,Orkney No. 244,770.05,1748.0,1860.0,1875.0,1883.0
Saskatchewan,Division No.  9,Pelly,0.96,287.0,283.0,285.0,255.0
Saskatchewan,Division No.  9,Preeceville,2.86,1050.0,1070.0,1125.0,1062.0
Saskatchewan,Division No.  9,Preeceville No. 334,1368.92,960.0,859.0,919.0,966.0
Saskatchewan,Division No.  9,Rama,0.67,75.0,75.0,80.0,70.0
Saskatchewan,Division No.  9,Rhein,1.08,161.0,158.0,170.0,149.0
Saskatchewan,Division No.  9,Sheho,1.88,121.0,130.0,105.0,122.0
Saskatchewan,Division No.  9,Sliding Hills No. 273,820.7,527.0,520.0,421.0,438.0
Saskatchewan,Division No.  9,Springside,0.7,513.0,534.0,502.0,478.0
Saskatchewan,Division No.  9,St. Philips No. 301,647.8,258.0,235.0,220.0,200.0
Saskatchewan,Division No.  9,Stenen,0.71,91.0,79.0,90.0,89.0
Saskatchewan,Division No.  9,Sturgis,3.15,575.0,620.0,644.0,646.0
Saskatchewan,Division No.  9,The Key 65,58.59,166.0,127.0,148.0,144.0
Saskatchewan,Division No.  9,Theodore,1.51,339.0,345.0,323.0,315.0
Saskatchewan,Division No.  9,Togo,1.44,100.0,87.0,86.0,83.0
Saskatchewan,Division No.  9,Wallace No. 243,814.69,911.0,879.0,852.0,881.0
Saskatchewan,Division No.  9,Yorkton,36.19,15038.0,15669.0,16343.0,16280.0
Saskatchewan,Division No. 10,Beardy's and Okemasis 96 and 97A,44.86,0.0,10.0,5.0,0.0
Saskatchewan,Division No. 10,Big Quill No. 308,730.34,635.0,587.0,534.0,520.0
Saskatchewan,Division No. 10,Chorney Beach,0.23,36.0,15.0,42.0,51.0
Saskatchewan,Division No. 10,Day Star 87,56.08,168.0,155.0,148.0,145.0
Saskatchewan,Division No. 10,Elfros,2.48,110.0,96.0,90.0,90.0
Saskatchewan,Division No. 10,Elfros No. 307,687.56,501.0,432.0,391.0,373.0
Saskatchewan,Division No. 10,Emerald No. 277,807.18,549.0,447.0,405.0,370.0
Saskatchewan,Division No. 10,Fishing Lake 89,33.17,381.0,489.0,406.0,506.0
Saskatchewan,Division No. 10,Foam Lake,6.04,1123.0,1148.0,1141.0,1183.0
Saskatchewan,Division No. 10,Foam Lake No. 276,1284.41,593.0,587.0,529.0,532.0
Saskatchewan,Division No. 10,Gordon 86,125.01,866.0,1017.0,837.0,763.0
Saskatchewan,Division No. 10,Hubbard,1.07,43.0,46.0,35.0,45.0
Saskatchewan,Division No. 10,Ituna,1.47,622.0,711.0,701.0,726.0
Saskatchewan,Division No. 10,Ituna Bon Accord No. 246,788.73,453.0,435.0,374.0,327.0
Saskatchewan,Division No. 10,Jansen,0.87,140.0,126.0,96.0,111.0
Saskatchewan,Division No. 10,Kelliher,2.57,257.0,216.0,217.0,244.0
Saskatchewan,Division No. 10,Kellross No. 247,809.22,390.0,362.0,395.0,396.0
Saskatchewan,Division No. 10,Lakeside No. 338,653.88,444.0,387.0,415.0,396.0
Saskatchewan,Division No. 10,Lakeview No. 337,709.1,393.0,336.0,368.0,366.0
Saskatchewan,Division No. 10,Leross,1.28,42.0,37.0,46.0,40.0
Saskatchewan,Division No. 10,Leroy,2.11,412.0,427.0,450.0,510.0
Saskatchewan,Division No. 10,Leroy No. 339,831.54,544.0,490.0,502.0,457.0
Saskatchewan,Division No. 10,Leslie Beach,0.66,30.0,23.0,41.0,110.0
Saskatchewan,Division No. 10,Margo,0.71,90.0,100.0,83.0,65.0
Saskatchewan,Division No. 10,Mount Hope No. 279,1624.57,633.0,567.0,531.0,531.0
Saskatchewan,Division No. 10,Muskowekwan 85,63.8,488.0,606.0,436.0,494.0
Saskatchewan,Division No. 10,Muskowekwan 85-1,1.4,0.0,0.0,0.0,0.0
Saskatchewan,Division No. 10,Muskowekwan 85-10,5.26,5.0,10.0,5.0,0.0
Saskatchewan,Division No. 10,Muskowekwan 85-12,2.68,0.0,0.0,0.0,5.0
Saskatchewan,Division No. 10,Muskowekwan 85-15,3.79,0.0,0.0,5.0,0.0
Saskatchewan,Division No. 10,Muskowekwan 85-17,2.39,0.0,0.0,0.0,0.0
Saskatchewan,Division No. 10,Muskowekwan 85-22,0.74,0.0,0.0,0.0,0.0
Saskatchewan,Division No. 10,Muskowekwan 85-23,0.7,0.0,0.0,0.0,0.0
Saskatchewan,Division No. 10,Muskowekwan 85-26,1.25,0.0,5.0,0.0,0.0
Saskatchewan,Division No. 10,Muskowekwan 85-27,1.84,0.0,0.0,0.0,0.0
Saskatchewan,Division No. 10,Muskowekwan 85-28,3.63,0.0,0.0,0.0,0.0
Saskatchewan,Division No. 10,Muskowekwan 85-29,2.03,5.0,15.0,5.0,5.0
Saskatchewan,Division No. 10,Muskowekwan 85-2A,0.55,0.0,0.0,0.0,0.0
Saskatchewan,Division No. 10,Muskowekwan 85-31,3.07,0.0,0.0,0.0,0.0
Saskatchewan,Division No. 10,Muskowekwan 85-33,0.65,0.0,5.0,0.0,0.0
Saskatchewan,Division No. 10,Muskowekwan 85-8,0.52,0.0,5.0,5.0,0.0
Saskatchewan,Division No. 10,Poorman 88,96.51,688.0,782.0,729.0,676.0
Saskatchewan,Division No. 10,Prairie Rose No. 309,837.66,292.0,259.0,220.0,195.0
Saskatchewan,Division No. 10,Punnichy,0.68,277.0,246.0,213.0,212.0
Saskatchewan,Division No. 10,Quill Lake,1.32,413.0,409.0,387.0,377.0
Saskatchewan,Division No. 10,Quinton,0.97,108.0,111.0,101.0,89.0
Saskatchewan,Division No. 10,Raymore,2.74,581.0,568.0,575.0,507.0
Saskatchewan,Division No. 10,Sasman No. 336,984.26,960.0,818.0,765.0,813.0
Saskatchewan,Division No. 10,Semans,1.08,195.0,204.0,196.0,180.0
Saskatchewan,Division No. 10,Touchwood No. 248,684.57,287.0,267.0,343.0,373.0
Saskatchewan,Division No. 10,Wadena,2.99,1315.0,1306.0,1288.0,1269.0
Saskatchewan,Division No. 10,Watson,2.96,719.0,777.0,697.0,707.0
Saskatchewan,Division No. 10,Wynyard,5.32,1744.0,1767.0,1798.0,1724.0
Saskatchewan,Division No. 11,Allan,1.8,631.0,648.0,644.0,625.0
Saskatchewan,Division No. 11,Arm River No. 252,721.58,240.0,249.0,250.0,258.0
Saskatchewan,Division No. 11,Big Arm No. 251,689.35,237.0,200.0,191.0,184.0
Saskatchewan,Division No. 11,Bladworth,0.87,70.0,60.0,65.0,71.0
Saskatchewan,Division No. 11,Blucher No. 343,789.4,1588.0,1787.0,2006.0,1984.0
Saskatchewan,Division No. 11,Bradwell,0.42,182.0,230.0,166.0,164.0
Saskatchewan,Division No. 11,Broderick,0.77,77.0,71.0,85.0,96.0
Saskatchewan,Division No. 11,Clavet,0.86,350.0,386.0,410.0,450.0
Saskatchewan,Division No. 11,Colonsay,2.4,425.0,475.0,451.0,446.0
Saskatchewan,Division No. 11,Colonsay No. 342,548.46,275.0,240.0,269.0,260.0
Saskatchewan,Division No. 11,Corman Park No. 344,1893.24,8266.0,8354.0,8558.0,8909.0
Saskatchewan,Division No. 11,Dalmeny,3.28,1560.0,1702.0,1826.0,1766.0
Saskatchewan,Division No. 11,Davidson,4.05,958.0,1025.0,1048.0,1044.0
Saskatchewan,Division No. 11,Drake,0.64,232.0,202.0,197.0,197.0
Saskatchewan,Division No. 11,Dundurn,1.48,647.0,693.0,611.0,675.0
Saskatchewan,Division No. 11,Dundurn No. 314,799.97,632.0,1148.0,2404.0,2101.0
Saskatchewan,Division No. 11,Duval,0.67,94.0,97.0,83.0,95.0
Saskatchewan,Division No. 11,Elbow,3.96,294.0,314.0,337.0,341.0
Saskatchewan,Division No. 11,Etters Beach,0.26,15.0,30.0,30.0,40.0
Saskatchewan,Division No. 11,Glenside,0.78,86.0,59.0,76.0,73.0
Saskatchewan,Division No. 11,Govan,1.27,232.0,216.0,194.0,200.0
Saskatchewan,Division No. 11,Hanley,2.66,464.0,522.0,511.0,540.0
Saskatchewan,Division No. 11,Hawarden,1.12,75.0,50.0,52.0,50.0
Saskatchewan,Division No. 11,Imperial,1.2,321.0,349.0,360.0,372.0
Saskatchewan,Division No. 11,Kenaston,1.14,259.0,285.0,282.0,292.0
Saskatchewan,Division No. 11,Langham,4.27,1120.0,1290.0,1496.0,1518.0
Saskatchewan,Division No. 11,Lanigan,8.14,1233.0,1390.0,1377.0,1433.0
Saskatchewan,Division No. 11,Last Mountain Valley No. 250,858.96,362.0,267.0,275.0,339.0
Saskatchewan,Division No. 11,Liberty,1.42,73.0,88.0,78.0,68.0
Saskatchewan,Division No. 11,Loreburn,0.56,113.0,107.0,107.0,100.0
Saskatchewan,Division No. 11,Loreburn No. 254,958.42,350.0,346.0,327.0,380.0
Saskatchewan,Division No. 11,Lost River No. 313,549.96,188.0,209.0,242.0,252.0
Saskatchewan,Division No. 11,Manitou Beach,2.28,233.0,257.0,314.0,364.0
Saskatchewan,Division No. 11,Martensville,13.56,4978.0,7716.0,9655.0,10549.0
Saskatchewan,Division No. 11,McCraney No. 282,944.47,346.0,307.0,310.0,280.0
Saskatchewan,Division No. 11,Meacham,1.26,70.0,84.0,99.0,96.0
Saskatchewan,Division No. 11,Morris No. 312,842.62,347.0,316.0,290.0,263.0
Saskatchewan,Division No. 11,Nokomis,2.55,404.0,397.0,404.0,414.0
Saskatchewan,Division No. 11,Osler,1.62,926.0,1088.0,1237.0,1251.0
Saskatchewan,Division No. 11,Outlook,8.34,1938.0,2204.0,2279.0,2336.0
Saskatchewan,Division No. 11,Plunkett,0.67,75.0,75.0,60.0,60.0
Saskatchewan,Division No. 11,Rosedale No. 283,923.87,455.0,515.0,526.0,542.0
Saskatchewan,Division No. 11,Rudy No. 284,807.31,434.0,496.0,466.0,475.0
Saskatchewan,Division No. 11,Saskatoon,226.56,202408.0,222189.0,247201.0,266141.0
Saskatchewan,Division No. 11,Shields,0.75,172.0,220.0,288.0,351.0
Saskatchewan,Division No. 11,Simpson,1.57,118.0,131.0,127.0,131.0
Saskatchewan,Division No. 11,Strongfield,0.65,47.0,40.0,40.0,55.0
Saskatchewan,Division No. 11,Thode,0.72,156.0,157.0,157.0,163.0
Saskatchewan,Division No. 11,Usborne No. 310,806.11,566.0,547.0,529.0,511.0
Saskatchewan,Division No. 11,Viscount,1.49,251.0,252.0,232.0,282.0
Saskatchewan,Division No. 11,Viscount No. 341,828.55,386.0,371.0,338.0,320.0
Saskatchewan,Division No. 11,Warman,13.1,4769.0,7084.0,11020.0,12419.0
Saskatchewan,Division No. 11,Watrous,11.29,1743.0,1857.0,1900.0,1842.0
Saskatchewan,Division No. 11,Whitecap,19.29,235.0,351.0,451.0,511.0
Saskatchewan,Division No. 11,Willner No. 253,836.21,254.0,245.0,255.0,293.0
Saskatchewan,Division No. 11,Wolverine No. 340,828.06,480.0,464.0,480.0,511.0
Saskatchewan,Division No. 11,Wood Creek No. 281,829.78,274.0,205.0,224.0,205.0
Saskatchewan,Division No. 11,Wreford No. 280,793.3,175.0,150.0,135.0,140.0
Saskatchewan,Division No. 11,Young,2.54,263.0,239.0,244.0,253.0
Saskatchewan,Division No. 11,Zelma,0.71,30.0,35.0,35.0,28.0
Saskatchewan,Division No. 12,Asquith,1.37,576.0,603.0,639.0,624.0
Saskatchewan,Division No. 12,Battle River No. 438,1056.77,1053.0,1099.0,1074.0,1029.0
Saskatchewan,Division No. 12,Battleford,23.26,3685.0,4065.0,4429.0,4400.0
Saskatchewan,Division No. 12,Biggar,15.37,2033.0,2161.0,2226.0,2133.0
Saskatchewan,Division No. 12,Biggar No. 347,1576.09,882.0,820.0,798.0,805.0
Saskatchewan,Division No. 12,Conquest,1.0,167.0,176.0,160.0,167.0
Saskatchewan,Division No. 12,Delisle,3.33,898.0,975.0,1038.0,1024.0
Saskatchewan,Division No. 12,Dinsmore,2.55,269.0,318.0,289.0,267.0
Saskatchewan,Division No. 12,Eagle Creek No. 376,822.29,552.0,580.0,595.0,643.0
Saskatchewan,Division No. 12,Fertile Valley No. 285,1010.19,609.0,511.0,539.0,604.0
Saskatchewan,Division No. 12,Glenside No. 377,883.96,367.0,267.0,248.0,206.0
Saskatchewan,Division No. 12,Grizzly Bear's Head 110 and Lean Man 111,33.91,121.0,81.0,67.0,134.0
Saskatchewan,Division No. 12,Harris,0.89,187.0,213.0,193.0,190.0
Saskatchewan,Division No. 12,Harris No. 316,807.34,195.0,224.0,193.0,205.0
Saskatchewan,Division No. 12,Kinley,1.18,35.0,45.0,60.0,60.0
Saskatchewan,Division No. 12,Macrorie,0.72,78.0,65.0,68.0,65.0
Saskatchewan,Division No. 12,Marriott No. 317,832.54,410.0,372.0,366.0,349.0
Saskatchewan,Division No. 12,Milden,0.96,172.0,181.0,167.0,153.0
Saskatchewan,Division No. 12,Milden No. 286,732.95,215.0,283.0,327.0,280.0
Saskatchewan,Division No. 12,Montrose No. 315,897.57,648.0,712.0,712.0,647.0
Saskatchewan,Division No. 12,Mosquito 109,90.81,393.0,462.0,478.0,127.0
Saskatchewan,Division No. 12,Mountain View No. 318,847.02,363.0,333.0,337.0,358.0
Saskatchewan,Division No. 12,Perdue,1.03,364.0,362.0,334.0,313.0
Saskatchewan,Division No. 12,Perdue No. 346,818.49,432.0,463.0,445.0,471.0
Saskatchewan,Division No. 12,Pleasant Valley No. 288,822.47,346.0,345.0,302.0,301.0
Saskatchewan,Division No. 12,Red Pheasant 108,94.59,656.0,603.0,519.0,442.0
Saskatchewan,Division No. 12,Rosemount No. 378,561.28,230.0,198.0,201.0,175.0
Saskatchewan,Division No. 12,Rosetown,11.59,2277.0,2317.0,2451.0,2507.0
Saskatchewan,Division No. 12,St. Andrews No. 287,807.82,582.0,532.0,522.0,461.0
Saskatchewan,Division No. 12,Sweet Grass 113,158.64,483.0,578.0,643.0,623.0
Saskatchewan,Division No. 12,Sweet Grass 113-M16,2.85,0.0,0.0,0.0,5.0
Saskatchewan,Division No. 12,Tessier,1.0,20.0,25.0,25.0,25.0
Saskatchewan,Division No. 12,Vanscoy,2.47,339.0,377.0,462.0,477.0
Saskatchewan,Division No. 12,Vanscoy No. 345,861.1,2629.0,2714.0,2840.0,2799.0
Saskatchewan,Division No. 12,Wiseton,0.71,96.0,88.0,79.0,64.0
Saskatchewan,Division No. 12,Zealandia,1.29,90.0,80.0,80.0,75.0
Saskatchewan,Division No. 13,Antelope Park No. 322,609.52,151.0,150.0,130.0,124.0
Saskatchewan,Division No. 13,Brock,0.7,115.0,127.0,142.0,134.0
Saskatchewan,Division No. 13,Buffalo No. 409,1204.97,525.0,506.0,506.0,420.0
Saskatchewan,Division No. 13,Coleville,1.66,248.0,311.0,305.0,280.0
Saskatchewan,Division No. 13,Cut Knife,1.88,532.0,517.0,573.0,547.0
Saskatchewan,Division No. 13,Cut Knife No. 439,651.33,410.0,359.0,364.0,415.0
Saskatchewan,Division No. 13,Denzil,0.61,142.0,135.0,143.0,140.0
Saskatchewan,Division No. 13,Dodsland,2.86,207.0,212.0,215.0,215.0
Saskatchewan,Division No. 13,Eye Hill No. 382,775.85,650.0,614.0,590.0,552.0
Saskatchewan,Division No. 13,Flaxcombe,1.45,111.0,117.0,124.0,134.0
Saskatchewan,Division No. 13,Grandview No. 349,709.49,380.0,340.0,348.0,230.0
Saskatchewan,Division No. 13,Grass Lake No. 381,772.9,433.0,369.0,399.0,389.0
Saskatchewan,Division No. 13,Heart's Hill No. 352,826.01,285.0,260.0,244.0,234.0
Saskatchewan,Division No. 13,Hillsdale No. 440,1014.77,530.0,563.0,553.0,528.0
Saskatchewan,Division No. 13,Kerrobert,8.47,1001.0,1061.0,1026.0,970.0
Saskatchewan,Division No. 13,Kindersley,12.91,4412.0,4678.0,4597.0,4567.0
Saskatchewan,Division No. 13,Kindersley No. 290,2164.53,1042.0,987.0,1049.0,1003.0
Saskatchewan,Division No. 13,Landis,0.84,119.0,139.0,152.0,133.0
Saskatchewan,Division No. 13,Little Pine 116,65.81,577.0,675.0,700.0,622.0
Saskatchewan,Division No. 13,Luseland,1.59,571.0,566.0,623.0,559.0
Saskatchewan,Division No. 13,Macklin,3.05,1290.0,1415.0,1374.0,1247.0
Saskatchewan,Division No. 13,Major,2.6,67.0,61.0,35.0,35.0
Saskatchewan,Division No. 13,Manitou Lake No. 442,839.29,590.0,547.0,573.0,505.0
Saskatchewan,Division No. 13,Marengo,0.89,51.0,47.0,67.0,75.0
Saskatchewan,Division No. 13,Mariposa No. 350,635.16,225.0,220.0,205.0,291.0
Saskatchewan,Division No. 13,Marsden,0.79,234.0,284.0,297.0,281.0
Saskatchewan,Division No. 13,Milton No. 292,672.17,310.0,312.0,266.0,249.0
Saskatchewan,Division No. 13,Neilburg,1.24,394.0,448.0,379.0,371.0
Saskatchewan,Division No. 13,Netherhill,0.77,30.0,25.0,25.0,25.0
Saskatchewan,Division No. 13,Oakdale No. 320,826.79,290.0,258.0,253.0,216.0
Saskatchewan,Division No. 13,Plenty,0.61,126.0,131.0,164.0,128.0
Saskatchewan,Division No. 13,Poundmaker 114,81.14,489.0,636.0,547.0,471.0
Saskatchewan,Division No. 13,Prairiedale No. 321,556.2,271.0,253.0,247.0,246.0
Saskatchewan,Division No. 13,Primate,0.86,50.0,45.0,52.0,35.0
Saskatchewan,Division No. 13,Progress No. 351,788.45,289.0,260.0,268.0,265.0
Saskatchewan,Division No. 13,Reford No. 379,695.85,296.0,235.0,257.0,222.0
Saskatchewan,Division No. 13,Round Valley No. 410,795.72,355.0,361.0,423.0,384.0
Saskatchewan,Division No. 13,Scott,4.17,91.0,75.0,73.0,74.0
Saskatchewan,Division No. 13,Senlac,0.66,45.0,46.0,41.0,36.0
Saskatchewan,Division No. 13,Senlac No. 411,1007.3,225.0,195.0,216.0,198.0
Saskatchewan,Division No. 13,Smiley,0.62,50.0,60.0,60.0,25.0
Saskatchewan,Division No. 13,Tramping Lake,1.27,60.0,55.0,60.0,35.0
Saskatchewan,Division No. 13,Tramping Lake No. 380,605.12,403.0,410.0,375.0,402.0
Saskatchewan,Division No. 13,Unity,9.7,2147.0,2389.0,2573.0,2496.0
Saskatchewan,Division No. 13,Wilkie,9.22,1222.0,1301.0,1219.0,1195.0
Saskatchewan,Division No. 13,Winslow No. 319,814.35,296.0,324.0,344.0,344.0
Saskatchewan,Division No. 14,Arborfield,0.87,329.0,326.0,312.0,285.0
Saskatchewan,Division No. 14,Arborfield No. 456,1403.77,429.0,453.0,343.0,338.0
Saskatchewan,Division No. 14,Archerwill,0.82,185.0,200.0,166.0,153.0
Saskatchewan,Division No. 14,Aylsham,0.53,92.0,71.0,65.0,82.0
Saskatchewan,Division No. 14,Barrier Valley No. 397,817.93,576.0,498.0,431.0,485.0
Saskatchewan,Division No. 14,Bjorkdale,1.36,201.0,199.0,201.0,147.0
Saskatchewan,Division No. 14,Bjorkdale No. 426,1438.66,997.0,900.0,851.0,906.0
Saskatchewan,Division No. 14,Carrot River,1.75,941.0,1000.0,973.0,946.0
Saskatchewan,Division No. 14,Carrot River 29A,7.51,590.0,820.0,829.0,756.0
Saskatchewan,Division No. 14,Choiceland,1.06,346.0,381.0,359.0,342.0
Saskatchewan,Division No. 14,Codette,0.41,221.0,205.0,198.0,180.0
Saskatchewan,Division No. 14,Connaught No. 457,848.82,656.0,629.0,586.0,491.0
Saskatchewan,Division No. 14,Fosston,0.54,55.0,55.0,45.0,40.0
Saskatchewan,Division No. 14,Hudson Bay,17.38,1646.0,1477.0,1436.0,1403.0
Saskatchewan,Division No. 14,Hudson Bay No. 394,12399.12,1359.0,1122.0,1092.0,1145.0
Saskatchewan,Division No. 14,Kelvington,3.87,866.0,864.0,834.0,827.0
Saskatchewan,Division No. 14,Kelvington No. 366,853.13,514.0,499.0,398.0,366.0
Saskatchewan,Division No. 14,Kinistin 91,35.38,271.0,365.0,321.0,304.0
Saskatchewan,Division No. 14,Love,0.4,55.0,65.0,50.0,50.0
Saskatchewan,Division No. 14,Melfort,14.73,5192.0,5576.0,5992.0,5955.0
Saskatchewan,Division No. 14,Mistatim,0.51,89.0,73.0,101.0,30.0
Saskatchewan,Division No. 14,Moose Range No. 486,2423.98,1086.0,1131.0,1000.0,942.0
Saskatchewan,Division No. 14,Naicam,1.56,690.0,686.0,661.0,651.0
Saskatchewan,Division No. 14,Nipawin,8.93,4076.0,4265.0,4401.0,4570.0
Saskatchewan,Division No. 14,Nipawin No. 487,879.63,1151.0,1030.0,1004.0,958.0
Saskatchewan,Division No. 14,Opaskwayak Cree Nation 27A,13.29,0.0,286.0,0.0,0.0
Saskatchewan,Division No. 14,Pleasantdale,0.53,85.0,76.0,76.0,80.0
Saskatchewan,Division No. 14,Pleasantdale No. 398,755.6,607.0,611.0,596.0,599.0
Saskatchewan,Division No. 14,Ponass Lake No. 367,795.56,618.0,527.0,422.0,416.0
Saskatchewan,Division No. 14,Porcupine No. 395,2316.38,949.0,820.0,803.0,736.0
Saskatchewan,Division No. 14,Porcupine Plain,2.12,783.0,855.0,862.0,817.0
Saskatchewan,Division No. 14,Red Earth 29,14.15,383.0,389.0,334.0,490.0
Saskatchewan,Division No. 14,Ridgedale,0.65,66.0,80.0,55.0,65.0
Saskatchewan,Division No. 14,Rose Valley,1.05,338.0,296.0,282.0,256.0
Saskatchewan,Division No. 14,Shoal Lake 28A,14.13,545.0,622.0,424.0,613.0
Saskatchewan,Division No. 14,Smeaton,1.46,183.0,181.0,182.0,163.0
Saskatchewan,Division No. 14,Spalding,1.19,237.0,242.0,244.0,213.0
Saskatchewan,Division No. 14,Spalding No. 368,811.15,425.0,447.0,453.0,420.0
Saskatchewan,Division No. 14,Star City,0.7,428.0,460.0,387.0,374.0
Saskatchewan,Division No. 14,Star City No. 428,822.81,936.0,911.0,918.0,811.0
Saskatchewan,Division No. 14,Tisdale,6.56,3000.0,3180.0,3235.0,2962.0
Saskatchewan,Division No. 14,Tisdale No. 427,843.02,919.0,916.0,911.0,885.0
Saskatchewan,Division No. 14,Tobin Lake,2.29,87.0,90.0,89.0,139.0
Saskatchewan,Division No. 14,Torch River No. 488,5145.75,1559.0,1468.0,1471.0,1219.0
Saskatchewan,Division No. 14,Valparaiso,0.74,20.0,15.0,15.0,25.0
Saskatchewan,Division No. 14,Weekes,0.53,55.0,42.0,40.0,50.0
Saskatchewan,Division No. 14,White Fox,0.99,348.0,364.0,355.0,343.0
Saskatchewan,Division No. 14,Willow Creek No. 458,838.86,719.0,693.0,630.0,683.0
Saskatchewan,Division No. 14,Yellowquill 90,58.57,420.0,547.0,436.0,475.0
Saskatchewan,Division No. 14,Zenon Park,0.53,192.0,187.0,194.0,176.0
Saskatchewan,Division No. 15,Aberdeen,1.96,527.0,599.0,662.0,716.0
Saskatchewan,Division No. 15,Aberdeen No. 373,671.82,765.0,1016.0,1379.0,1461.0
Saskatchewan,Division No. 15,Albertville,1.13,110.0,140.0,142.0,121.0
Saskatchewan,Division No. 15,Alvena,0.43,55.0,55.0,60.0,75.0
Saskatchewan,Division No. 15,Annaheim,0.7,218.0,219.0,210.0,206.0
Saskatchewan,Division No. 15,Bayne No. 371,788.95,505.0,493.0,467.0,461.0
Saskatchewan,Division No. 15,Beardy's 97 and Okemasis 96,108.88,1161.0,1322.0,1323.0,1249.0
Saskatchewan,Division No. 15,Beardy's and Okemasis 96 and 97B,9.63,5.0,29.0,28.0,32.0
Saskatchewan,Division No. 15,Beatty,0.82,61.0,63.0,60.0,65.0
Saskatchewan,Division No. 15,Birch Hills,2.39,935.0,1064.0,1033.0,1066.0
Saskatchewan,Division No. 15,Birch Hills No. 460,547.08,701.0,663.0,656.0,658.0
Saskatchewan,Division No. 15,Bruno,0.94,495.0,574.0,611.0,604.0
Saskatchewan,Division No. 15,Buckland No. 491,787.35,3429.0,3658.0,3375.0,3277.0
Saskatchewan,Division No. 15,Candle Lake,62.93,792.0,765.0,840.0,1160.0
Saskatchewan,Division No. 15,Christopher Lake,4.59,215.0,266.0,289.0,302.0
Saskatchewan,Division No. 15,Cudworth,2.12,738.0,770.0,814.0,772.0
Saskatchewan,Division No. 15,Cumberland 100A,83.53,385.0,508.0,317.0,266.0
Saskatchewan,Division No. 15,Duck Lake,2.38,605.0,577.0,569.0,579.0
Saskatchewan,Division No. 15,Duck Lake No. 463,1034.52,781.0,867.0,955.0,1010.0
Saskatchewan,Division No. 15,Englefeld,0.66,227.0,247.0,285.0,259.0
Saskatchewan,Division No. 15,Fish Creek No. 402,583.95,307.0,304.0,345.0,364.0
Saskatchewan,Division No. 15,Flett's Springs No. 429,838.98,736.0,751.0,732.0,656.0
Saskatchewan,Division No. 15,Garden River No. 490,656.6,633.0,641.0,671.0,647.0
Saskatchewan,Division No. 15,Grant No. 372,659.69,406.0,425.0,466.0,525.0
Saskatchewan,Division No. 15,Hague,1.27,707.0,878.0,874.0,889.0
Saskatchewan,Division No. 15,Hepburn,1.14,530.0,562.0,688.0,784.0
Saskatchewan,Division No. 15,Hoodoo No. 401,786.69,804.0,706.0,675.0,802.0
Saskatchewan,Division No. 15,Humboldt,13.3,4998.0,5678.0,5869.0,6033.0
Saskatchewan,Division No. 15,Humboldt No. 370,780.28,842.0,885.0,935.0,961.0
Saskatchewan,Division No. 15,Invergordon No. 430,844.71,615.0,651.0,565.0,563.0
Saskatchewan,Division No. 15,James Smith 100,70.06,708.0,674.0,743.0,850.0
Saskatchewan,Division No. 15,Kinistino,1.58,643.0,743.0,654.0,671.0
Saskatchewan,Division No. 15,Kinistino No. 459,921.69,713.0,531.0,554.0,604.0
Saskatchewan,Division No. 15,Laird,1.23,207.0,287.0,267.0,265.0
Saskatchewan,Division No. 15,Laird No. 404,725.42,1136.0,1240.0,1387.0,1304.0
Saskatchewan,Division No. 15,Lake Lenore,0.97,306.0,297.0,284.0,289.0
Saskatchewan,Division No. 15,Lake Lenore No. 399,714.17,513.0,536.0,587.0,506.0
Saskatchewan,Division No. 15,Lakeland No. 521,488.65,1043.0,884.0,915.0,1300.0
Saskatchewan,Division No. 15,Little Red River 106C,125.77,319.0,293.0,354.0,367.0
Saskatchewan,Division No. 15,Meath Park,0.53,179.0,205.0,175.0,169.0
Saskatchewan,Division No. 15,Middle Lake,1.02,277.0,242.0,241.0,188.0
Saskatchewan,Division No. 15,Montreal Lake 106B,23.44,345.0,389.0,442.0,423.0
Saskatchewan,Division No. 15,Muenster,1.36,342.0,422.0,430.0,403.0
Saskatchewan,Division No. 15,Muskoday First Nation,96.28,553.0,688.0,647.0,700.0
Saskatchewan,Division No. 15,One Arrow 95,54.09,365.0,645.0,680.0,671.0
Saskatchewan,Division No. 15,One Arrow 95-1A,1.15,10.0,10.0,10.0,5.0
Saskatchewan,Division No. 15,One Arrow 95-1C,2.11,0.0,18.0,10.0,0.0
Saskatchewan,Division No. 15,One Arrow 95-1D,1.83,0.0,5.0,0.0,0.0
Saskatchewan,Division No. 15,Paddockwood,0.65,125.0,163.0,154.0,118.0
Saskatchewan,Division No. 15,Paddockwood No. 520,2450.94,976.0,966.0,900.0,1071.0
Saskatchewan,Division No. 15,Pilger,0.49,74.0,65.0,65.0,65.0
Saskatchewan,Division No. 15,Prince Albert,67.17,34127.0,35129.0,35926.0,37756.0
Saskatchewan,Division No. 15,Prince Albert No. 461,1010.1,2929.0,3580.0,3562.0,3438.0
Saskatchewan,Division No. 15,Prud'homme,0.79,167.0,172.0,167.0,177.0
Saskatchewan,Division No. 15,Rosthern,4.14,1382.0,1572.0,1688.0,1602.0
Saskatchewan,Division No. 15,Rosthern No. 403,944.28,1840.0,2015.0,2300.0,2473.0
Saskatchewan,Division No. 15,St. Benedict,0.55,78.0,82.0,84.0,80.0
Saskatchewan,Division No. 15,St. Brieux,2.56,492.0,590.0,667.0,638.0
Saskatchewan,Division No. 15,St. Gregor,0.84,102.0,98.0,97.0,104.0
Saskatchewan,Division No. 15,St. Louis,0.97,431.0,449.0,415.0,432.0
Saskatchewan,Division No. 15,St. Louis No. 431,777.51,1130.0,969.0,1086.0,1029.0
Saskatchewan,Division No. 15,St. Peter No. 369,827.39,901.0,790.0,773.0,723.0
Saskatchewan,Division No. 15,Three Lakes No. 400,770.76,659.0,620.0,598.0,725.0
Saskatchewan,Division No. 15,Vonda,2.75,322.0,353.0,384.0,384.0
Saskatchewan,Division No. 15,Wahpaton 94A,14.79,281.0,306.0,309.0,310.0
Saskatchewan,Division No. 15,Wakaw,3.09,864.0,985.0,922.0,978.0
Saskatchewan,Division No. 15,Wakaw Lake,0.61,35.0,30.0,72.0,66.0
Saskatchewan,Division No. 15,Waldheim,1.97,868.0,1035.0,1213.0,1237.0
Saskatchewan,Division No. 15,Weirdale,1.2,83.0,75.0,50.0,55.0
Saskatchewan,Division No. 15,Weldon,1.0,205.0,196.0,197.0,160.0
Saskatchewan,Division No. 16,Ahtahkakoop 104,173.75,1101.0,1354.0,1472.0,1402.0
Saskatchewan,Division No. 16,Big River,2.68,728.0,639.0,700.0,666.0
Saskatchewan,Division No. 16,Big River 118,103.76,1437.0,1636.0,1553.0,1535.0
Saskatchewan,Division No. 16,Big River No. 555,2484.13,851.0,855.0,889.0,994.0
Saskatchewan,Division No. 16,Big Shell,0.93,45.0,45.0,48.0,64.0
Saskatchewan,Division No. 16,Blaine Lake,1.86,472.0,510.0,499.0,509.0
Saskatchewan,Division No. 16,Blaine Lake No. 434,771.86,302.0,288.0,281.0,301.0
Saskatchewan,Division No. 16,Borden,0.73,223.0,245.0,287.0,281.0
Saskatchewan,Division No. 16,Canwood,2.42,337.0,308.0,332.0,314.0
Saskatchewan,Division No. 16,Canwood No. 494,1919.39,1535.0,1424.0,1381.0,1351.0
Saskatchewan,Division No. 16,Chitek Lake,2.57,219.0,167.0,138.0,300.0
Saskatchewan,Division No. 16,Chitek Lake 191,34.83,818.0,751.0,821.0,705.0
Saskatchewan,Division No. 16,Debden,1.34,348.0,358.0,337.0,327.0
Saskatchewan,Division No. 16,Denholm,0.35,61.0,76.0,88.0,75.0
Saskatchewan,Division No. 16,Douglas No. 436,814.37,383.0,331.0,350.0,342.0
Saskatchewan,Division No. 16,Echo Bay,0.74,77.0,38.0,40.0,68.0
Saskatchewan,Division No. 16,Great Bend No. 405,825.9,458.0,499.0,509.0,381.0
Saskatchewan,Division No. 16,Hafford,1.13,360.0,397.0,407.0,414.0
Saskatchewan,Division No. 16,Krydor,0.94,25.0,15.0,15.0,15.0
Saskatchewan,Division No. 16,Leask,0.73,418.0,413.0,399.0,379.0
Saskatchewan,Division No. 16,Leask No. 464,1195.54,846.0,775.0,681.0,857.0
Saskatchewan,Division No. 16,Leoville,1.14,341.0,366.0,375.0,364.0
Saskatchewan,Division No. 16,Little Red River 106D,23.86,0.0,0.0,5.0,0.0
Saskatchewan,Division No. 16,Lucky Man,31.03,0.0,0.0,0.0,0.0
Saskatchewan,Division No. 16,Marcelin,1.29,169.0,158.0,153.0,142.0
Saskatchewan,Division No. 16,Mayfield No. 406,780.54,394.0,389.0,377.0,391.0
Saskatchewan,Division No. 16,Maymont,0.54,130.0,146.0,138.0,163.0
Saskatchewan,Division No. 16,Medstead,0.65,148.0,120.0,130.0,121.0
Saskatchewan,Division No. 16,Medstead No. 497,1195.14,524.0,513.0,508.0,489.0
Saskatchewan,Division No. 16,Meeting Lake No. 466,1043.34,429.0,376.0,319.0,335.0
Saskatchewan,Division No. 16,Mistawasis 103,118.03,968.0,795.0,681.0,741.0
Saskatchewan,Division No. 16,Muskeg Lake 102B,10.02,5.0,10.0,0.0,0.0
Saskatchewan,Division No. 16,Muskeg Lake 102D,1.65,5.0,0.0,0.0,0.0
Saskatchewan,Division No. 16,Muskeg Lake 102E,1.4,0.0,5.0,0.0,0.0
Saskatchewan,Division No. 16,Muskeg Lake 102F,0.15,0.0,0.0,20.0,0.0
Saskatchewan,Division No. 16,Muskeg Lake Cree Nation 102,60.13,293.0,438.0,274.0,271.0
Saskatchewan,Division No. 16,North Battleford,1.27,153.0,164.0,154.0,104.0
Saskatchewan,Division No. 16,North Battleford,33.55,13190.0,13888.0,14315.0,13836.0
Saskatchewan,Division No. 16,North Battleford No. 437,792.18,737.0,733.0,725.0,687.0
Saskatchewan,Division No. 16,Parkside,0.72,129.0,125.0,121.0,132.0
Saskatchewan,Division No. 16,Pebble Baye,0.68,27.0,33.0,45.0,69.0
Saskatchewan,Division No. 16,Pelican Lake 191A,27.81,0.0,0.0,20.0,0.0
Saskatchewan,Division No. 16,Pelican Lake 191B,35.36,10.0,0.0,50.0,75.0
Saskatchewan,Division No. 16,Prince Albert National Park,3482.22,205.0,66.0,156.0,325.0
Saskatchewan,Division No. 16,Radisson,2.07,421.0,505.0,514.0,466.0
Saskatchewan,Division No. 16,Redberry No. 435,1003.09,451.0,372.0,342.0,372.0
Saskatchewan,Division No. 16,Richard,0.72,25.0,30.0,20.0,25.0
Saskatchewan,Division No. 16,Round Hill No. 467,809.51,374.0,319.0,361.0,394.0
Saskatchewan,Division No. 16,Ruddell,0.47,20.0,20.0,20.0,20.0
Saskatchewan,Division No. 16,Saulteaux 159A,21.3,25.0,17.0,26.0,10.0
Saskatchewan,Division No. 16,Shell Lake,1.39,152.0,99.0,175.0,189.0
Saskatchewan,Division No. 16,Shellbrook,3.93,1230.0,1433.0,1444.0,1510.0
Saskatchewan,Division No. 16,Shellbrook No. 493,1213.96,1621.0,1533.0,1587.0,1581.0
Saskatchewan,Division No. 16,Speers,0.68,74.0,65.0,60.0,72.0
Saskatchewan,Division No. 16,Spiritwood,2.91,911.0,916.0,913.0,966.0
Saskatchewan,Division No. 16,Spiritwood No. 496,2371.04,1277.0,1382.0,1223.0,1245.0
Saskatchewan,Division No. 16,Sturgeon Lake 101,81.5,1116.0,1225.0,1174.0,1224.0
Saskatchewan,Division No. 16,Witchekan Lake 117,67.92,338.0,353.0,325.0,369.0
Saskatchewan,Division No. 16,Witchekan Lake 117D,13.62,69.0,0.0,10.0,10.0
Saskatchewan,Division No. 17,Aquadeo,0.7,123.0,84.0,111.0,203.0
Saskatchewan,Division No. 17,Beaver River No. 622,2356.32,1108.0,1017.0,1216.0,1277.0
Saskatchewan,Division No. 17,Britannia No. 502,915.11,1501.0,1734.0,2153.0,2061.0
Saskatchewan,Division No. 17,Cochin,1.32,208.0,122.0,148.0,219.0
Saskatchewan,Division No. 17,Dorintosh,0.28,127.0,147.0,134.0,107.0
Saskatchewan,Division No. 17,Eagles Lake 165C,35.83,80.0,90.0,92.0,115.0
Saskatchewan,Division No. 17,Edam,1.14,399.0,444.0,485.0,476.0
Saskatchewan,Division No. 17,Eldon No. 471,991.15,750.0,751.0,750.0,700.0
Saskatchewan,Division No. 17,Flying Dust First Nation 105,36.09,619.0,506.0,577.0,679.0
Saskatchewan,Division No. 17,Frenchman Butte No. 501,1902.15,1223.0,1438.0,1494.0,1250.0
Saskatchewan,Division No. 17,Glaslyn,1.91,369.0,397.0,387.0,353.0
Saskatchewan,Division No. 17,Goodsoil,1.78,253.0,281.0,282.0,301.0
Saskatchewan,Division No. 17,Greig Lake,0.1,20.0,23.0,10.0,24.0
Saskatchewan,Division No. 17,Kivimaa-Moonlight Bay,0.57,126.0,84.0,84.0,137.0
Saskatchewan,Division No. 17,Lashburn,3.05,914.0,967.0,983.0,870.0
Saskatchewan,Division No. 17,Lloydminster (Part),18.06,8118.0,9772.0,11765.0,11843.0
Saskatchewan,Division No. 17,Loon Lake,0.74,306.0,314.0,288.0,281.0
Saskatchewan,Division No. 17,Loon Lake No. 561,3148.06,815.0,725.0,756.0,836.0
Saskatchewan,Division No. 17,Maidstone,4.39,1037.0,1156.0,1185.0,1209.0
Saskatchewan,Division No. 17,Makaoo (Part) 120,19.61,390.0,410.0,518.0,593.0
Saskatchewan,Division No. 17,Makwa,0.58,96.0,97.0,84.0,78.0
Saskatchewan,Division No. 17,Makwa Lake 129,17.66,0.0,5.0,15.0,5.0
Saskatchewan,Division No. 17,Makwa Lake 129B,36.75,800.0,905.0,982.0,1109.0
Saskatchewan,Division No. 17,Makwa Lake 129C,1.99,0.0,16.0,10.0,22.0
Saskatchewan,Division No. 17,Marshall,1.15,608.0,533.0,591.0,522.0
Saskatchewan,Division No. 17,Meadow Lake,12.37,4771.0,5045.0,5344.0,5322.0
Saskatchewan,Division No. 17,Meadow Lake 105A,2.67,10.0,5.0,0.0,10.0
Saskatchewan,Division No. 17,Meadow Lake No. 588,6231.27,2627.0,2677.0,2476.0,2553.0
Saskatchewan,Division No. 17,Meota,1.61,297.0,307.0,304.0,325.0
Saskatchewan,Division No. 17,Meota No. 468,642.11,984.0,936.0,933.0,1110.0
Saskatchewan,Division No. 17,Mervin,0.69,145.0,160.0,159.0,159.0
Saskatchewan,Division No. 17,Mervin No. 499,1581.66,1331.0,1224.0,1256.0,1711.0
Saskatchewan,Division No. 17,Metinota,0.46,89.0,89.0,80.0,86.0
Saskatchewan,Division No. 17,Ministikwan 161,86.58,533.0,818.0,624.0,549.0
Saskatchewan,Division No. 17,Ministikwan 161A,29.38,198.0,220.0,223.0,156.0
Saskatchewan,Division No. 17,Moosomin 112B,69.36,465.0,748.0,724.0,715.0
Saskatchewan,Division No. 17,Paradise Hill,2.28,483.0,515.0,491.0,471.0
Saskatchewan,Division No. 17,Parkdale No. 498,1375.62,711.0,631.0,621.0,725.0
Saskatchewan,Division No. 17,Paynton,0.82,151.0,151.0,148.0,120.0
Saskatchewan,Division No. 17,Paynton No. 470,588.62,254.0,268.0,255.0,238.0
Saskatchewan,Division No. 17,Pierceland,2.74,498.0,551.0,598.0,605.0
Saskatchewan,Division No. 17,Saulteaux 159,38.95,432.0,451.0,473.0,312.0
Saskatchewan,Division No. 17,Seekaskootch 119,144.06,1752.0,2612.0,2574.0,2191.0
Saskatchewan,Division No. 17,St. Walburg,2.02,672.0,716.0,689.0,591.0
Saskatchewan,Division No. 17,Thunderchild First Nation 115B,58.33,819.0,792.0,706.0,706.0
Saskatchewan,Division No. 17,Thunderchild First Nation 115C,7.76,32.0,43.0,34.0,26.0
Saskatchewan,Division No. 17,Turtle River No. 469,655.72,357.0,360.0,339.0,307.0
Saskatchewan,Division No. 17,Turtleford,1.66,461.0,525.0,496.0,503.0
Saskatchewan,Division No. 17,Waseca,0.65,144.0,154.0,149.0,113.0
Saskatchewan,Division No. 17,Waterhen 130,78.11,727.0,670.0,672.0,728.0
Saskatchewan,Division No. 17,Wilton No. 472,1022.9,1473.0,1494.0,1629.0,1473.0
Saskatchewan,Division No. 18,Air Ronge,6.0,1032.0,1043.0,1199.0,1365.0
Saskatchewan,Division No. 18,Beauval,14.72,806.0,756.0,640.0,685.0
Saskatchewan,Division No. 18,Brabant Lake,0.65,66.0,51.0,52.0,27.0
Saskatchewan,Division No. 18,Buffalo Narrows,68.04,1081.0,1153.0,1110.0,1014.0
Saskatchewan,Division No. 18,Buffalo River Dene Nation,83.63,741.0,764.0,783.0,842.0
Saskatchewan,Division No. 18,Canoe Lake 165,24.35,822.0,716.0,912.0,950.0
Saskatchewan,Division No. 18,Chicken 224,241.79,1109.0,1070.0,1379.0,1152.0
Saskatchewan,Division No. 18,Chicken 225,20.85,46.0,0.0,0.0,0.0
Saskatchewan,Division No. 18,Clearwater River Dene 222,28.87,658.0,778.0,822.0,831.0
Saskatchewan,Division No. 18,Clearwater River Dene Band 223,8.76,15.0,19.0,35.0,5.0
Saskatchewan,Division No. 18,Cole Bay,4.86,156.0,230.0,170.0,194.0
Saskatchewan,Division No. 18,Creighton,12.92,1502.0,1498.0,1429.0,1203.0
Saskatchewan,Division No. 18,Cumberland House,16.11,810.0,772.0,791.0,540.0
Saskatchewan,Division No. 18,Cumberland House Cree Nation 20,15.35,595.0,715.0,795.0,748.0
Saskatchewan,Division No. 18,Denare Beach,6.4,785.0,669.0,709.0,699.0
Saskatchewan,Division No. 18,"Division No. 18, Unorganized",260794.98,1181.0,1641.0,1372.0,1871.0
Saskatchewan,Division No. 18,Dore Lake,7.94,30.0,28.0,30.0,37.0
Saskatchewan,Division No. 18,Flin Flon (Part),2.01,242.0,229.0,203.0,159.0
Saskatchewan,Division No. 18,Fond du Lac 227,125.45,801.0,874.0,903.0,926.0
Saskatchewan,Division No. 18,Four Portages 157C,0.03,0.0,0.0,0.0,0.0
Saskatchewan,Division No. 18,Grandmother's Bay 219,43.96,320.0,337.0,342.0,344.0
Saskatchewan,Division No. 18,Green Lake,121.18,361.0,418.0,429.0,411.0
Saskatchewan,Division No. 18,Jans Bay,6.09,181.0,187.0,152.0,116.0
Saskatchewan,Division No. 18,Kimosom Pwatinahk 203,9.1,821.0,1194.0,1061.0,875.0
Saskatchewan,Division No. 18,Kitsakie 156B,0.99,671.0,644.0,605.0,531.0
Saskatchewan,Division No. 18,La Loche,15.47,2348.0,2611.0,2444.0,2514.0
Saskatchewan,Division No. 18,La Plonge 192,89.96,139.0,115.0,148.0,144.0
Saskatchewan,Division No. 18,La Ronge,16.71,2725.0,2304.0,2688.0,2521.0
Saskatchewan,Division No. 18,Lac La Hache 220,106.98,988.0,1251.0,1136.0,1279.0
Saskatchewan,Division No. 18,Lac La Ronge 156,5.85,1534.0,1914.0,1924.0,1349.0
Saskatchewan,Division No. 18,Little Hills 158,5.52,5.0,0.0,0.0,0.0
Saskatchewan,Division No. 18,Little Hills 158B,1.9,5.0,0.0,0.0,0.0
Saskatchewan,Division No. 18,Michel Village,3.81,79.0,66.0,86.0,37.0
Saskatchewan,Division No. 18,Montreal Lake 106,57.81,880.0,999.0,1113.0,1015.0
Saskatchewan,Division No. 18,Morin Lake 217,97.98,406.0,618.0,577.0,575.0
Saskatchewan,Division No. 18,Patuanak,1.09,84.0,64.0,73.0,63.0
Saskatchewan,Division No. 18,Pelican Narrows,2.4,599.0,790.0,178.0,123.0
Saskatchewan,Division No. 18,Pelican Narrows 184B,5.27,1342.0,1913.0,1954.0,1837.0
Saskatchewan,Division No. 18,Pinehouse,6.77,1076.0,978.0,1074.0,1013.0
Saskatchewan,Division No. 18,Sandy Bay,11.42,1175.0,1233.0,572.0,671.0
Saskatchewan,Division No. 18,Southend 200,40.25,910.0,904.0,917.0,913.0
Saskatchewan,Division No. 18,St. George's Hill,1.68,19.0,100.0,131.0,77.0
Saskatchewan,Division No. 18,Stanley 157,2.41,1467.0,1634.0,1840.0,1883.0
Saskatchewan,Division No. 18,Stony Rapids,4.24,255.0,243.0,262.0,219.0
Saskatchewan,Division No. 18,Sturgeon Weir 184F,24.17,66.0,61.0,34.0,0.0
Saskatchewan,Division No. 18,Sucker River 156C (Nemebien River 156C),0.58,290.0,400.0,416.0,384.0
Saskatchewan,Division No. 18,Timber Bay,5.99,139.0,93.0,82.0,81.0
Saskatchewan,Division No. 18,Turnor Lake,5.07,115.0,0.0,149.0,154.0
Saskatchewan,Division No. 18,Turnor Lake 193B,3.13,413.0,419.0,476.0,428.0
Saskatchewan,Division No. 18,Wapachewunak 192D,19.69,526.0,482.0,540.0,572.0
Saskatchewan,Division No. 18,Weyakwin,5.27,99.0,135.0,102.0,100.0
Saskatchewan,Division No. 18,Île-à-la-Crosse,23.3,1341.0,1365.0,1296.0,1425.0
Alberta,Division No.  1,Bow Island,5.68,1790.0,2025.0,1983.0,2036.0
Alberta,Division No.  1,Cypress County,12977.99,6709.0,7214.0,7662.0,7524.0
Alberta,Division No.  1,Foremost,2.13,524.0,526.0,541.0,630.0
Alberta,Division No.  1,Forty Mile County No. 8,7163.61,3414.0,3336.0,3581.0,3471.0
Alberta,Division No.  1,Medicine Hat,111.97,56997.0,60005.0,63260.0,63271.0
Alberta,Division No.  1,Redcliff,16.15,5116.0,5588.0,5600.0,5581.0
Alberta,Division No.  2,Barnwell,1.5,618.0,771.0,947.0,978.0
Alberta,Division No.  2,Barons,0.81,276.0,315.0,341.0,313.0
Alberta,Division No.  2,Bassano,5.23,1345.0,1282.0,1206.0,1216.0
Alberta,Division No.  2,Brooks,18.21,12508.0,13676.0,14451.0,14924.0
Alberta,Division No.  2,Coaldale,13.58,6177.0,7493.0,8331.0,8771.0
Alberta,Division No.  2,Coalhurst,3.08,1523.0,1963.0,2668.0,2869.0
Alberta,Division No.  2,Coutts,1.18,305.0,277.0,245.0,224.0
Alberta,Division No.  2,Duchess,1.93,978.0,992.0,1085.0,1053.0
Alberta,Division No.  2,Lethbridge,121.12,74685.0,83517.0,92729.0,98406.0
Alberta,Division No.  2,Lethbridge County,2815.66,10254.0,10061.0,10237.0,10120.0
Alberta,Division No.  2,Milk River,2.42,816.0,811.0,827.0,824.0
Alberta,Division No.  2,Newell County,5810.15,6852.0,6786.0,7524.0,7465.0
Alberta,Division No.  2,Nobleford,1.69,689.0,1000.0,1278.0,1438.0
Alberta,Division No.  2,Picture Butte,3.02,1592.0,1650.0,1810.0,1930.0
Alberta,Division No.  2,Raymond,7.63,3225.0,3743.0,3713.0,4199.0
Alberta,Division No.  2,Rosemary,0.59,388.0,342.0,396.0,370.0
Alberta,Division No.  2,Stirling,2.7,921.0,1090.0,978.0,1164.0
Alberta,Division No.  2,Taber,4160.47,6275.0,6851.0,7098.0,7447.0
Alberta,Division No.  2,Taber,19.32,7591.0,8104.0,8428.0,8862.0
Alberta,Division No.  2,Vauxhall,2.71,1069.0,1288.0,1222.0,1286.0
Alberta,Division No.  2,Warner,1.16,307.0,331.0,373.0,364.0
Alberta,Division No.  2,Warner County No. 5,4462.2,3654.0,3841.0,3942.0,4290.0
Alberta,Division No.  3,Blood 148,1403.35,4177.0,4679.0,4570.0,4572.0
Alberta,Division No.  3,Blood 148A,17.83,0.0,0.0,0.0,0.0
Alberta,Division No.  3,Cardston,8.58,3452.0,3580.0,3585.0,3724.0
Alberta,Division No.  3,Cardston County,3358.39,4037.0,4167.0,4481.0,4856.0
Alberta,Division No.  3,Claresholm,10.51,3700.0,3758.0,3790.0,3804.0
Alberta,Division No.  3,Cowley,1.36,219.0,236.0,209.0,216.0
Alberta,Division No.  3,Fort Macleod,22.54,3072.0,3117.0,2967.0,3297.0
Alberta,Division No.  3,Glenwood,1.37,280.0,287.0,316.0,272.0
Alberta,Division No.  3,Hill Spring,0.96,192.0,186.0,162.0,168.0
Alberta,Division No.  3,Improvement District No. 4 Waterton,482.54,160.0,88.0,105.0,158.0
Alberta,Division No.  3,Magrath,5.88,2081.0,2217.0,2374.0,2481.0
Alberta,Division No.  3,Nanton,5.11,2055.0,2132.0,2181.0,2167.0
Alberta,Division No.  3,Piikani 147,424.09,1300.0,1217.0,1544.0,1550.0
Alberta,Division No.  3,Pincher Creek,9.87,3625.0,3685.0,3642.0,3622.0
Alberta,Division No.  3,Pincher Creek No. 9,3455.75,3309.0,3158.0,2965.0,3240.0
Alberta,Division No.  3,Stavely,1.78,435.0,505.0,541.0,544.0
Alberta,Division No.  3,Willow Creek No. 26,4485.05,5337.0,5107.0,5575.0,6081.0
Alberta,Division No.  4,Acadia No. 34,1070.92,545.0,495.0,493.0,494.0
Alberta,Division No.  4,Consort,3.02,739.0,689.0,729.0,644.0
Alberta,Division No.  4,Empress,1.58,136.0,188.0,135.0,148.0
Alberta,Division No.  4,Hanna,8.4,2847.0,2673.0,2559.0,2394.0
Alberta,Division No.  4,Oyen,5.15,1015.0,973.0,1001.0,917.0
Alberta,Division No.  4,Special Area No. 2,9195.06,2074.0,2025.0,1905.0,1860.0
Alberta,Division No.  4,Special Area No. 3,6469.33,1266.0,1122.0,1153.0,1142.0
Alberta,Division No.  4,Special Area No. 4,4299.8,1389.0,1352.0,1237.0,1236.0
Alberta,Division No.  4,Veteran,0.84,293.0,249.0,207.0,214.0
Alberta,Division No.  4,Youngstown,1.11,170.0,178.0,154.0,171.0
Alberta,Division No.  5,Acme,2.49,656.0,653.0,653.0,606.0
Alberta,Division No.  5,Arrowwood,0.75,221.0,188.0,207.0,188.0
Alberta,Division No.  5,Carbon,1.99,570.0,592.0,454.0,492.0
Alberta,Division No.  5,Carmangay,1.8,336.0,367.0,242.0,269.0
Alberta,Division No.  5,Champion,0.88,364.0,378.0,317.0,351.0
Alberta,Division No.  5,Delia,1.33,207.0,186.0,216.0,152.0
Alberta,Division No.  5,Drumheller,107.56,7932.0,8029.0,7982.0,7909.0
Alberta,Division No.  5,Hussar,0.7,187.0,176.0,190.0,164.0
Alberta,Division No.  5,Kneehill County,3373.4,5218.0,4921.0,5001.0,4992.0
Alberta,Division No.  5,Linden,2.55,660.0,725.0,828.0,704.0
Alberta,Division No.  5,Lomond,1.19,175.0,173.0,166.0,178.0
Alberta,Division No.  5,Milo,0.96,100.0,122.0,91.0,136.0
Alberta,Division No.  5,Morrin,0.67,253.0,245.0,240.0,205.0
Alberta,Division No.  5,Munson,2.56,217.0,204.0,192.0,170.0
Alberta,Division No.  5,Rockyford,1.04,349.0,325.0,316.0,395.0
Alberta,Division No.  5,Siksika 146,703.7,2767.0,2972.0,3479.0,3576.0
Alberta,Division No.  5,Standard,2.34,380.0,379.0,353.0,353.0
Alberta,Division No.  5,Starland County,2540.85,2371.0,2057.0,2066.0,1821.0
Alberta,Division No.  5,Strathmore,26.98,10280.0,12305.0,13756.0,14339.0
Alberta,Division No.  5,Three Hills,6.74,3089.0,3198.0,3212.0,3042.0
Alberta,Division No.  5,Trochu,2.78,1005.0,1072.0,1058.0,998.0
Alberta,Division No.  5,Vulcan,6.28,1940.0,1836.0,1917.0,1769.0
Alberta,Division No.  5,Vulcan County,5356.65,3718.0,3875.0,3984.0,4237.0
Alberta,Division No.  5,Wheatland County,4505.05,8109.0,8285.0,8788.0,8738.0
Alberta,Division No.  6,Airdrie,84.39,28927.0,42564.0,61581.0,74100.0
Alberta,Division No.  6,Beiseker,2.85,804.0,785.0,819.0,754.0
Alberta,Division No.  6,Black Diamond,6.82,1900.0,2373.0,2705.0,2730.0
Alberta,Division No.  6,Calgary,820.62,988812.0,1096833.0,1239220.0,1306784.0
Alberta,Division No.  6,Carstairs,11.77,2699.0,3442.0,4077.0,4898.0
Alberta,Division No.  6,Chestermere,32.83,9923.0,14824.0,19887.0,22163.0
Alberta,Division No.  6,Cochrane,31.58,13760.0,17580.0,25853.0,32199.0
Alberta,Division No.  6,Cremona,1.93,463.0,457.0,444.0,437.0
Alberta,Division No.  6,Crossfield,11.89,2668.0,2853.0,2983.0,3599.0
Alberta,Division No.  6,Didsbury,16.12,4305.0,4957.0,5268.0,5070.0
Alberta,Division No.  6,Foothills County,3604.76,19731.0,21258.0,22616.0,23199.0
Alberta,Division No.  6,High River,22.19,10716.0,12920.0,13594.0,14324.0
Alberta,Division No.  6,Irricana,3.23,1243.0,1162.0,1216.0,1179.0
Alberta,Division No.  6,Longview,1.1,300.0,307.0,307.0,297.0
Alberta,Division No.  6,Mountain View County,3763.42,12308.0,12359.0,13074.0,12981.0
Alberta,Division No.  6,Okotoks,38.55,17150.0,24511.0,29016.0,30405.0
Alberta,Division No.  6,Olds,14.92,7253.0,8235.0,9184.0,9209.0
Alberta,Division No.  6,Rocky View County,3828.85,33173.0,36461.0,39407.0,41028.0
Alberta,Division No.  6,Sundre,10.84,2523.0,2610.0,2729.0,2672.0
Alberta,Division No.  6,Turner Valley,5.75,1908.0,2167.0,2559.0,2611.0
Alberta,Division No.  7,Alliance,0.62,158.0,174.0,159.0,166.0
Alberta,Division No.  7,Amisk,0.76,172.0,207.0,204.0,219.0
Alberta,Division No.  7,Big Valley,1.86,351.0,364.0,346.0,331.0
Alberta,Division No.  7,Castor,2.61,931.0,932.0,929.0,803.0
Alberta,Division No.  7,Chauvin,2.22,308.0,334.0,335.0,304.0
Alberta,Division No.  7,Coronation,3.57,1015.0,947.0,940.0,868.0
Alberta,Division No.  7,Czar,1.12,175.0,167.0,202.0,248.0
Alberta,Division No.  7,Daysland,1.77,818.0,807.0,824.0,789.0
Alberta,Division No.  7,Donalda,0.97,224.0,259.0,219.0,226.0
Alberta,Division No.  7,Edgerton,2.01,373.0,317.0,384.0,385.0
Alberta,Division No.  7,Flagstaff County,3959.78,3506.0,3244.0,3728.0,3694.0
Alberta,Division No.  7,Forestburg,4.04,895.0,831.0,880.0,807.0
Alberta,Division No.  7,Halkirk,0.61,113.0,121.0,112.0,92.0
Alberta,Division No.  7,Hardisty,4.5,760.0,639.0,554.0,548.0
Alberta,Division No.  7,Heisler,0.63,153.0,151.0,160.0,135.0
Alberta,Division No.  7,Hughenden,0.78,231.0,230.0,243.0,213.0
Alberta,Division No.  7,Irma,1.32,444.0,457.0,521.0,477.0
Alberta,Division No.  7,Killam,6.4,1019.0,981.0,989.0,918.0
Alberta,Division No.  7,Lougheed,2.0,217.0,233.0,256.0,225.0
Alberta,Division No.  7,Paintearth County No. 18,3239.58,2126.0,2029.0,2102.0,1990.0
Alberta,Division No.  7,Provost,4.75,2072.0,2041.0,1998.0,1900.0
Alberta,Division No.  7,Provost No. 52,3571.12,2547.0,2288.0,2205.0,2071.0
Alberta,Division No.  7,Rochon Sands,2.03,66.0,84.0,86.0,97.0
Alberta,Division No.  7,Sedgewick,2.71,891.0,857.0,811.0,761.0
Alberta,Division No.  7,Stettler,13.19,5445.0,5748.0,5952.0,5695.0
Alberta,Division No.  7,Stettler County No. 6,3969.65,5189.0,5089.0,5566.0,5666.0
Alberta,Division No.  7,Wainwright,12.17,5426.0,5925.0,6285.0,6606.0
Alberta,Division No.  7,Wainwright No. 61,4095.29,3558.0,4138.0,4464.0,4276.0
Alberta,Division No.  7,White Sands,1.61,120.0,91.0,120.0,174.0
Alberta,Division No.  8,Alix,3.11,851.0,830.0,734.0,774.0
Alberta,Division No.  8,Bentley,2.24,1083.0,1073.0,1078.0,1042.0
Alberta,Division No.  8,Birchcliff,0.97,125.0,112.0,117.0,211.0
Alberta,Division No.  8,Blackfalds,16.58,4618.0,6300.0,9328.0,10470.0
Alberta,Division No.  8,Bowden,3.46,1210.0,1241.0,1240.0,1280.0
Alberta,Division No.  8,Clive,2.17,562.0,675.0,715.0,775.0
Alberta,Division No.  8,Delburne,3.79,765.0,830.0,892.0,919.0
Alberta,Division No.  8,Eckville,1.61,951.0,1125.0,1125.0,1014.0
Alberta,Division No.  8,Elnora,1.5,280.0,313.0,298.0,288.0
Alberta,Division No.  8,Gull Lake,0.7,204.0,122.0,176.0,226.0
Alberta,Division No.  8,Half Moon Bay,0.12,32.0,38.0,42.0,65.0
Alberta,Division No.  8,Innisfail,19.39,7331.0,7876.0,7847.0,7985.0
Alberta,Division No.  8,Jarvis Bay,0.55,183.0,203.0,213.0,213.0
Alberta,Division No.  8,Lacombe,20.59,10752.0,11707.0,13057.0,13396.0
Alberta,Division No.  8,Lacombe County,2759.12,10394.0,10312.0,10343.0,10283.0
Alberta,Division No.  8,Montana 139,27.83,635.0,653.0,630.0,598.0
Alberta,Division No.  8,Norglenwold,0.62,270.0,232.0,273.0,306.0
Alberta,Division No.  8,Parkland Beach,0.94,135.0,124.0,153.0,168.0
Alberta,Division No.  8,Penhold,11.2,1971.0,2375.0,3287.0,3484.0
Alberta,Division No.  8,Ponoka,17.22,6576.0,6773.0,7229.0,7331.0
Alberta,Division No.  8,Ponoka County,2807.99,8640.0,8856.0,9806.0,9998.0
Alberta,Division No.  8,Red Deer,104.34,83154.0,90564.0,100418.0,100844.0
Alberta,Division No.  8,Red Deer County,3919.25,18649.0,18351.0,19531.0,19933.0
Alberta,Division No.  8,Rimbey,11.38,2252.0,2378.0,2567.0,2470.0
Alberta,Division No.  8,Samson 137,128.49,3295.0,3746.0,3373.0,3252.0
Alberta,Division No.  8,Samson 137A,1.34,32.0,38.0,26.0,19.0
Alberta,Division No.  8,Sunbreaker Cove,0.47,137.0,69.0,81.0,131.0
Alberta,Division No.  8,Sylvan Lake,23.09,10250.0,12327.0,14816.0,15995.0
Alberta,Division No.  9,Burnstick Lake,0.18,43.0,16.0,15.0,21.0
Alberta,Division No.  9,Caroline,2.04,515.0,501.0,512.0,470.0
Alberta,Division No.  9,Clearwater County,18605.71,11826.0,12278.0,11947.0,11865.0
Alberta,Division No.  9,O'Chiese 203,138.83,450.0,751.0,789.0,804.0
Alberta,Division No.  9,Rocky Mountain House,13.05,6874.0,6933.0,6635.0,6765.0
Alberta,Division No.  9,Sunchild 202,52.5,482.0,677.0,749.0,644.0
Alberta,Division No. 10,Andrew,1.18,465.0,379.0,425.0,366.0
Alberta,Division No. 10,Bashaw,2.72,796.0,873.0,830.0,848.0
Alberta,Division No. 10,Bawlf,0.89,367.0,403.0,422.0,412.0
Alberta,Division No. 10,Beaver County,3219.74,5676.0,5689.0,5905.0,5868.0
Alberta,Division No. 10,Bittern Lake,6.57,225.0,224.0,220.0,216.0
Alberta,Division No. 10,Bruderheim,9.28,1215.0,1155.0,1323.0,1329.0
Alberta,Division No. 10,Camrose,41.67,15630.0,17286.0,18742.0,18772.0
Alberta,Division No. 10,Camrose County,3291.75,7150.0,7721.0,8660.0,8504.0
Alberta,Division No. 10,Chipman,9.6,253.0,284.0,274.0,246.0
Alberta,Division No. 10,Edberg,0.35,155.0,168.0,151.0,126.0
Alberta,Division No. 10,Hay Lakes,0.59,362.0,425.0,495.0,456.0
Alberta,Division No. 10,Holden,1.55,398.0,381.0,350.0,338.0
Alberta,Division No. 10,Improvement District No. 13 Elk Island,165.0,21.0,10.0,0.0,0.0
Alberta,Division No. 10,Innisfree,1.0,233.0,220.0,193.0,187.0
Alberta,Division No. 10,Kitscoty,1.51,709.0,846.0,925.0,852.0
Alberta,Division No. 10,Lamont,9.14,1669.0,1753.0,1774.0,1744.0
Alberta,Division No. 10,Lamont County,2385.58,3905.0,3872.0,3884.0,3754.0
Alberta,Division No. 10,Lloydminster (Part),23.98,15910.0,18032.0,19645.0,19739.0
Alberta,Division No. 10,Makaoo (Part) 120,35.93,155.0,180.0,208.0,141.0
Alberta,Division No. 10,Mannville,1.64,782.0,803.0,828.0,765.0
Alberta,Division No. 10,Marwayne,1.6,521.0,612.0,564.0,543.0
Alberta,Division No. 10,Minburn County No. 27,2850.37,3319.0,3278.0,3188.0,3014.0
Alberta,Division No. 10,Mundare,4.12,712.0,855.0,852.0,689.0
Alberta,Division No. 10,Myrnam,2.75,362.0,370.0,339.0,257.0
Alberta,Division No. 10,Paradise Valley,0.63,183.0,174.0,179.0,153.0
Alberta,Division No. 10,Rosalind,0.62,190.0,190.0,188.0,162.0
Alberta,Division No. 10,Ryley,2.53,458.0,497.0,483.0,484.0
Alberta,Division No. 10,Tofield,8.21,1876.0,2182.0,2081.0,2045.0
Alberta,Division No. 10,Two Hills,3.11,1047.0,1379.0,1352.0,1416.0
Alberta,Division No. 10,Two Hills County No. 21,2600.15,2918.0,3160.0,3641.0,3412.0
Alberta,Division No. 10,Vegreville,14.08,5519.0,5717.0,5708.0,5689.0
Alberta,Division No. 10,Vermilion,12.72,4036.0,3930.0,4084.0,3948.0
Alberta,Division No. 10,Vermilion River County,5420.13,7462.0,7905.0,8453.0,7994.0
Alberta,Division No. 10,Viking,3.45,1085.0,1041.0,1083.0,986.0
Alberta,Division No. 11,Alexander 134,68.39,962.0,1027.0,1099.0,1077.0
Alberta,Division No. 11,Argentia Beach,0.62,52.0,15.0,27.0,39.0
Alberta,Division No. 11,Beaumont,24.7,8961.0,13284.0,17457.0,20888.0
Alberta,Division No. 11,Betula Beach,0.23,15.0,10.0,16.0,27.0
Alberta,Division No. 11,Bon Accord,3.99,1534.0,1488.0,1529.0,1461.0
Alberta,Division No. 11,Brazeau County,3000.14,7040.0,7201.0,7771.0,7179.0
Alberta,Division No. 11,Breton,1.72,550.0,496.0,574.0,567.0
Alberta,Division No. 11,Calmar,4.67,1959.0,1970.0,2228.0,2183.0
Alberta,Division No. 11,Crystal Springs,0.45,112.0,90.0,51.0,74.0
Alberta,Division No. 11,Devon,14.26,6261.0,6510.0,6578.0,6545.0
Alberta,Division No. 11,Drayton Valley,30.9,6893.0,7049.0,7235.0,7291.0
Alberta,Division No. 11,Edmonton,765.61,730372.0,812201.0,933088.0,1010899.0
Alberta,Division No. 11,Enoch Cree Nation,51.53,1418.0,987.0,1690.0,1825.0
Alberta,Division No. 11,Ermineskin 138,104.32,1464.0,1874.0,2457.0,2256.0
Alberta,Division No. 11,Fort Saskatchewan,56.5,14957.0,19051.0,24169.0,27088.0
Alberta,Division No. 11,Gibbons,9.46,2642.0,3030.0,3159.0,3218.0
Alberta,Division No. 11,Golden Days,2.13,207.0,141.0,160.0,248.0
Alberta,Division No. 11,Grandview,0.45,127.0,108.0,109.0,143.0
Alberta,Division No. 11,Itaska Beach,0.26,35.0,20.0,23.0,30.0
Alberta,Division No. 11,Kapasiwin,0.33,39.0,10.0,10.0,24.0
Alberta,Division No. 11,Lakeview,0.32,36.0,26.0,30.0,29.0
Alberta,Division No. 11,Leduc,42.25,16967.0,24279.0,29993.0,34094.0
Alberta,Division No. 11,Leduc County,2502.59,13135.0,13541.0,13177.0,14416.0
Alberta,Division No. 11,Legal,3.18,1192.0,1225.0,1345.0,1232.0
Alberta,Division No. 11,Louis Bull 138B,31.68,1180.0,1309.0,1177.0,1321.0
Alberta,Division No. 11,Ma-Me-O Beach,0.56,155.0,113.0,110.0,162.0
Alberta,Division No. 11,Millet,6.62,2068.0,2092.0,1955.0,1890.0
Alberta,Division No. 11,Morinville,11.15,6775.0,8569.0,9848.0,10385.0
Alberta,Division No. 11,Norris Beach,0.19,40.0,46.0,38.0,71.0
Alberta,Division No. 11,Parkland County,2375.67,29220.0,30568.0,32737.0,32205.0
Alberta,Division No. 11,Pigeon Lake 138A,19.81,353.0,485.0,429.0,285.0
Alberta,Division No. 11,Point Alison,0.19,15.0,15.0,10.0,18.0
Alberta,Division No. 11,Poplar Bay,0.71,84.0,80.0,103.0,113.0
Alberta,Division No. 11,Redwater,19.93,2202.0,1915.0,2053.0,2115.0
Alberta,Division No. 11,Seba Beach,0.53,203.0,143.0,169.0,229.0
Alberta,Division No. 11,Silver Beach,0.61,47.0,52.0,65.0,55.0
Alberta,Division No. 11,Spring Lake,2.28,501.0,533.0,699.0,711.0
Alberta,Division No. 11,Spruce Grove,37.52,19541.0,26171.0,34108.0,37645.0
Alberta,Division No. 11,St. Albert,47.84,57764.0,61466.0,65589.0,68232.0
Alberta,Division No. 11,Stony Plain,35.45,12363.0,15051.0,17189.0,17993.0
Alberta,Division No. 11,Strathcona County,1170.65,82511.0,92490.0,98024.0,99225.0
Alberta,Division No. 11,Sturgeon County,2084.24,18566.0,19578.0,20495.0,20061.0
Alberta,Division No. 11,Sundance Beach,0.43,102.0,82.0,73.0,42.0
Alberta,Division No. 11,Thorsby,3.8,945.0,797.0,985.0,967.0
Alberta,Division No. 11,Wabamun 133A,62.33,1088.0,1069.0,1592.0,981.0
Alberta,Division No. 11,Wabamun 133B,1.96,20.0,17.0,30.0,20.0
Alberta,Division No. 11,Warburg,2.56,621.0,789.0,766.0,676.0
Alberta,Division No. 11,Wetaskiwin,18.75,11689.0,12525.0,12655.0,12594.0
Alberta,Division No. 11,Wetaskiwin County No. 10,3121.98,10519.0,10866.0,11176.0,11212.0
Alberta,Division No. 12,Beaver Lake 131,55.88,379.0,423.0,414.0,401.0
Alberta,Division No. 12,Bonnyville,14.17,5832.0,6216.0,5975.0,6404.0
Alberta,Division No. 12,Bonnyville Beach,0.23,97.0,95.0,84.0,70.0
Alberta,Division No. 12,Bonnyville No. 87,6005.3,10194.0,11191.0,12745.0,12897.0
Alberta,Division No. 12,Cold Lake,66.61,11991.0,13839.0,14976.0,15661.0
Alberta,Division No. 12,Cold Lake 149,139.83,438.0,594.0,671.0,671.0
Alberta,Division No. 12,Cold Lake 149A,0.66,49.0,45.0,40.0,68.0
Alberta,Division No. 12,Cold Lake 149B,41.57,105.0,149.0,163.0,181.0
Alberta,Division No. 12,Elk Point,4.91,1487.0,1412.0,1452.0,1399.0
Alberta,Division No. 12,Glendon,1.99,421.0,486.0,493.0,338.0
Alberta,Division No. 12,Heart Lake 167,47.41,165.0,159.0,184.0,211.0
Alberta,Division No. 12,Horseshoe Bay,0.98,214.0,37.0,49.0,81.0
Alberta,Division No. 12,Kehewin 123,79.64,1007.0,1065.0,976.0,1038.0
Alberta,Division No. 12,Lac la Biche County,12528.25,9123.0,8402.0,8330.0,7673.0
Alberta,Division No. 12,Pelican Narrows,0.74,141.0,162.0,151.0,158.0
Alberta,Division No. 12,Puskiakiwenin 122,100.03,411.0,484.0,531.0,564.0
Alberta,Division No. 12,Smoky Lake,4.26,1010.0,1022.0,964.0,1127.0
Alberta,Division No. 12,Smoky Lake County,3396.29,3357.0,3910.0,4107.0,3874.0
Alberta,Division No. 12,St. Paul,8.64,5106.0,5400.0,5827.0,5863.0
Alberta,Division No. 12,St. Paul County No. 19,3280.4,5925.0,5831.0,6036.0,6306.0
Alberta,Division No. 12,Unipouheos 121,88.55,749.0,813.0,909.0,875.0
Alberta,Division No. 12,Vilna,0.96,274.0,249.0,290.0,268.0
Alberta,Division No. 12,Waskatenau,0.59,278.0,255.0,186.0,247.0
Alberta,Division No. 12,White Fish Lake 128,52.11,1237.0,1188.0,1310.0,1093.0
Alberta,Division No. 13,Alberta Beach,2.02,884.0,865.0,1018.0,864.0
Alberta,Division No. 13,Alexis 133,56.6,734.0,817.0,755.0,770.0
Alberta,Division No. 13,Athabasca,17.79,2580.0,2990.0,2965.0,2759.0
Alberta,Division No. 13,Athabasca County,6111.3,7572.0,7662.0,7869.0,6959.0
Alberta,Division No. 13,Barrhead,8.2,4209.0,4432.0,4579.0,4320.0
Alberta,Division No. 13,Barrhead County No. 11,2385.28,5845.0,6096.0,6288.0,5877.0
Alberta,Division No. 13,Birch Cove,0.29,38.0,45.0,45.0,67.0
Alberta,Division No. 13,Bondiss,1.18,131.0,106.0,110.0,124.0
Alberta,Division No. 13,Boyle,7.12,854.0,916.0,845.0,825.0
Alberta,Division No. 13,Castle Island,0.05,22.0,19.0,10.0,15.0
Alberta,Division No. 13,Clyde,1.28,470.0,503.0,430.0,415.0
Alberta,Division No. 13,Island Lake,1.55,351.0,243.0,228.0,174.0
Alberta,Division No. 13,Island Lake South,0.48,105.0,72.0,61.0,81.0
Alberta,Division No. 13,Lac Ste. Anne County,2845.84,9880.0,10260.0,10899.0,10832.0
Alberta,Division No. 13,Larkspur,0.26,56.0,38.0,44.0,53.0
Alberta,Division No. 13,Mayerthorpe,4.39,1474.0,1398.0,1320.0,1259.0
Alberta,Division No. 13,Mewatha Beach,0.79,167.0,79.0,90.0,103.0
Alberta,Division No. 13,Nakamun Park,0.43,88.0,36.0,96.0,78.0
Alberta,Division No. 13,Onoway,3.31,875.0,1039.0,1029.0,966.0
Alberta,Division No. 13,Ross Haven,0.7,198.0,137.0,160.0,126.0
Alberta,Division No. 13,Sandy Beach,2.41,239.0,223.0,278.0,278.0
Alberta,Division No. 13,Silver Sands,2.51,173.0,85.0,160.0,214.0
Alberta,Division No. 13,South Baptiste,0.91,69.0,52.0,66.0,70.0
Alberta,Division No. 13,South View,0.44,115.0,35.0,67.0,72.0
Alberta,Division No. 13,Sunrise Beach,1.66,170.0,149.0,135.0,153.0
Alberta,Division No. 13,Sunset Beach,0.87,88.0,44.0,49.0,55.0
Alberta,Division No. 13,Sunset Point,1.17,242.0,221.0,169.0,257.0
Alberta,Division No. 13,Thorhild County,1997.17,3547.0,3417.0,3254.0,3042.0
Alberta,Division No. 13,Val Quentin,0.29,181.0,157.0,252.0,158.0
Alberta,Division No. 13,West Baptiste,0.54,104.0,52.0,38.0,46.0
Alberta,Division No. 13,West Cove,1.3,169.0,121.0,149.0,222.0
Alberta,Division No. 13,Westlock,13.37,5008.0,4823.0,5101.0,4921.0
Alberta,Division No. 13,Westlock County,3169.66,6910.0,7644.0,7220.0,7186.0
Alberta,Division No. 13,Whispering Hills,1.64,125.0,108.0,142.0,128.0
Alberta,Division No. 13,Whitecourt,29.51,8971.0,9605.0,10209.0,9927.0
Alberta,Division No. 13,Woodlands County,7599.52,4158.0,4306.0,4744.0,4558.0
Alberta,Division No. 13,Yellowstone,0.28,170.0,124.0,137.0,117.0
Alberta,Division No. 14,Edson,29.43,8098.0,8475.0,8414.0,8374.0
Alberta,Division No. 14,Hinton,33.32,9738.0,9640.0,9882.0,9817.0
Alberta,Division No. 14,Improvement District No. 25 Willmore Wilderness,4601.52,0.0,0.0,0.0,0.0
Alberta,Division No. 14,Yellowhead County,22238.56,10045.0,10469.0,10995.0,10426.0
Alberta,Division No. 15,Banff,4.08,6700.0,7584.0,7851.0,8305.0
Alberta,Division No. 15,Bighorn No. 8,2678.8,1264.0,1341.0,1324.0,1598.0
Alberta,Division No. 15,Canmore,68.47,12039.0,12288.0,13992.0,15990.0
Alberta,Division No. 15,Crowsnest Pass,370.15,5749.0,5565.0,5589.0,5695.0
Alberta,Division No. 15,Ghost Lake,0.62,78.0,81.0,82.0,82.0
Alberta,Division No. 15,Improvement District No. 12 Jasper Park,10118.55,24.0,34.0,53.0,0.0
Alberta,Division No. 15,Improvement District No. 9 Banff,6751.09,938.0,1175.0,1028.0,1004.0
Alberta,Division No. 15,Jasper,921.9,4265.0,4051.0,4590.0,4738.0
Alberta,Division No. 15,Kananaskis,4203.24,429.0,249.0,221.0,156.0
Alberta,Division No. 15,Ranchland No. 66,2636.75,86.0,79.0,92.0,110.0
Alberta,Division No. 15,Waiparous,0.41,49.0,42.0,49.0,57.0
Alberta,Division No. 16,Allison Bay 219,17.09,62.0,84.0,127.0,113.0
Alberta,Division No. 16,Dog Head 218,0.38,91.0,111.0,99.0,85.0
Alberta,Division No. 16,Gregoire Lake 176,22.67,81.0,274.0,191.0,203.0
Alberta,Division No. 16,Gregoire Lake 176A,0.81,121.0,0.0,130.0,129.0
Alberta,Division No. 16,Improvement District No. 24 Wood Buffalo,33053.78,422.0,590.0,648.0,706.0
Alberta,Division No. 16,Janvier 194,26.05,271.0,295.0,409.0,360.0
Alberta,Division No. 16,Old Fort 217,13.87,0.0,0.0,0.0,0.0
Alberta,Division No. 16,Wood Buffalo,60843.88,51496.0,65565.0,71594.0,72326.0
Alberta,Division No. 17,Beaver Ranch 163,9.18,15.0,16.0,10.0,15.0
Alberta,Division No. 17,Big Lakes County,13827.58,5989.0,5912.0,5625.0,4986.0
Alberta,Division No. 17,Boyer 164,40.89,178.0,213.0,218.0,123.0
Alberta,Division No. 17,Bushe River 207,114.45,400.0,492.0,503.0,492.0
Alberta,Division No. 17,Carcajou 187,0.53,0.0,0.0,0.0,0.0
Alberta,Division No. 17,Child Lake 164A,26.95,160.0,188.0,216.0,172.0
Alberta,Division No. 17,Clear Hills,15025.54,2714.0,2801.0,3018.0,3006.0
Alberta,Division No. 17,Clear Hills 152C,16.53,0.0,0.0,5.0,0.0
Alberta,Division No. 17,Desmarais,1.54,78.0,129.0,110.0,116.0
Alberta,Division No. 17,Drift Pile River 150,64.95,720.0,800.0,828.0,775.0
Alberta,Division No. 17,Fort Vermilion 173B,0.62,71.0,97.0,96.0,73.0
Alberta,Division No. 17,Fox Lake 162,98.03,1753.0,1875.0,2032.0,2488.0
Alberta,Division No. 17,Hay Lake 209,99.29,951.0,949.0,883.0,957.0
Alberta,Division No. 17,High Level,28.7,3887.0,3641.0,3159.0,3922.0
Alberta,Division No. 17,High Prairie,7.01,2785.0,2600.0,2564.0,2380.0
Alberta,Division No. 17,Hines Creek,4.88,430.0,380.0,346.0,335.0
Alberta,Division No. 17,Jean Baptiste Gambler 183,1.99,214.0,254.0,253.0,210.0
Alberta,Division No. 17,John D'Or Prairie 215,140.04,1025.0,1123.0,1196.0,702.0
Alberta,Division No. 17,Kapawe'no First Nation 150B,0.29,143.0,115.0,154.0,42.0
Alberta,Division No. 17,Kapawe'no First Nation 150D,3.9,0.0,5.0,5.0,5.0
Alberta,Division No. 17,Lesser Slave River No. 124,10041.79,2820.0,2929.0,2803.0,2861.0
Alberta,Division No. 17,Loon Lake 235,70.94,425.0,511.0,540.0,487.0
Alberta,Division No. 17,Mackenzie County,79629.26,10002.0,10927.0,11171.0,12804.0
Alberta,Division No. 17,Manning,3.71,1493.0,1164.0,1183.0,1126.0
Alberta,Division No. 17,Nampa,1.69,360.0,362.0,364.0,367.0
Alberta,Division No. 17,Northern Lights County,20627.02,3772.0,4117.0,4200.0,4152.0
Alberta,Division No. 17,Northern Sunrise County,20915.18,1747.0,1791.0,1921.0,1711.0
Alberta,Division No. 17,Opportunity No. 17,28857.88,2847.0,3074.0,3253.0,3382.0
Alberta,Division No. 17,Rainbow Lake,10.76,965.0,870.0,795.0,495.0
Alberta,Division No. 17,Sawridge 150G,9.4,45.0,48.0,20.0,41.0
Alberta,Division No. 17,Sawridge 150H,11.99,10.0,20.0,10.0,10.0
Alberta,Division No. 17,Slave Lake,14.31,6703.0,6782.0,6651.0,6836.0
Alberta,Division No. 17,Sucker Creek 150A,60.7,594.0,677.0,689.0,703.0
Alberta,Division No. 17,Swan Hills,25.87,1645.0,1465.0,1301.0,1201.0
Alberta,Division No. 17,Swan River 150E,39.47,305.0,312.0,413.0,400.0
Alberta,Division No. 17,Tall Cree 173,37.09,201.0,202.0,250.0,282.0
Alberta,Division No. 17,Tall Cree 173A,53.66,123.0,163.0,224.0,201.0
Alberta,Division No. 17,Upper Hay River 212,14.49,289.0,292.0,294.0,381.0
Alberta,Division No. 17,Utikoomak Lake 155,64.67,786.0,644.0,723.0,734.0
Alberta,Division No. 17,Utikoomak Lake 155A,10.28,103.0,121.0,127.0,145.0
Alberta,Division No. 17,Wabasca 166,84.64,78.0,152.0,160.0,158.0
Alberta,Division No. 17,Wabasca 166A,6.64,648.0,738.0,596.0,559.0
Alberta,Division No. 17,Wabasca 166B,24.95,216.0,250.0,190.0,89.0
Alberta,Division No. 17,Wabasca 166C,32.65,173.0,182.0,188.0,179.0
Alberta,Division No. 17,Wabasca 166D,58.15,863.0,885.0,961.0,640.0
Alberta,Division No. 17,Woodland Cree 226,118.7,439.0,706.0,678.0,655.0
Alberta,Division No. 17,Woodland Cree 228,36.52,117.0,143.0,150.0,161.0
Alberta,Division No. 18,Fox Creek,12.26,2278.0,1969.0,1971.0,1639.0
Alberta,Division No. 18,Greenview No. 16,32925.53,5464.0,5299.0,9154.0,8584.0
Alberta,Division No. 18,Sturgeon Lake 154,148.72,1051.0,1162.0,1447.0,1291.0
Alberta,Division No. 18,Sturgeon Lake 154A,8.77,21.0,24.0,53.0,39.0
Alberta,Division No. 18,Valleyview,9.17,1725.0,1761.0,1863.0,1673.0
Alberta,Division No. 19,Beaverlodge,5.38,2264.0,2365.0,2465.0,2271.0
Alberta,Division No. 19,Berwyn,1.57,516.0,526.0,538.0,577.0
Alberta,Division No. 19,Birch Hills County,2848.75,1470.0,1582.0,1553.0,1516.0
Alberta,Division No. 19,Donnelly,1.26,293.0,305.0,359.0,338.0
Alberta,Division No. 19,Duncan's 151A,20.12,102.0,164.0,145.0,111.0
Alberta,Division No. 19,Fairview,10.67,3297.0,3162.0,2998.0,2817.0
Alberta,Division No. 19,Fairview No. 136,1373.66,1432.0,1673.0,1604.0,1580.0
Alberta,Division No. 19,Falher,2.83,941.0,1075.0,1047.0,1001.0
Alberta,Division No. 19,Girouxville,0.66,282.0,266.0,219.0,278.0
Alberta,Division No. 19,Grande Prairie,132.71,47107.0,55032.0,63166.0,64141.0
Alberta,Division No. 19,Grande Prairie County No. 1,5790.59,17929.0,20347.0,22502.0,23769.0
Alberta,Division No. 19,Grimshaw,7.08,2537.0,2515.0,2718.0,2601.0
Alberta,Division No. 19,Horse Lakes 152B,14.47,335.0,402.0,469.0,489.0
Alberta,Division No. 19,Hythe,4.03,821.0,820.0,827.0,854.0
Alberta,Division No. 19,McLennan,3.58,824.0,809.0,701.0,695.0
Alberta,Division No. 19,Peace No. 135,847.22,1487.0,1344.0,1752.0,1581.0
Alberta,Division No. 19,Peace River,25.34,6315.0,6744.0,6842.0,6619.0
Alberta,Division No. 19,Rycroft,1.85,638.0,628.0,612.0,550.0
Alberta,Division No. 19,Saddle Hills County,5827.7,2458.0,2288.0,2225.0,2338.0
Alberta,Division No. 19,Sexsmith,13.01,1969.0,2418.0,2620.0,2427.0
Alberta,Division No. 19,Smoky River No. 130,2834.18,2442.0,2126.0,2006.0,1684.0
Alberta,Division No. 19,Spirit River,3.11,1148.0,1025.0,995.0,849.0
Alberta,Division No. 19,Spirit River No. 133,679.86,662.0,713.0,700.0,649.0
Alberta,Division No. 19,Wembley,4.74,1443.0,1383.0,1516.0,1432.0
British Columbia,Alberni-Clayoquot,Ahahswinis 1,0.41,148.0,160.0,119.0,150.0
British Columbia,Alberni-Clayoquot,Alberni 2,0.55,5.0,10.0,10.0,0.0
British Columbia,Alberni-Clayoquot,Alberni-Clayoquot A,1619.77,303.0,192.0,243.0,256.0
British Columbia,Alberni-Clayoquot,Alberni-Clayoquot B,92.22,476.0,456.0,443.0,531.0
British Columbia,Alberni-Clayoquot,Alberni-Clayoquot C,3199.27,401.0,433.0,677.0,875.0
British Columbia,Alberni-Clayoquot,Alberni-Clayoquot D,1398.89,2027.0,1701.0,1616.0,1843.0
British Columbia,Alberni-Clayoquot,Alberni-Clayoquot E,21.91,2822.0,2885.0,2754.0,2946.0
British Columbia,Alberni-Clayoquot,Alberni-Clayoquot F,186.53,1882.0,1916.0,1935.0,1977.0
British Columbia,Alberni-Clayoquot,Anacla 12,0.93,95.0,73.0,82.0,104.0
British Columbia,Alberni-Clayoquot,Clakamucus 2,0.1,5.0,0.0,0.0,0.0
British Columbia,Alberni-Clayoquot,Elhlateese 2,2.3,27.0,19.0,5.0,10.0
British Columbia,Alberni-Clayoquot,Esowista 3,0.1,160.0,176.0,94.0,90.0
British Columbia,Alberni-Clayoquot,Ittatsoo 1,0.68,200.0,240.0,274.0,321.0
British Columbia,Alberni-Clayoquot,Klehkoot 2,1.17,10.0,10.0,15.0,15.0
British Columbia,Alberni-Clayoquot,Macoah 1,0.43,19.0,22.0,19.0,27.0
British Columbia,Alberni-Clayoquot,Marktosis 15,1.8,661.0,695.0,622.0,760.0
British Columbia,Alberni-Clayoquot,Numukamis 1,6.69,5.0,10.0,5.0,0.0
British Columbia,Alberni-Clayoquot,Opitsat 1,0.72,174.0,156.0,150.0,153.0
British Columbia,Alberni-Clayoquot,Port Alberni,19.66,17548.0,17743.0,17678.0,18259.0
British Columbia,Alberni-Clayoquot,Sachsa 4,0.07,0.0,0.0,0.0,0.0
British Columbia,Alberni-Clayoquot,Tin Wis 11,0.14,16.0,0.0,0.0,26.0
British Columbia,Alberni-Clayoquot,Tofino,10.56,1655.0,1876.0,1967.0,2516.0
British Columbia,Alberni-Clayoquot,Tsahaheh 1,4.01,425.0,584.0,542.0,596.0
British Columbia,Alberni-Clayoquot,Ucluelet,6.48,1487.0,1627.0,1717.0,2066.0
British Columbia,Bulkley-Nechako,Babine 25,0.48,105.0,81.0,112.0,83.0
British Columbia,Bulkley-Nechako,Babine 6,1.82,78.0,93.0,81.0,75.0
British Columbia,Bulkley-Nechako,Babine Lake 21B,0.02,0.0,0.0,0.0,0.0
British Columbia,Bulkley-Nechako,Binche 2,4.63,110.0,111.0,182.0,118.0
British Columbia,Bulkley-Nechako,Bulkley-Nechako A,3674.43,5290.0,5391.0,5256.0,5587.0
British Columbia,Bulkley-Nechako,Bulkley-Nechako B,3624.72,2154.0,2102.0,1885.0,1706.0
British Columbia,Bulkley-Nechako,Bulkley-Nechako C,25527.99,1355.0,1429.0,1420.0,1266.0
British Columbia,Bulkley-Nechako,Bulkley-Nechako D,4389.75,1682.0,1734.0,1472.0,1607.0
British Columbia,Bulkley-Nechako,Bulkley-Nechako E,15856.11,1771.0,1507.0,1593.0,1512.0
British Columbia,Bulkley-Nechako,Bulkley-Nechako F,5386.26,3137.0,3702.0,3665.0,3517.0
British Columbia,Bulkley-Nechako,Bulkley-Nechako G,14417.38,1059.0,975.0,903.0,836.0
British Columbia,Bulkley-Nechako,Burns Lake,6.54,2107.0,2029.0,1779.0,1659.0
British Columbia,Bulkley-Nechako,Burns Lake 18,0.56,102.0,55.0,48.0,33.0
British Columbia,Bulkley-Nechako,Cheslatta 1,10.81,86.0,84.0,84.0,49.0
British Columbia,Bulkley-Nechako,Duncan Lake 2,0.67,10.0,10.0,5.0,5.0
British Columbia,Bulkley-Nechako,Dzitline Lee 9,5.44,17.0,15.0,10.0,15.0
British Columbia,Bulkley-Nechako,Fort St. James,23.45,1350.0,1691.0,1598.0,1386.0
British Columbia,Bulkley-Nechako,Fraser Lake,4.06,1113.0,1167.0,988.0,965.0
British Columbia,Bulkley-Nechako,Granisle,39.85,364.0,303.0,303.0,337.0
British Columbia,Bulkley-Nechako,Houston,72.88,3163.0,3147.0,2993.0,3052.0
British Columbia,Bulkley-Nechako,Jean Baptiste 28,1.42,5.0,5.0,0.0,5.0
British Columbia,Bulkley-Nechako,Laketown 3,2.44,27.0,10.0,18.0,16.0
British Columbia,Bulkley-Nechako,Mission Lands 17,0.48,5.0,0.0,0.0,0.0
British Columbia,Bulkley-Nechako,Nak'azdli,3.09,495.0,534.0,548.0,528.0
British Columbia,Bulkley-Nechako,Nautley (Fort Fraser) 1,5.07,153.0,201.0,192.0,227.0
British Columbia,Bulkley-Nechako,Nedoats 11,4.0,5.0,0.0,0.0,0.0
British Columbia,Bulkley-Nechako,North Tacla Lake,0.98,131.0,183.0,187.0,243.0
British Columbia,Bulkley-Nechako,Palling 1,0.73,75.0,5.0,63.0,92.0
British Columbia,Bulkley-Nechako,Poison Creek 17A,0.22,5.0,0.0,5.0,10.0
British Columbia,Bulkley-Nechako,Seaspunkut 4,2.39,15.0,15.0,15.0,10.0
British Columbia,Bulkley-Nechako,Skins Lake 16A,0.67,0.0,0.0,5.0,10.0
British Columbia,Bulkley-Nechako,Skins Lake 16B,0.63,26.0,20.0,23.0,0.0
British Columbia,Bulkley-Nechako,Smithers,15.26,5217.0,5404.0,5401.0,5378.0
British Columbia,Bulkley-Nechako,Sowchea 3,1.0,10.0,0.0,0.0,5.0
British Columbia,Bulkley-Nechako,Stellaquo (Stella) 1,8.31,186.0,205.0,202.0,189.0
British Columbia,Bulkley-Nechako,Stony Creek 1,26.37,384.0,332.0,313.0,323.0
British Columbia,Bulkley-Nechako,Tache 1,8.98,375.0,409.0,401.0,400.0
British Columbia,Bulkley-Nechako,Tacla Lake (Ferry Landing) 9,0.72,0.0,0.0,0.0,15.0
British Columbia,Bulkley-Nechako,Tadinlay 15,1.82,0.0,0.0,0.0,0.0
British Columbia,Bulkley-Nechako,Tatla West 11,0.45,0.0,5.0,0.0,0.0
British Columbia,Bulkley-Nechako,Tatla't East 2,0.7,5.0,0.0,5.0,0.0
British Columbia,Bulkley-Nechako,Telkwa,7.04,1295.0,1350.0,1327.0,1474.0
British Columbia,Bulkley-Nechako,Vanderhoof,53.93,4064.0,4480.0,4434.0,4346.0
British Columbia,Bulkley-Nechako,Williams Prairie Meadow 1A,0.68,19.0,10.0,15.0,20.0
British Columbia,Bulkley-Nechako,Woyenne 27,0.15,569.0,301.0,243.0,548.0
British Columbia,Bulkley-Nechako,Ye Koo Che 3,1.99,93.0,88.0,87.0,90.0
British Columbia,Capital,Becher Bay 1,2.64,140.0,324.0,129.0,221.0
British Columbia,Capital,Central Saanich,41.2,15745.0,15936.0,16814.0,17385.0
British Columbia,Capital,Cole Bay 3,2.82,258.0,322.0,332.0,266.0
British Columbia,Capital,Colwood,17.66,14687.0,16093.0,16859.0,18961.0
British Columbia,Capital,East Saanich 2,2.6,1637.0,1709.0,1689.0,1790.0
British Columbia,Capital,Esquimalt,7.08,16840.0,16209.0,17655.0,17533.0
British Columbia,Capital,Galiano Island 9,0.24,0.0,0.0,0.0,0.0
British Columbia,Capital,Gordon River 2,0.95,101.0,96.0,111.0,79.0
British Columbia,Capital,Highlands,38.01,1903.0,2120.0,2225.0,2482.0
British Columbia,Capital,Juan de Fuca (Part 1),221.48,4250.0,4173.0,4670.0,5132.0
British Columbia,Capital,Juan de Fuca (Part 2),1267.72,234.0,178.0,190.0,399.0
British Columbia,Capital,Langford,41.43,22459.0,29228.0,35342.0,46584.0
British Columbia,Capital,Metchosin,69.57,4795.0,4803.0,4708.0,5067.0
British Columbia,Capital,New Songhees 1A,0.71,1643.0,1678.0,1842.0,1839.0
British Columbia,Capital,North Saanich,37.16,10823.0,11089.0,11249.0,12235.0
British Columbia,Capital,Oak Bay,10.52,17908.0,18015.0,18094.0,17990.0
British Columbia,Capital,Saanich,103.59,108265.0,109752.0,114148.0,117735.0
British Columbia,Capital,Saltspring Island,182.94,9640.0,10234.0,10557.0,11635.0
British Columbia,Capital,Sidney,5.11,11315.0,11178.0,11672.0,12318.0
British Columbia,Capital,Sooke,56.6,9699.0,11435.0,13001.0,15086.0
British Columbia,Capital,South Saanich 1,2.09,571.0,818.0,822.0,712.0
British Columbia,Capital,Southern Gulf Islands,191.08,5101.0,4868.0,4732.0,6101.0
British Columbia,Capital,T'Sou-ke,0.75,214.0,219.0,225.0,230.0
British Columbia,Capital,Union Bay 4,0.29,111.0,116.0,94.0,109.0
British Columbia,Capital,Victoria,19.45,78057.0,80017.0,85792.0,91867.0
British Columbia,Capital,View Royal,14.33,8768.0,9381.0,10408.0,11575.0
British Columbia,Cariboo,Agats Meadow 8,1.2,0.0,0.0,0.0,0.0
British Columbia,Cariboo,Alexis Creek 14,1.64,0.0,0.0,0.0,5.0
British Columbia,Cariboo,Alexis Creek 16,0.38,0.0,0.0,0.0,0.0
British Columbia,Cariboo,Alexis Creek 21,3.61,0.0,0.0,0.0,0.0
British Columbia,Cariboo,Alexis Creek 34,1.32,0.0,0.0,0.0,0.0
British Columbia,Cariboo,Alkali Lake 1,2.59,363.0,353.0,328.0,358.0
British Columbia,Cariboo,Alkali Lake 4A,1.29,5.0,5.0,10.0,5.0
British Columbia,Cariboo,Anahim's Flat 1,38.59,526.0,475.0,342.0,437.0
British Columbia,Cariboo,Anahim's Meadow,4.19,15.0,0.0,10.0,10.0
British Columbia,Cariboo,Baezaeko River 27,0.22,0.0,0.0,0.0,0.0
British Columbia,Cariboo,Baptiste Meadow 2,2.06,0.0,5.0,5.0,0.0
British Columbia,Cariboo,Betty Creek 18,1.29,0.0,0.0,0.0,0.0
British Columbia,Cariboo,Canim Lake 4,0.13,0.0,0.0,0.0,0.0
British Columbia,Cariboo,Canoe Creek 3,28.03,39.0,0.0,0.0,0.0
British Columbia,Cariboo,Cariboo A,778.12,5859.0,6250.0,6234.0,6169.0
British Columbia,Cariboo,Cariboo B,1413.47,3858.0,4006.0,3842.0,3864.0
British Columbia,Cariboo,Cariboo C,7377.49,1164.0,1225.0,1225.0,1239.0
British Columbia,Cariboo,Cariboo D,849.54,3073.0,2988.0,2929.0,2870.0
British Columbia,Cariboo,Cariboo E,1745.18,4336.0,4129.0,4064.0,4112.0
British Columbia,Cariboo,Cariboo F,9740.2,4384.0,4564.0,4554.0,4792.0
British Columbia,Cariboo,Cariboo G,2646.03,4974.0,4955.0,5156.0,5312.0
British Columbia,Cariboo,Cariboo H,2593.68,1744.0,1569.0,1784.0,1884.0
British Columbia,Cariboo,Cariboo I,11915.99,1661.0,1511.0,1435.0,1485.0
British Columbia,Cariboo,Cariboo J,25880.08,808.0,600.0,642.0,616.0
British Columbia,Cariboo,Cariboo K,13629.59,552.0,494.0,398.0,447.0
British Columbia,Cariboo,Cariboo L,1263.69,4316.0,4177.0,4204.0,4769.0
British Columbia,Cariboo,Charley Boy's Meadow 3,4.68,0.0,0.0,0.0,0.0
British Columbia,Cariboo,Coglistiko River 29,0.62,0.0,0.0,0.0,0.0
British Columbia,Cariboo,Deep Creek 2,15.67,132.0,111.0,91.0,111.0
British Columbia,Cariboo,Dog Creek 1,1.36,109.0,80.0,79.0,88.0
British Columbia,Cariboo,Dog Creek 2,2.19,48.0,30.0,20.0,17.0
British Columbia,Cariboo,Euchinico Creek 17,3.87,26.0,0.0,0.0,5.0
British Columbia,Cariboo,Fishtrap 19,0.28,20.0,20.0,15.0,10.0
British Columbia,Cariboo,Johny Sticks 2,3.07,15.0,20.0,10.0,10.0
British Columbia,Cariboo,Kluskus 1,4.4,32.0,39.0,36.0,38.0
British Columbia,Cariboo,Little Springs,4.71,15.0,10.0,15.0,20.0
British Columbia,Cariboo,Michel Gardens 36,0.04,0.0,10.0,5.0,5.0
British Columbia,Cariboo,Nazco 20,4.66,117.0,132.0,90.0,81.0
British Columbia,Cariboo,One Hundred Mile House,53.01,1885.0,1886.0,1918.0,1928.0
British Columbia,Cariboo,Puntzi Lake 2,0.23,0.0,5.0,0.0,5.0
British Columbia,Cariboo,Quesnel,35.35,9326.0,10007.0,9879.0,9889.0
British Columbia,Cariboo,Quesnel 1,5.45,128.0,73.0,107.0,110.0
British Columbia,Cariboo,Redstone Flat 1,3.45,163.0,185.0,196.0,181.0
British Columbia,Cariboo,Salmon River Meadow 7,0.93,0.0,0.0,0.0,0.0
British Columbia,Cariboo,Sandy Harry 4,1.68,0.0,5.0,5.0,0.0
British Columbia,Cariboo,Soda Creek 1,4.03,47.0,33.0,59.0,30.0
British Columbia,Cariboo,Squinas 2,4.16,176.0,161.0,134.0,137.0
British Columbia,Cariboo,Stone 1,15.48,212.0,201.0,187.0,219.0
British Columbia,Cariboo,Sundayman's Meadow 3,0.49,0.0,5.0,0.0,0.0
British Columbia,Cariboo,Swan Lake 3,0.96,5.0,5.0,5.0,0.0
British Columbia,Cariboo,Thomas Squinas Ranch 2A,2.56,10.0,20.0,0.0,5.0
British Columbia,Cariboo,Toosey 1,22.43,128.0,113.0,107.0,104.0
British Columbia,Cariboo,Towdystan Lake 3,2.64,20.0,10.0,10.0,15.0
British Columbia,Cariboo,Trout Lake Alec 16,0.94,0.0,21.0,15.0,0.0
British Columbia,Cariboo,Ulkatcho 13,2.01,0.0,0.0,0.0,0.0
British Columbia,Cariboo,Ulkatcho 14A,2.64,219.0,138.0,155.0,116.0
British Columbia,Cariboo,Wells,158.09,236.0,245.0,217.0,218.0
British Columbia,Cariboo,Williams Lake,33.12,10744.0,10832.0,10753.0,10947.0
British Columbia,Cariboo,Williams Lake 1,16.55,237.0,227.0,191.0,248.0
British Columbia,Cariboo,Windy Mouth 7,0.03,0.0,5.0,5.0,5.0
British Columbia,Central Coast,Bella Bella 1,5.83,1066.0,1095.0,1019.0,1193.0
British Columbia,Central Coast,Bella Coola 1,15.22,788.0,852.0,807.0,937.0
British Columbia,Central Coast,Central Coast A,19779.25,138.0,129.0,203.0,149.0
British Columbia,Central Coast,Central Coast C,3963.65,556.0,588.0,653.0,661.0
British Columbia,Central Coast,Central Coast D,304.21,421.0,384.0,399.0,403.0
British Columbia,Central Coast,Central Coast E,359.53,135.0,95.0,148.0,162.0
British Columbia,Central Coast,Katit 1,6.04,85.0,63.0,90.0,77.0
British Columbia,Central Kootenay,Castlegar,19.87,7259.0,7816.0,8039.0,8338.0
British Columbia,Central Kootenay,Central Kootenay A,1689.12,2041.0,2030.0,1930.0,2241.0
British Columbia,Central Kootenay,Central Kootenay B,1615.1,4575.0,4464.0,4657.0,4802.0
British Columbia,Central Kootenay,Central Kootenay C,740.25,1284.0,1372.0,1472.0,1475.0
British Columbia,Central Kootenay,Central Kootenay D,5781.11,1525.0,1413.0,1343.0,1462.0
British Columbia,Central Kootenay,Central Kootenay E,807.99,3716.0,3781.0,3772.0,3897.0
British Columbia,Central Kootenay,Central Kootenay F,404.38,3730.0,3976.0,3963.0,4116.0
British Columbia,Central Kootenay,Central Kootenay G,1509.14,1605.0,1597.0,1623.0,1650.0
British Columbia,Central Kootenay,Central Kootenay H,3288.2,4319.0,4289.0,4655.0,5045.0
British Columbia,Central Kootenay,Central Kootenay I,109.48,2415.0,2570.0,2534.0,2607.0
British Columbia,Central Kootenay,Central Kootenay J,1693.07,2792.0,2996.0,3137.0,3517.0
British Columbia,Central Kootenay,Central Kootenay K,4377.01,1800.0,1759.0,1681.0,1784.0
British Columbia,Central Kootenay,Creston,8.41,4826.0,5306.0,5361.0,5583.0
British Columbia,Central Kootenay,Creston 1,7.55,124.0,113.0,112.0,93.0
British Columbia,Central Kootenay,Kaslo,3.01,1072.0,1026.0,968.0,1049.0
British Columbia,Central Kootenay,Nakusp,8.04,1524.0,1569.0,1605.0,1589.0
British Columbia,Central Kootenay,Nelson,11.93,9258.0,10230.0,10572.0,11106.0
British Columbia,Central Kootenay,New Denver,0.87,512.0,504.0,473.0,487.0
British Columbia,Central Kootenay,Salmo,2.44,1007.0,1139.0,1141.0,1140.0
British Columbia,Central Kootenay,Silverton,0.35,185.0,195.0,195.0,149.0
British Columbia,Central Kootenay,Slocan,0.78,314.0,296.0,289.0,379.0
British Columbia,Central Okanagan,Central Okanagan,1245.08,3650.0,3795.0,3814.0,4258.0
British Columbia,Central Okanagan,Central Okanagan West,1173.1,1758.0,1947.0,1991.0,2897.0
British Columbia,Central Okanagan,Duck Lake 7,2.01,1923.0,1917.0,1664.0,1847.0
British Columbia,Central Okanagan,Kelowna,211.85,107035.0,117312.0,127390.0,144576.0
British Columbia,Central Okanagan,Lake Country,122.16,9606.0,11708.0,12922.0,15817.0
British Columbia,Central Okanagan,Peachland,16.1,4883.0,5200.0,5428.0,5789.0
British Columbia,Central Okanagan,Tsinstikeptum 10,3.31,1036.0,1186.0,1416.0,1766.0
British Columbia,Central Okanagan,Tsinstikeptum 9,6.76,5171.0,5882.0,7612.0,9134.0
British Columbia,Central Okanagan,West Kelowna,122.09,27214.0,30892.0,32655.0,36078.0
British Columbia,Columbia-Shuswap,Chum Creek 2,2.77,78.0,51.0,41.0,53.0
British Columbia,Columbia-Shuswap,Columbia-Shuswap A,13434.86,3097.0,3065.0,3148.0,3325.0
British Columbia,Columbia-Shuswap,Columbia-Shuswap B,9763.8,706.0,552.0,583.0,663.0
British Columbia,Columbia-Shuswap,Columbia-Shuswap C,506.1,7695.0,7662.0,7921.0,8919.0
British Columbia,Columbia-Shuswap,Columbia-Shuswap D,693.67,3899.0,4047.0,4044.0,4400.0
British Columbia,Columbia-Shuswap,Columbia-Shuswap E,1530.03,1528.0,1335.0,1185.0,1388.0
British Columbia,Columbia-Shuswap,Columbia-Shuswap F,2652.05,2731.0,2368.0,2454.0,3200.0
British Columbia,Columbia-Shuswap,Golden,11.33,3811.0,3701.0,3708.0,3986.0
British Columbia,Columbia-Shuswap,Hustalen 1,9.14,73.0,26.0,31.0,44.0
British Columbia,Columbia-Shuswap,North Bay 5,3.66,66.0,75.0,51.0,45.0
British Columbia,Columbia-Shuswap,Okanagan (Part) 1,17.74,92.0,69.0,75.0,91.0
British Columbia,Columbia-Shuswap,Quaaout 1,17.1,186.0,234.0,171.0,284.0
British Columbia,Columbia-Shuswap,Revelstoke,41.28,7230.0,7139.0,7562.0,8275.0
British Columbia,Columbia-Shuswap,Salmon Arm,155.19,16012.0,17464.0,17706.0,19432.0
British Columbia,Columbia-Shuswap,Scotch Creek 4,7.94,15.0,19.0,20.0,30.0
British Columbia,Columbia-Shuswap,Sicamous,12.8,2676.0,2441.0,2429.0,2613.0
British Columbia,Columbia-Shuswap,Switsemalph,4.79,130.0,129.0,127.0,209.0
British Columbia,Columbia-Shuswap,Switsemalph 3,5.44,63.0,90.0,71.0,64.0
British Columbia,Comox Valley,Comox,16.87,12385.0,13627.0,14028.0,14806.0
British Columbia,Comox Valley,Comox 1,0.58,272.0,251.0,222.0,291.0
British Columbia,Comox Valley,Comox Valley A,491.34,6973.0,6899.0,7213.0,7926.0
British Columbia,Comox Valley,Comox Valley B (Lazo North),54.08,6970.0,6939.0,7095.0,7392.0
British Columbia,Comox Valley,Comox Valley C (Puntledge - Black Creek),1071.86,8099.0,8325.0,8577.0,9158.0
British Columbia,Comox Valley,Courtenay,32.42,22021.0,24099.0,25639.0,28420.0
British Columbia,Comox Valley,Cumberland,29.04,2762.0,3398.0,3753.0,4447.0
British Columbia,Comox Valley,Pentledge 2,0.83,0.0,0.0,0.0,5.0
British Columbia,Cowichan Valley,Chemainus 13,11.72,684.0,683.0,735.0,818.0
British Columbia,Cowichan Valley,Cowichan,23.15,1797.0,2337.0,2066.0,2420.0
British Columbia,Cowichan Valley,Cowichan Lake,0.43,15.0,33.0,21.0,20.0
British Columbia,Cowichan Valley,Cowichan Valley A,49.21,4073.0,4393.0,4733.0,4949.0
British Columbia,Cowichan Valley,Cowichan Valley B,306.08,7562.0,8127.0,8558.0,8994.0
British Columbia,Cowichan Valley,Cowichan Valley C,22.57,4530.0,4796.0,5019.0,5046.0
British Columbia,Cowichan Valley,Cowichan Valley D,15.53,2823.0,2971.0,3243.0,3530.0
British Columbia,Cowichan Valley,Cowichan Valley E,134.78,3878.0,3854.0,4121.0,4253.0
British Columbia,Cowichan Valley,Cowichan Valley F,1791.88,1685.0,1649.0,1629.0,1804.0
British Columbia,Cowichan Valley,Cowichan Valley G,286.9,2249.0,2221.0,2315.0,2442.0
British Columbia,Cowichan Valley,Cowichan Valley H,83.02,2269.0,2332.0,2446.0,2603.0
British Columbia,Cowichan Valley,Cowichan Valley I,505.51,1171.0,1111.0,1206.0,1423.0
British Columbia,Cowichan Valley,Duncan,2.06,4986.0,4932.0,4944.0,5047.0
British Columbia,Cowichan Valley,Est-Patrolas 4,0.32,15.0,41.0,23.0,26.0
British Columbia,Cowichan Valley,Halalt 2,1.2,152.0,160.0,168.0,156.0
British Columbia,Cowichan Valley,Kil-pah-las 3,0.22,5.0,0.0,0.0,0.0
British Columbia,Cowichan Valley,Ladysmith,12.04,7538.0,7921.0,8537.0,8990.0
British Columbia,Cowichan Valley,Lake Cowichan,8.24,3012.0,2974.0,3226.0,3325.0
British Columbia,Cowichan Valley,Malachan 11,0.57,199.0,162.0,158.0,178.0
British Columbia,Cowichan Valley,Malahat 11,2.45,90.0,102.0,143.0,165.0
British Columbia,Cowichan Valley,North Cowichan,195.41,27557.0,28807.0,29696.0,31990.0
British Columbia,Cowichan Valley,Oyster Bay 12,1.23,89.0,89.0,77.0,105.0
British Columbia,Cowichan Valley,Penelakut Island 7,9.12,361.0,446.0,452.0,513.0
British Columbia,Cowichan Valley,Portier Pass 5,0.02,0.0,0.0,0.0,0.0
British Columbia,Cowichan Valley,Shingle Point 4,0.4,0.0,0.0,0.0,0.0
British Columbia,Cowichan Valley,Squaw-Hay-One 11,0.33,43.0,40.0,35.0,29.0
British Columbia,Cowichan Valley,Theik 2,0.34,41.0,31.0,36.0,48.0
British Columbia,Cowichan Valley,Tsussie 6,0.13,73.0,88.0,103.0,82.0
British Columbia,Cowichan Valley,Tzart-Lam 5,0.07,32.0,32.0,39.0,27.0
British Columbia,East Kootenay,Canal Flats,11.07,700.0,715.0,668.0,802.0
British Columbia,East Kootenay,Cassimayooks (Mayook) 5,0.62,5.0,5.0,0.0,5.0
British Columbia,East Kootenay,Columbia Lake 3,36.02,153.0,131.0,140.0,149.0
British Columbia,East Kootenay,Cranbrook,31.97,18329.0,19319.0,20047.0,20499.0
British Columbia,East Kootenay,East Kootenay A,4598.88,1873.0,1899.0,1683.0,1875.0
British Columbia,East Kootenay,East Kootenay B,2781.15,1819.0,1746.0,1976.0,2011.0
British Columbia,East Kootenay,East Kootenay C,4528.65,5804.0,5713.0,6021.0,6536.0
British Columbia,East Kootenay,East Kootenay E,4254.44,1731.0,1634.0,1753.0,1686.0
British Columbia,East Kootenay,East Kootenay F,6091.91,2939.0,2635.0,2726.0,3521.0
British Columbia,East Kootenay,East Kootenay G,4656.39,1563.0,1412.0,1467.0,1654.0
British Columbia,East Kootenay,Elkford,108.12,2463.0,2523.0,2499.0,2749.0
British Columbia,East Kootenay,Fernie,15.11,4217.0,4448.0,5396.0,6320.0
British Columbia,East Kootenay,Invermere,10.75,3002.0,2955.0,3391.0,3917.0
British Columbia,East Kootenay,Isidore's Ranch 4,2.63,0.0,0.0,0.0,0.0
British Columbia,East Kootenay,Kimberley,60.51,6139.0,6652.0,7425.0,8115.0
British Columbia,East Kootenay,Kootenay 1,74.02,159.0,104.0,170.0,145.0
British Columbia,East Kootenay,Radium Hot Springs,6.34,735.0,777.0,776.0,1339.0
British Columbia,East Kootenay,Shuswap,11.14,169.0,293.0,314.0,319.0
British Columbia,East Kootenay,Sparwood,191.3,3618.0,3667.0,3784.0,4148.0
British Columbia,East Kootenay,Tobacco Plains 2,41.74,67.0,57.0,75.0,96.0
British Columbia,Fraser Valley,Abbotsford,375.33,124258.0,133497.0,141397.0,153524.0
British Columbia,Fraser Valley,Aitchelitch 9,0.21,15.0,18.0,15.0,45.0
British Columbia,Fraser Valley,Albert Flat 5,0.82,15.0,15.0,20.0,41.0
British Columbia,Fraser Valley,Boston Bar 1A,0.4,0.0,0.0,0.0,0.0
British Columbia,Fraser Valley,Bucktum 4,0.38,0.0,5.0,0.0,5.0
British Columbia,Fraser Valley,Chawathil 4,5.44,171.0,163.0,186.0,182.0
British Columbia,Fraser Valley,Cheam 1,3.5,205.0,223.0,202.0,207.0
British Columbia,Fraser Valley,Chehalis 5,8.5,560.0,537.0,537.0,500.0
British Columbia,Fraser Valley,Chilliwack,261.34,69217.0,77936.0,83788.0,93203.0
British Columbia,Fraser Valley,Douglas 8,3.81,10.0,10.0,67.0,66.0
British Columbia,Fraser Valley,Fraser Valley A,2325.06,478.0,442.0,405.0,495.0
British Columbia,Fraser Valley,Fraser Valley B,3085.22,796.0,721.0,892.0,869.0
British Columbia,Fraser Valley,Fraser Valley C,3662.73,952.0,973.0,1023.0,1133.0
British Columbia,Fraser Valley,Fraser Valley D,219.38,1296.0,1346.0,1529.0,2092.0
British Columbia,Fraser Valley,Fraser Valley E,640.29,3481.0,3358.0,1540.0,1568.0
British Columbia,Fraser Valley,Fraser Valley F,2015.06,1339.0,1303.0,1293.0,1384.0
British Columbia,Fraser Valley,Fraser Valley G,96.81,1914.0,1764.0,1776.0,1692.0
British Columbia,Fraser Valley,Harrison Hot Springs,5.49,1573.0,1468.0,1468.0,1905.0
British Columbia,Fraser Valley,Holachten 8,1.31,266.0,316.0,300.0,330.0
British Columbia,Fraser Valley,Hope,40.87,6185.0,5969.0,6181.0,6686.0
British Columbia,Fraser Valley,Inkahtsaph 6,2.02,5.0,0.0,0.0,0.0
British Columbia,Fraser Valley,Kahmoose 4,0.22,73.0,88.0,65.0,5.0
British Columbia,Fraser Valley,Kent,168.59,4738.0,5664.0,6067.0,6300.0
British Columbia,Fraser Valley,Kopchitchin 2,1.48,32.0,32.0,42.0,41.0
British Columbia,Fraser Valley,Kwawkwawapilt 6,0.72,351.0,342.0,324.0,295.0
British Columbia,Fraser Valley,Lakahahmen 11,0.4,214.0,185.0,177.0,170.0
British Columbia,Fraser Valley,Lukseetsissum 9,0.65,20.0,21.0,18.0,52.0
British Columbia,Fraser Valley,Matsqui Main 2,1.36,75.0,81.0,110.0,119.0
British Columbia,Fraser Valley,Mission,226.98,34505.0,36426.0,38554.0,41519.0
British Columbia,Fraser Valley,Ohamil 1,1.73,89.0,77.0,90.0,150.0
British Columbia,Fraser Valley,Paqulh,0.25,10.0,0.0,0.0,0.0
British Columbia,Fraser Valley,Popkum 1,1.45,15.0,5.0,10.0,0.0
British Columbia,Fraser Valley,Puckatholetchin 11,2.37,5.0,5.0,5.0,10.0
British Columbia,Fraser Valley,Q'alatkú7em,0.31,71.0,84.0,80.0,50.0
British Columbia,Fraser Valley,Sachteen,0.35,0.0,5.0,10.0,5.0
British Columbia,Fraser Valley,Saddle Rock 9,0.37,0.0,0.0,0.0,0.0
British Columbia,Fraser Valley,Schelowat 1,0.96,5.0,10.0,10.0,5.0
British Columbia,Fraser Valley,Schkam 2,0.88,138.0,132.0,131.0,62.0
British Columbia,Fraser Valley,Scowlitz 1,0.87,10.0,10.0,10.0,5.0
British Columbia,Fraser Valley,Seabird Island,16.61,548.0,594.0,767.0,800.0
British Columbia,Fraser Valley,Skawahlook 1,0.5,19.0,0.0,0.0,10.0
British Columbia,Fraser Valley,Skookumchuck 4,2.16,72.0,94.0,85.0,30.0
British Columbia,Fraser Valley,Skowkale,0.72,638.0,795.0,841.0,983.0
British Columbia,Fraser Valley,Skwah 4,1.16,230.0,216.0,192.0,245.0
British Columbia,Fraser Valley,Skwali 3,1.35,10.0,10.0,10.0,0.0
British Columbia,Fraser Valley,Skway 5,2.59,89.0,98.0,84.0,89.0
British Columbia,Fraser Valley,Skweahm 10,0.72,304.0,292.0,213.0,228.0
British Columbia,Fraser Valley,Soowahlie 14,4.57,211.0,187.0,247.0,255.0
British Columbia,Fraser Valley,Speyum 3,1.67,0.0,0.0,5.0,0.0
British Columbia,Fraser Valley,Spuzzum 1,1.34,20.0,32.0,39.0,55.0
British Columbia,Fraser Valley,Squawkum Creek 3,1.58,97.0,108.0,116.0,130.0
British Columbia,Fraser Valley,Squiaala,1.35,114.0,80.0,136.0,158.0
British Columbia,Fraser Valley,Stullawheets 8,0.51,54.0,48.0,51.0,76.0
British Columbia,Fraser Valley,Tseatah 2,1.04,10.0,16.0,23.0,15.0
British Columbia,Fraser Valley,Tuckkwiowhum 1,0.4,34.0,36.0,34.0,31.0
British Columbia,Fraser Valley,Tzeachten 13,2.64,1188.0,1467.0,2358.0,3089.0
British Columbia,Fraser Valley,Upper Sumas 6,2.56,182.0,187.0,178.0,232.0
British Columbia,Fraser Valley,Yakweakwioose 12,0.21,37.0,39.0,44.0,49.0
British Columbia,Fraser Valley,Yale Town 1,0.1,10.0,10.0,10.0,5.0
British Columbia,Fraser-Fort George,Fort George 2,5.23,107.0,80.0,105.0,84.0
British Columbia,Fraser-Fort George,Fraser-Fort George A,1371.79,3275.0,3362.0,3463.0,3471.0
British Columbia,Fraser-Fort George,Fraser-Fort George C,2802.33,3217.0,3434.0,3527.0,3603.0
British Columbia,Fraser-Fort George,Fraser-Fort George D,667.61,4361.0,4175.0,4278.0,4375.0
British Columbia,Fraser-Fort George,Fraser-Fort George E,614.2,502.0,479.0,526.0,533.0
British Columbia,Fraser-Fort George,Fraser-Fort George F,12487.29,1284.0,1207.0,1246.0,1249.0
British Columbia,Fraser-Fort George,Fraser-Fort George G,17214.6,349.0,317.0,334.0,365.0
British Columbia,Fraser-Fort George,Fraser-Fort George H,14926.73,1877.0,1665.0,1586.0,1589.0
British Columbia,Fraser-Fort George,Mackenzie,154.19,4539.0,3507.0,3714.0,3281.0
British Columbia,Fraser-Fort George,McBride,4.62,660.0,586.0,616.0,588.0
British Columbia,Fraser-Fort George,McLeod Lake 1,10.23,94.0,73.0,87.0,81.0
British Columbia,Fraser-Fort George,Prince George,316.74,70981.0,71974.0,74003.0,76708.0
British Columbia,Fraser-Fort George,Valemount,5.16,1018.0,1020.0,1021.0,1052.0
British Columbia,Greater Vancouver,Anmore,27.53,1785.0,2092.0,2210.0,2356.0
British Columbia,Greater Vancouver,Belcarra,5.5,676.0,644.0,643.0,687.0
British Columbia,Greater Vancouver,Bowen Island,50.12,3362.0,3402.0,3680.0,4256.0
British Columbia,Greater Vancouver,Burnaby,90.57,202799.0,223218.0,232755.0,249125.0
British Columbia,Greater Vancouver,Burrard Inlet 3,1.12,1405.0,1472.0,2141.0,2373.0
British Columbia,Greater Vancouver,Capilano 5,1.72,2492.0,2700.0,2931.0,2899.0
British Columbia,Greater Vancouver,Coquitlam,122.15,114565.0,126456.0,139284.0,148625.0
British Columbia,Greater Vancouver,Coquitlam 1,0.03,24.0,39.0,54.0,55.0
British Columbia,Greater Vancouver,Coquitlam 2,0.81,5.0,5.0,0.0,0.0
British Columbia,Greater Vancouver,Delta,179.66,96635.0,99863.0,102238.0,108455.0
British Columbia,Greater Vancouver,Katzie 1,0.42,246.0,229.0,262.0,244.0
British Columbia,Greater Vancouver,Katzie 2,0.31,37.0,0.0,40.0,26.0
British Columbia,Greater Vancouver,Langley,307.22,93726.0,104177.0,117285.0,132603.0
British Columbia,Greater Vancouver,Langley,10.18,23606.0,25081.0,25888.0,28963.0
British Columbia,Greater Vancouver,Lions Bay,2.53,1328.0,1318.0,1334.0,1390.0
British Columbia,Greater Vancouver,Maple Ridge,267.82,68949.0,76052.0,82256.0,90990.0
British Columbia,Greater Vancouver,Matsqui 4,0.28,426.0,498.0,471.0,456.0
British Columbia,Greater Vancouver,McMillan Island 6,1.78,63.0,68.0,94.0,96.0
British Columbia,Greater Vancouver,Metro Vancouver A,815.21,11050.0,13035.0,16133.0,18612.0
British Columbia,Greater Vancouver,Mission 1,0.28,569.0,574.0,576.0,570.0
British Columbia,Greater Vancouver,Musqueam 2,1.84,1371.0,1569.0,1652.0,1646.0
British Columbia,Greater Vancouver,Musqueam 4,0.53,5.0,5.0,10.0,10.0
British Columbia,Greater Vancouver,New Westminster,15.62,58549.0,65976.0,70996.0,78916.0
British Columbia,Greater Vancouver,North Vancouver,160.66,82562.0,84412.0,85649.0,88168.0
British Columbia,Greater Vancouver,North Vancouver,11.83,45165.0,48196.0,52898.0,58120.0
British Columbia,Greater Vancouver,Pitt Meadows,86.34,15623.0,17736.0,18573.0,19146.0
British Columbia,Greater Vancouver,Port Coquitlam,29.16,52687.0,56342.0,58612.0,61498.0
British Columbia,Greater Vancouver,Port Moody,25.85,27512.0,32975.0,33551.0,33535.0
British Columbia,Greater Vancouver,Richmond,128.87,174461.0,190473.0,198309.0,209937.0
British Columbia,Greater Vancouver,Semiahmoo,1.32,109.0,108.0,120.0,71.0
British Columbia,Greater Vancouver,Seymour Creek 2,0.49,75.0,107.0,123.0,105.0
British Columbia,Greater Vancouver,Surrey,316.11,394976.0,468251.0,517887.0,568322.0
British Columbia,Greater Vancouver,Tsawwassen,6.57,762.0,720.0,816.0,2256.0
British Columbia,Greater Vancouver,Vancouver,115.18,578041.0,603502.0,631486.0,662248.0
British Columbia,Greater Vancouver,West Vancouver,87.18,42131.0,42694.0,42473.0,44122.0
British Columbia,Greater Vancouver,White Rock,5.17,18755.0,19339.0,19952.0,21939.0
British Columbia,Greater Vancouver,Whonnock 1,0.39,0.0,0.0,0.0,5.0
British Columbia,Kitimat-Stikine,Babine 17,1.14,154.0,175.0,111.0,87.0
British Columbia,Kitimat-Stikine,Bulkley River 19,2.23,36.0,38.0,128.0,174.0
British Columbia,Kitimat-Stikine,Coryatsaqua (Moricetown) 2,1.43,170.0,88.0,86.0,80.0
British Columbia,Kitimat-Stikine,Dease Lake 9,1.05,68.0,58.0,54.0,54.0
British Columbia,Kitimat-Stikine,Gitanmaax 1,10.48,723.0,627.0,630.0,560.0
British Columbia,Kitimat-Stikine,Gitanyow 1,5.01,387.0,383.0,434.0,408.0
British Columbia,Kitimat-Stikine,Gitsegukla 1,10.98,721.0,448.0,427.0,444.0
British Columbia,Kitimat-Stikine,Gitwangak 1,17.62,465.0,500.0,430.0,450.0
British Columbia,Kitimat-Stikine,Guhthe Tah 12,0.31,173.0,157.0,148.0,142.0
British Columbia,Kitimat-Stikine,Hagwilget 1,1.26,229.0,238.0,191.0,183.0
British Columbia,Kitimat-Stikine,Hazelton,2.89,293.0,270.0,313.0,257.0
British Columbia,Kitimat-Stikine,Iskut 6,0.58,335.0,207.0,295.0,478.0
British Columbia,Kitimat-Stikine,Kispiox 1,12.31,617.0,536.0,599.0,578.0
British Columbia,Kitimat-Stikine,Kitamaat 2,1.51,514.0,514.0,525.0,507.0
British Columbia,Kitimat-Stikine,Kitasoo 1,3.09,282.0,322.0,292.0,217.0
British Columbia,Kitimat-Stikine,Kitimat,239.28,8987.0,8335.0,8131.0,8236.0
British Columbia,Kitimat-Stikine,Kitimat-Stikine A,25253.67,46.0,35.0,20.0,48.0
British Columbia,Kitimat-Stikine,Kitimat-Stikine B,7382.17,1618.0,1507.0,1473.0,1455.0
British Columbia,Kitimat-Stikine,Kitimat-Stikine C (Part 1),9635.77,2822.0,2696.0,2834.0,2978.0
British Columbia,Kitimat-Stikine,Kitimat-Stikine C (Part 2),17986.66,5.0,5.0,5.0,0.0
British Columbia,Kitimat-Stikine,Kitimat-Stikine D,28105.99,91.0,248.0,99.0,74.0
British Columbia,Kitimat-Stikine,Kitimat-Stikine E,16.49,4002.0,3988.0,3993.0,3932.0
British Columbia,Kitimat-Stikine,Kitimat-Stikine F,12956.41,409.0,328.0,360.0,326.0
British Columbia,Kitimat-Stikine,Kitselas 1,4.74,78.0,220.0,269.0,291.0
British Columbia,Kitimat-Stikine,Kitsumkaylum 1,4.86,251.0,302.0,334.0,315.0
British Columbia,Kitimat-Stikine,Kshish 4,2.59,10.0,0.0,0.0,0.0
British Columbia,Kitimat-Stikine,Kulspai 6,0.07,98.0,95.0,87.0,73.0
British Columbia,Kitimat-Stikine,Moricetown 1,5.73,227.0,259.0,306.0,253.0
British Columbia,Kitimat-Stikine,New Hazelton,24.34,627.0,666.0,580.0,602.0
British Columbia,Kitimat-Stikine,Nisga'a,2001.25,1919.0,1909.0,1880.0,1794.0
British Columbia,Kitimat-Stikine,Sik-e-dakh 2,4.4,225.0,222.0,236.0,209.0
British Columbia,Kitimat-Stikine,Stewart,551.57,496.0,494.0,401.0,517.0
British Columbia,Kitimat-Stikine,Tahltan 1,1.55,0.0,0.0,0.0,0.0
British Columbia,Kitimat-Stikine,Telegraph Creek,0.49,78.0,5.0,53.0,51.0
British Columbia,Kitimat-Stikine,Terrace,57.33,11320.0,11486.0,11643.0,12017.0
British Columbia,Kootenay Boundary,Fruitvale,2.7,1952.0,2016.0,1920.0,1958.0
British Columbia,Kootenay Boundary,Grand Forks,10.37,4036.0,3985.0,4049.0,4112.0
British Columbia,Kootenay Boundary,Greenwood,2.42,625.0,708.0,665.0,702.0
British Columbia,Kootenay Boundary,Kootenay Boundary A,238.18,1989.0,1845.0,1891.0,1624.0
British Columbia,Kootenay Boundary,Kootenay Boundary B / Lower Columbia-Old-Glory,776.31,1418.0,1395.0,1442.0,1422.0
British Columbia,Kootenay Boundary,Kootenay Boundary C / Christina Lake,529.57,1435.0,1391.0,1337.0,1627.0
British Columbia,Kootenay Boundary,Kootenay Boundary D / Rural Grand Forks,2117.85,3176.0,3187.0,3225.0,3226.0
British Columbia,Kootenay Boundary,Kootenay Boundary E / West Boundary,4293.14,2234.0,1970.0,2155.0,3004.0
British Columbia,Kootenay Boundary,Midway,12.23,621.0,674.0,649.0,651.0
British Columbia,Kootenay Boundary,Montrose,1.46,1012.0,1030.0,996.0,1013.0
British Columbia,Kootenay Boundary,Rossland,59.72,3278.0,3556.0,3729.0,4140.0
British Columbia,Kootenay Boundary,Trail,34.9,7237.0,7681.0,7709.0,7920.0
British Columbia,Kootenay Boundary,Warfield,1.89,1729.0,1700.0,1680.0,1753.0
British Columbia,Mount Waddington,Alert Bay,1.69,456.0,445.0,479.0,449.0
British Columbia,Mount Waddington,Alert Bay,2.5,485.0,537.0,460.0,382.0
British Columbia,Mount Waddington,Dead Point 5,0.42,0.0,10.0,10.0,22.0
British Columbia,Mount Waddington,Fort Rupert 1,0.05,5.0,46.0,27.0,58.0
British Columbia,Mount Waddington,Gwayasdums 1,0.32,40.0,38.0,27.0,38.0
British Columbia,Mount Waddington,Hope Island 1,36.65,5.0,15.0,0.0,0.0
British Columbia,Mount Waddington,Hopetown 10A,0.03,0.0,0.0,0.0,0.0
British Columbia,Mount Waddington,Kippase 2,0.14,271.0,211.0,228.0,220.0
British Columbia,Mount Waddington,Mount Waddington A,12666.41,1119.0,981.0,724.0,695.0
British Columbia,Mount Waddington,Mount Waddington B,2579.6,150.0,81.0,60.0,35.0
British Columbia,Mount Waddington,Mount Waddington C,1505.03,736.0,756.0,750.0,764.0
British Columbia,Mount Waddington,Mount Waddington D,3331.05,304.0,272.0,394.0,371.0
British Columbia,Mount Waddington,Port Alice,7.03,821.0,805.0,664.0,739.0
British Columbia,Mount Waddington,Port Hardy,38.55,3822.0,4008.0,4132.0,3902.0
British Columbia,Mount Waddington,Port McNeill,13.77,2623.0,2505.0,2337.0,2356.0
British Columbia,Mount Waddington,Quaee 7,2.05,148.0,91.0,78.0,111.0
British Columbia,Mount Waddington,Quatsino Subdivision 18,0.24,234.0,214.0,224.0,246.0
British Columbia,Mount Waddington,Thomas Point 5,0.19,0.0,0.0,0.0,0.0
British Columbia,Mount Waddington,Tsulquate 4,0.6,432.0,491.0,431.0,451.0
British Columbia,Nanaimo,Lantzville,27.68,3661.0,3601.0,3605.0,3817.0
British Columbia,Nanaimo,Nanaimo,90.45,78692.0,83810.0,90504.0,99863.0
British Columbia,Nanaimo,Nanaimo A,60.18,6751.0,6908.0,7058.0,7481.0
British Columbia,Nanaimo,Nanaimo B,58.02,4050.0,4045.0,4033.0,4500.0
British Columbia,Nanaimo,Nanaimo C,1097.77,2508.0,2834.0,2808.0,3344.0
British Columbia,Nanaimo,Nanaimo E,74.83,5462.0,5674.0,6125.0,6765.0
British Columbia,Nanaimo,Nanaimo F,264.11,6680.0,7422.0,7724.0,8216.0
British Columbia,Nanaimo,Nanaimo G,49.31,7023.0,7158.0,7526.0,8109.0
British Columbia,Nanaimo,Nanaimo H,277.14,3474.0,3509.0,3884.0,4291.0
British Columbia,Nanaimo,Nanaimo River,2.29,279.0,287.0,371.0,323.0
British Columbia,Nanaimo,Nanaimo Town 1,0.2,279.0,377.0,360.0,386.0
British Columbia,Nanaimo,Nanoose,0.71,191.0,204.0,230.0,245.0
British Columbia,Nanaimo,Parksville,14.52,10993.0,11977.0,12453.0,13642.0
British Columbia,Nanaimo,Qualicum,0.74,86.0,81.0,74.0,82.0
British Columbia,Nanaimo,Qualicum Beach,17.98,8502.0,8687.0,8943.0,9303.0
British Columbia,North Okanagan,Armstrong,5.22,4241.0,4815.0,5114.0,5323.0
British Columbia,North Okanagan,Coldstream,66.57,9471.0,10314.0,10648.0,11171.0
British Columbia,North Okanagan,Enderby,4.26,2828.0,2932.0,2964.0,3028.0
British Columbia,North Okanagan,Enderby 2,22.99,353.0,390.0,316.0,440.0
British Columbia,North Okanagan,Harris 3,0.51,5.0,5.0,5.0,0.0
British Columbia,North Okanagan,Lumby,5.93,1634.0,1731.0,1833.0,2063.0
British Columbia,North Okanagan,North Okanagan B,487.8,3211.0,3046.0,3203.0,3274.0
British Columbia,North Okanagan,North Okanagan C,300.14,3912.0,3872.0,3870.0,4511.0
British Columbia,North Okanagan,North Okanagan D,1790.98,2837.0,2848.0,2672.0,2909.0
British Columbia,North Okanagan,North Okanagan E,2604.05,934.0,939.0,1010.0,1092.0
British Columbia,North Okanagan,North Okanagan F,1767.29,4091.0,3938.0,4000.0,4362.0
British Columbia,North Okanagan,Okanagan (Part) 1,89.79,2192.0,2604.0,2859.0,3244.0
British Columbia,North Okanagan,Priest's Valley 6,0.36,653.0,598.0,628.0,367.0
British Columbia,North Okanagan,Spallumcheen,254.92,4960.0,5055.0,5106.0,5307.0
British Columbia,North Okanagan,Vernon,96.43,35979.0,38150.0,40116.0,44519.0
British Columbia,Northern Rockies,Fontas 1,0.13,0.0,5.0,5.0,5.0
British Columbia,Northern Rockies,Fort Nelson 2,95.58,359.0,457.0,425.0,419.0
British Columbia,Northern Rockies,Kahntah 3,0.08,0.0,0.0,0.0,0.0
British Columbia,Northern Rockies,Northern Rockies,84759.31,5702.0,4987.0,4862.0,3947.0
British Columbia,Northern Rockies,Prophet River 4,3.79,86.0,129.0,101.0,107.0
British Columbia,Okanagan-Similkameen,Alexis 9,1.88,5.0,25.0,10.0,10.0
British Columbia,Okanagan-Similkameen,Ashnola 10,35.91,38.0,73.0,83.0,58.0
British Columbia,Okanagan-Similkameen,Blind Creek 6,1.58,21.0,25.0,26.0,26.0
British Columbia,Okanagan-Similkameen,Chopaka 7 & 8,16.98,54.0,70.0,81.0,86.0
British Columbia,Okanagan-Similkameen,Chuchuwayha 2,21.38,64.0,76.0,58.0,86.0
British Columbia,Okanagan-Similkameen,Keremeos,2.09,1289.0,1330.0,1502.0,1608.0
British Columbia,Okanagan-Similkameen,Lower Similkameen 2,12.98,47.0,50.0,58.0,76.0
British Columbia,Okanagan-Similkameen,Okanagan-Similkameen A,258.04,1921.0,1892.0,1858.0,2139.0
British Columbia,Okanagan-Similkameen,Okanagan-Similkameen B,238.78,1082.0,1140.0,1047.0,1151.0
British Columbia,Okanagan-Similkameen,Okanagan-Similkameen C,444.75,3874.0,3473.0,3557.0,3986.0
British Columbia,Okanagan-Similkameen,Okanagan-Similkameen D,583.93,5913.0,5717.0,3757.0,4016.0
British Columbia,Okanagan-Similkameen,Okanagan-Similkameen E,491.9,2010.0,1844.0,1903.0,2015.0
British Columbia,Okanagan-Similkameen,Okanagan-Similkameen F,568.86,2011.0,2100.0,2014.0,2092.0
British Columbia,Okanagan-Similkameen,Okanagan-Similkameen G,2110.68,2308.0,2314.0,2134.0,2298.0
British Columbia,Okanagan-Similkameen,Okanagan-Similkameen H,4757.22,2105.0,1768.0,1933.0,2232.0
British Columbia,Okanagan-Similkameen,Oliver,5.49,4395.0,4824.0,4928.0,5094.0
British Columbia,Okanagan-Similkameen,Osoyoos,8.41,4752.0,4845.0,5050.0,5556.0
British Columbia,Okanagan-Similkameen,Osoyoos 1,130.34,599.0,628.0,762.0,1426.0
British Columbia,Okanagan-Similkameen,Penticton,43.03,31909.0,32877.0,33761.0,36885.0
British Columbia,Okanagan-Similkameen,Penticton 1,194.55,1470.0,1667.0,1783.0,2080.0
British Columbia,Okanagan-Similkameen,Princeton,59.28,2780.0,2724.0,2828.0,2894.0
British Columbia,Okanagan-Similkameen,Summerland,74.04,10828.0,11280.0,11615.0,12042.0
British Columbia,Peace River,Blueberry River 205,13.13,187.0,210.0,197.0,145.0
British Columbia,Peace River,Chetwynd,63.55,2633.0,2635.0,2503.0,2302.0
British Columbia,Peace River,Dawson Creek,26.72,10994.0,11583.0,12178.0,12323.0
British Columbia,Peace River,Doig River 206,11.35,124.0,120.0,118.0,85.0
British Columbia,Peace River,East Moberly Lake 169,31.08,275.0,324.0,381.0,297.0
British Columbia,Peace River,Fort St. John,32.67,17402.0,18609.0,20260.0,21465.0
British Columbia,Peace River,Fort Ware 1,3.62,239.0,250.0,332.0,242.0
British Columbia,Peace River,Halfway River 168,40.27,102.0,170.0,172.0,247.0
British Columbia,Peace River,Hudson's Hope,826.7,1012.0,970.0,1015.0,841.0
British Columbia,Peace River,Ingenika Point,5.56,0.0,102.0,234.0,0.0
British Columbia,Peace River,Peace River B,85959.79,5538.0,5552.0,5628.0,5379.0
British Columbia,Peace River,Peace River C,568.14,6350.0,6398.0,6667.0,5947.0
British Columbia,Peace River,Peace River D,11688.01,5749.0,5479.0,5920.0,4793.0
British Columbia,Peace River,Peace River E,16336.91,3031.0,2764.0,2949.0,2660.0
British Columbia,Peace River,Pouce Coupe,2.06,739.0,738.0,792.0,762.0
British Columbia,Peace River,Taylor,16.92,1384.0,1373.0,1469.0,1317.0
British Columbia,Peace River,Tumbler Ridge,1557.41,2454.0,2710.0,1987.0,2399.0
British Columbia,Peace River,West Moberly Lake 168A,19.09,51.0,95.0,140.0,99.0
British Columbia,Powell River,Powell River,28.91,12957.0,13165.0,13157.0,13943.0
British Columbia,Powell River,Sechelt (Part),0.24,17.0,22.0,21.0,21.0
British Columbia,Powell River,Sliammon 1,8.14,682.0,730.0,707.0,797.0
British Columbia,Powell River,qathet A,3886.89,914.0,1008.0,1105.0,1250.0
British Columbia,Powell River,qathet B,128.61,1489.0,1488.0,1541.0,1664.0
British Columbia,Powell River,qathet C,642.05,2074.0,2014.0,2064.0,2197.0
British Columbia,Powell River,qathet D,299.75,1107.0,1053.0,1076.0,1126.0
British Columbia,Powell River,qathet E,73.32,359.0,426.0,399.0,498.0
British Columbia,Skeena-Queen Charlotte,Dolphin Island 1,15.09,417.0,405.0,353.0,295.0
British Columbia,Skeena-Queen Charlotte,Kulkayu (Hartley Bay) 4,1.14,157.0,20.0,52.0,58.0
British Columbia,Skeena-Queen Charlotte,Lax Kw'alaams 1,108.84,679.0,678.0,646.0,627.0
British Columbia,Skeena-Queen Charlotte,Masset,20.69,940.0,884.0,793.0,838.0
British Columbia,Skeena-Queen Charlotte,Masset 1,3.16,694.0,614.0,555.0,475.0
British Columbia,Skeena-Queen Charlotte,North Coast A,2928.16,52.0,29.0,41.0,45.0
British Columbia,Skeena-Queen Charlotte,North Coast C,6484.78,37.0,147.0,85.0,31.0
British Columbia,Skeena-Queen Charlotte,North Coast D,6418.04,607.0,524.0,468.0,580.0
British Columbia,Skeena-Queen Charlotte,North Coast E,3408.85,402.0,317.0,340.0,325.0
British Columbia,Skeena-Queen Charlotte,Port Clements,13.07,440.0,378.0,282.0,340.0
British Columbia,Skeena-Queen Charlotte,Port Edward,167.16,577.0,544.0,467.0,470.0
British Columbia,Skeena-Queen Charlotte,Prince Rupert,66.0,12815.0,12508.0,12220.0,12300.0
British Columbia,Skeena-Queen Charlotte,Queen Charlotte,35.58,948.0,944.0,884.0,964.0
British Columbia,Skeena-Queen Charlotte,Skidegate 1,5.12,781.0,709.0,837.0,697.0
British Columbia,Squamish-Lillooet,Bridge River 1,39.02,208.0,236.0,241.0,242.0
British Columbia,Squamish-Lillooet,Cayoosh Creek 1,1.58,52.0,54.0,66.0,66.0
British Columbia,Squamish-Lillooet,Cheakamus 11,18.81,82.0,56.0,57.0,95.0
British Columbia,Squamish-Lillooet,Chilhil 6,2.54,51.0,70.0,70.0,63.0
British Columbia,Squamish-Lillooet,Fountain 1,1.38,165.0,130.0,111.0,93.0
British Columbia,Squamish-Lillooet,Fountain 10,0.97,0.0,5.0,5.0,5.0
British Columbia,Squamish-Lillooet,Fountain 11,0.22,10.0,0.0,0.0,0.0
British Columbia,Squamish-Lillooet,Fountain 12,0.3,5.0,15.0,10.0,10.0
British Columbia,Squamish-Lillooet,Fountain 1B,0.85,0.0,51.0,73.0,63.0
British Columbia,Squamish-Lillooet,Fountain 3,2.84,5.0,10.0,10.0,10.0
British Columbia,Squamish-Lillooet,Fountain Creek 8,0.23,5.0,5.0,0.0,0.0
British Columbia,Squamish-Lillooet,Kowtain 17,0.24,34.0,37.0,35.0,59.0
British Columbia,Squamish-Lillooet,Lillooet,27.63,2324.0,2322.0,2275.0,2302.0
British Columbia,Squamish-Lillooet,Lillooet 1,3.78,195.0,222.0,243.0,285.0
British Columbia,Squamish-Lillooet,McCartney's Flat 4,1.81,49.0,32.0,26.0,24.0
British Columbia,Squamish-Lillooet,Mission 5,0.26,51.0,25.0,23.0,19.0
British Columbia,Squamish-Lillooet,Mount Currie,24.05,1181.0,1306.0,1285.0,1242.0
British Columbia,Squamish-Lillooet,Necait 6,0.37,16.0,16.0,20.0,5.0
British Columbia,Squamish-Lillooet,Nequatque,1.97,174.0,292.0,164.0,155.0
British Columbia,Squamish-Lillooet,Nesikep 6,5.6,0.0,5.0,10.0,5.0
British Columbia,Squamish-Lillooet,Nesuch 3,4.74,116.0,110.0,138.0,95.0
British Columbia,Squamish-Lillooet,Pashilqua 2,3.13,39.0,30.0,45.0,57.0
British Columbia,Squamish-Lillooet,Pavilion 1,9.42,56.0,51.0,52.0,48.0
British Columbia,Squamish-Lillooet,Pemberton,61.36,2192.0,2369.0,2574.0,3407.0
British Columbia,Squamish-Lillooet,Seaichem 16,0.03,54.0,53.0,51.0,15.0
British Columbia,Squamish-Lillooet,Seton Lake 5,0.02,5.0,5.0,0.0,0.0
British Columbia,Squamish-Lillooet,Slosh 1,7.0,227.0,223.0,152.0,215.0
British Columbia,Squamish-Lillooet,Squamish,104.71,14949.0,17158.0,19497.0,23819.0
British Columbia,Squamish-Lillooet,Squamish-Lillooet A,3712.38,207.0,224.0,187.0,305.0
British Columbia,Squamish-Lillooet,Squamish-Lillooet B,3463.88,575.0,359.0,383.0,373.0
British Columbia,Squamish-Lillooet,Squamish-Lillooet C,5513.22,1887.0,1804.0,1663.0,2000.0
British Columbia,Squamish-Lillooet,Squamish-Lillooet D,3040.2,839.0,836.0,1057.0,1057.0
British Columbia,Squamish-Lillooet,Stawamus 24,0.26,96.0,97.0,107.0,98.0
British Columbia,Squamish-Lillooet,Towinock 2,0.88,5.0,5.0,5.0,16.0
British Columbia,Squamish-Lillooet,Waiwakum 14,0.17,103.0,111.0,175.0,224.0
British Columbia,Squamish-Lillooet,Whistler,240.0,9248.0,9824.0,11746.0,13982.0
British Columbia,Squamish-Lillooet,Yekwaupsum 18,0.02,20.0,23.0,28.0,17.0
British Columbia,Stikine,Five Mile Point 3,7.86,95.0,49.0,114.0,83.0
British Columbia,Stikine,Good Hope Lake,0.47,32.0,0.0,0.0,0.0
British Columbia,Stikine,Liard River 3,2.88,0.0,58.0,66.0,114.0
British Columbia,Stikine,Lower Post,0.15,113.0,105.0,25.0,5.0
British Columbia,Stikine,Stikine Region,118395.89,373.0,402.0,455.0,424.0
British Columbia,Stikine,Unnamed 10,0.03,19.0,15.0,28.0,18.0
British Columbia,Strathcona,Ahaminaquus 12,0.18,0.0,0.0,0.0,0.0
British Columbia,Strathcona,Campbell River,144.38,29572.0,31186.0,33007.0,35519.0
British Columbia,Strathcona,Campbell River 11,1.02,381.0,424.0,381.0,506.0
British Columbia,Strathcona,Cape Mudge 10,4.94,175.0,143.0,147.0,145.0
British Columbia,Strathcona,Chenahkint 12,0.24,10.0,0.0,0.0,0.0
British Columbia,Strathcona,Ehatis 11,0.23,79.0,70.0,88.0,91.0
British Columbia,Strathcona,Gold River,10.92,1362.0,1267.0,1212.0,1246.0
British Columbia,Strathcona,Homalco 9,0.78,220.0,203.0,202.0,214.0
British Columbia,Strathcona,Houpsitas 6,0.14,182.0,182.0,181.0,157.0
British Columbia,Strathcona,Oclucje 7,0.12,54.0,30.0,30.0,29.0
British Columbia,Strathcona,Quinsam 12,1.41,208.0,246.0,294.0,312.0
British Columbia,Strathcona,Sayward,4.44,341.0,317.0,311.0,334.0
British Columbia,Strathcona,Squirrel Cove 8,0.17,5.0,0.0,0.0,0.0
British Columbia,Strathcona,Strathcona A,7111.01,829.0,807.0,764.0,864.0
British Columbia,Strathcona,Strathcona B,135.55,1042.0,1007.0,1035.0,1059.0
British Columbia,Strathcona,Strathcona C,9229.03,2472.0,2601.0,2431.0,2737.0
British Columbia,Strathcona,Strathcona D (Oyster Bay - Buttle Lake),1584.07,4326.0,4037.0,3977.0,4153.0
British Columbia,Strathcona,Tahsis,5.26,366.0,316.0,248.0,393.0
British Columbia,Strathcona,Tork 7,2.63,74.0,47.0,64.0,60.0
British Columbia,Strathcona,Tsa Xana 18,1.83,221.0,234.0,187.0,205.0
British Columbia,Strathcona,Village Island 1,0.55,0.0,0.0,0.0,0.0
British Columbia,Strathcona,Yuquot 1,0.81,5.0,10.0,5.0,0.0
British Columbia,Strathcona,Zeballos,1.55,189.0,125.0,107.0,126.0
British Columbia,Sunshine Coast,Chekwelp 26,0.13,20.0,0.0,0.0,0.0
British Columbia,Sunshine Coast,Gibsons,4.31,4182.0,4437.0,4605.0,4758.0
British Columbia,Sunshine Coast,Sechelt,39.02,8454.0,9291.0,10216.0,10847.0
British Columbia,Sunshine Coast,Sechelt (Part),10.79,827.0,797.0,676.0,744.0
British Columbia,Sunshine Coast,Sunshine Coast A,1898.02,2624.0,2678.0,2619.0,3039.0
British Columbia,Sunshine Coast,Sunshine Coast B,1269.45,2558.0,2675.0,2726.0,2969.0
British Columbia,Sunshine Coast,Sunshine Coast D,143.36,3307.0,3244.0,3421.0,3523.0
British Columbia,Sunshine Coast,Sunshine Coast E,21.6,3552.0,3482.0,3664.0,3883.0
British Columbia,Sunshine Coast,Sunshine Coast F,380.75,2235.0,2015.0,2043.0,2407.0
British Columbia,Thompson-Nicola,105 Mile Post 2,13.65,5.0,21.0,10.0,5.0
British Columbia,Thompson-Nicola,Ashcroft,50.86,1664.0,1628.0,1558.0,1670.0
British Columbia,Thompson-Nicola,Ashcroft 4,1.4,50.0,76.0,68.0,42.0
British Columbia,Thompson-Nicola,Barriere,10.73,1432.0,1773.0,1713.0,1765.0
British Columbia,Thompson-Nicola,Bonaparte 3,7.06,127.0,138.0,121.0,159.0
British Columbia,Thompson-Nicola,Boothroyd 8A,0.03,0.0,0.0,0.0,0.0
British Columbia,Thompson-Nicola,Cache Creek,10.4,1037.0,1040.0,963.0,969.0
British Columbia,Thompson-Nicola,Canoe Creek 1,0.7,57.0,97.0,60.0,56.0
British Columbia,Thompson-Nicola,Canoe Creek 2,15.76,5.0,0.0,34.0,104.0
British Columbia,Thompson-Nicola,Chase,3.75,2409.0,2495.0,2286.0,2399.0
British Columbia,Thompson-Nicola,Chuchhraischin,0.18,0.0,0.0,0.0,0.0
British Columbia,Thompson-Nicola,Clearwater,55.65,2225.0,2331.0,2324.0,2388.0
British Columbia,Thompson-Nicola,Clinton,8.14,598.0,636.0,641.0,568.0
British Columbia,Thompson-Nicola,Coldwater 1,18.35,254.0,349.0,318.0,350.0
British Columbia,Thompson-Nicola,Douglas Lake 3,94.5,204.0,158.0,149.0,188.0
British Columbia,Thompson-Nicola,Halhalaeden,1.66,5.0,5.0,5.0,10.0
British Columbia,Thompson-Nicola,Hamilton Creek 2,0.81,0.0,0.0,0.0,0.0
British Columbia,Thompson-Nicola,High Bar 1,13.45,0.0,5.0,0.0,0.0
British Columbia,Thompson-Nicola,Inkluckcheen,4.33,186.0,199.0,156.0,190.0
British Columbia,Thompson-Nicola,Inklyuhkinatko 2,0.69,40.0,41.0,30.0,26.0
British Columbia,Thompson-Nicola,Joeyaska 2,1.3,44.0,44.0,42.0,58.0
British Columbia,Thompson-Nicola,Kamloops,297.93,80376.0,85678.0,90280.0,97902.0
British Columbia,Thompson-Nicola,Kamloops 1,136.73,1786.0,2577.0,3021.0,3915.0
British Columbia,Thompson-Nicola,Kanaka Bar,1.16,62.0,15.0,15.0,0.0
British Columbia,Thompson-Nicola,Kitzowit 20,0.12,39.0,20.0,16.0,21.0
British Columbia,Thompson-Nicola,Klahkamich 17,0.12,60.0,52.0,32.0,33.0
British Columbia,Thompson-Nicola,Kleetlekut 22,1.21,5.0,5.0,10.0,15.0
British Columbia,Thompson-Nicola,Klickkumcheen 18,0.23,104.0,87.0,80.0,82.0
British Columbia,Thompson-Nicola,Logan Lake,324.28,2162.0,2073.0,1993.0,2255.0
British Columbia,Thompson-Nicola,Louis Creek 4,0.03,18.0,15.0,10.0,15.0
British Columbia,Thompson-Nicola,Lower Hat Creek 2,8.38,50.0,54.0,25.0,61.0
British Columbia,Thompson-Nicola,Lytton,6.73,235.0,228.0,249.0,210.0
British Columbia,Thompson-Nicola,Lytton 4A,1.62,15.0,0.0,0.0,0.0
British Columbia,Thompson-Nicola,Lytton 4E,1.25,0.0,5.0,5.0,5.0
British Columbia,Thompson-Nicola,Lytton 9A,1.52,45.0,5.0,5.0,10.0
British Columbia,Thompson-Nicola,Lytton 9B,0.73,5.0,0.0,0.0,0.0
British Columbia,Thompson-Nicola,Marble Canyon 3,2.84,62.0,68.0,84.0,97.0
British Columbia,Thompson-Nicola,Merritt,26.04,6998.0,7113.0,7139.0,7051.0
British Columbia,Thompson-Nicola,Nekalliston 2,0.02,0.0,0.0,0.0,0.0
British Columbia,Thompson-Nicola,Nekliptum 1,0.14,0.0,53.0,56.0,66.0
British Columbia,Thompson-Nicola,Nickel Palm 4,0.61,5.0,10.0,5.0,5.0
British Columbia,Thompson-Nicola,Nickeyeah 25,1.05,20.0,16.0,10.0,34.0
British Columbia,Thompson-Nicola,Nicola Lake 1,11.32,153.0,144.0,123.0,148.0
British Columbia,Thompson-Nicola,Nicola Mameet 1,45.97,483.0,603.0,532.0,513.0
British Columbia,Thompson-Nicola,Nicomen 1,0.67,49.0,64.0,63.0,41.0
British Columbia,Thompson-Nicola,Nkaih 10,1.16,0.0,0.0,0.0,5.0
British Columbia,Thompson-Nicola,Nohomeen 23,0.15,10.0,5.0,5.0,5.0
British Columbia,Thompson-Nicola,Nooaitch 10,7.3,120.0,127.0,142.0,170.0
British Columbia,Thompson-Nicola,North Thompson 1,12.8,236.0,252.0,218.0,181.0
British Columbia,Thompson-Nicola,Nuuautin 2,1.84,118.0,128.0,124.0,101.0
British Columbia,Thompson-Nicola,Oregon Jack Creek 5,4.35,0.0,5.0,0.0,0.0
British Columbia,Thompson-Nicola,Papyum 27,0.47,27.0,29.0,20.0,35.0
British Columbia,Thompson-Nicola,Paska Island 3,0.55,0.0,0.0,5.0,0.0
British Columbia,Thompson-Nicola,Paul's Basin 2,5.65,34.0,36.0,25.0,35.0
British Columbia,Thompson-Nicola,Pemynoos 9,19.0,0.0,0.0,0.0,0.0
British Columbia,Thompson-Nicola,Peq-Paq 22,1.93,0.0,0.0,0.0,0.0
British Columbia,Thompson-Nicola,Sahhaltkum 4,13.41,310.0,320.0,304.0,316.0
British Columbia,Thompson-Nicola,Seah 5,1.6,10.0,20.0,10.0,10.0
British Columbia,Thompson-Nicola,Shackan 11,25.52,43.0,55.0,64.0,50.0
British Columbia,Thompson-Nicola,Siska Flat,0.62,104.0,106.0,90.0,101.0
British Columbia,Thompson-Nicola,Skeetchestn,79.92,258.0,253.0,293.0,242.0
British Columbia,Thompson-Nicola,Skuppah 2A,0.19,0.0,0.0,0.0,0.0
British Columbia,Thompson-Nicola,Skuppah 4,0.13,16.0,5.0,5.0,10.0
British Columbia,Thompson-Nicola,Skwayaynope 26,0.98,5.0,5.0,10.0,5.0
British Columbia,Thompson-Nicola,Spintlum Flat 3,1.78,0.0,5.0,10.0,5.0
British Columbia,Thompson-Nicola,Squaam 2,0.31,5.0,10.0,10.0,0.0
British Columbia,Thompson-Nicola,Stryen 9,2.53,18.0,75.0,71.0,57.0
British Columbia,Thompson-Nicola,Sun Peaks Mountain,40.85,426.0,371.0,616.0,1404.0
British Columbia,Thompson-Nicola,Thompson-Nicola A (Wells Gray Country),7085.66,1672.0,1536.0,1493.0,1573.0
British Columbia,Thompson-Nicola,Thompson-Nicola B (Thompson Headwaters),5126.2,269.0,283.0,233.0,230.0
British Columbia,Thompson-Nicola,Thompson-Nicola E (Bonaparte Plateau),6625.5,1384.0,1074.0,1094.0,1162.0
British Columbia,Thompson-Nicola,Thompson-Nicola I (Blue Sky Country),5736.53,1271.0,1256.0,1262.0,1038.0
British Columbia,Thompson-Nicola,Thompson-Nicola J (Copper Desert Country),3285.56,1609.0,1560.0,1580.0,1796.0
British Columbia,Thompson-Nicola,Thompson-Nicola L (Grasslands),1912.94,2981.0,3049.0,2945.0,3321.0
British Columbia,Thompson-Nicola,Thompson-Nicola M (Beautiful Nicola Valley - North),3845.3,1797.0,1823.0,1598.0,1637.0
British Columbia,Thompson-Nicola,Thompson-Nicola N (Beautiful Nicola Valley - South),2341.58,839.0,749.0,762.0,717.0
British Columbia,Thompson-Nicola,Thompson-Nicola O (Lower North Thompson),5381.16,1546.0,1335.0,1323.0,1523.0
British Columbia,Thompson-Nicola,Thompson-Nicola P (Rivers and the Peaks),1546.56,3655.0,3620.0,3672.0,4098.0
British Columbia,Thompson-Nicola,Tsaukan 12,0.56,5.0,0.0,0.0,0.0
British Columbia,Thompson-Nicola,Upper Hat Creek 1,9.01,40.0,29.0,25.0,15.0
British Columbia,Thompson-Nicola,Upper Nepa 6,2.9,16.0,10.0,15.0,15.0
British Columbia,Thompson-Nicola,Whispering Pines 4,5.03,64.0,60.0,59.0,57.0
British Columbia,Thompson-Nicola,Yawaucht 11,1.16,5.0,10.0,5.0,5.0
British Columbia,Thompson-Nicola,Zacht 5,0.25,15.0,25.0,5.0,5.0
British Columbia,Thompson-Nicola,Zoht 4,2.11,25.0,25.0,25.0,20.0
Yukon,Yukon,Beaver Creek,26.66,112.0,103.0,93.0,78.0
Yukon,Yukon,Burwash Landing,30.44,73.0,95.0,72.0,64.0
Yukon,Yukon,Carcross,15.56,280.0,289.0,301.0,317.0
Yukon,Yukon,Carcross 4,0.58,51.0,53.0,35.0,37.0
Yukon,Yukon,Carmacks,36.87,425.0,503.0,493.0,588.0
Yukon,Yukon,Champagne Landing 10,4.82,24.0,25.0,20.0,22.0
Yukon,Yukon,Dawson,30.91,1327.0,1319.0,1375.0,1577.0
Yukon,Yukon,Destruction Bay,13.9,55.0,35.0,55.0,40.0
Yukon,Yukon,Faro,199.89,341.0,344.0,348.0,440.0
Yukon,Yukon,Haines Junction,34.3,589.0,593.0,613.0,688.0
Yukon,Yukon,Ibex Valley,207.13,376.0,346.0,411.0,523.0
Yukon,Yukon,Johnsons Crossing,21.98,15.0,15.0,10.0,10.0
Yukon,Yukon,Keno Hill,53.88,15.0,28.0,20.0,20.0
Yukon,Yukon,Kloo Lake,33.45,0.0,0.0,0.0,0.0
Yukon,Yukon,Lake Laberge 1,1.17,38.0,20.0,25.0,24.0
Yukon,Yukon,Macpherson-Grizzly Valley,1834.28,851.0,1072.0,1245.0,1540.0
Yukon,Yukon,Marsh Lake,817.11,538.0,619.0,696.0,746.0
Yukon,Yukon,Mayo,0.98,248.0,226.0,200.0,188.0
Yukon,Yukon,Moosehide Creek 2,8.5,0.0,0.0,0.0,0.0
Yukon,Yukon,Mt. Lorne,159.23,370.0,408.0,437.0,468.0
Yukon,Yukon,Old Crow,13.51,253.0,245.0,221.0,236.0
Yukon,Yukon,Pelly Crossing,32.28,296.0,336.0,353.0,316.0
Yukon,Yukon,Ross River,20.48,313.0,352.0,293.0,355.0
Yukon,Yukon,Stewart Crossing,28.68,35.0,25.0,17.0,10.0
Yukon,Yukon,Swift River,22.88,10.0,0.0,0.0,5.0
Yukon,Yukon,Tagish,45.26,222.0,391.0,249.0,311.0
Yukon,Yukon,Teslin,3.77,141.0,122.0,255.0,239.0
Yukon,Yukon,Teslin,25.93,0.0,0.0,0.0,0.0
Yukon,Yukon,Teslin Post 13,1.17,156.0,138.0,30.0,19.0
Yukon,Yukon,Upper Liard,5.56,178.0,132.0,125.0,130.0
Yukon,Yukon,Watson Lake,109.77,846.0,802.0,1083.0,1133.0
Yukon,Yukon,Whitehorse,413.94,20461.0,23276.0,25085.0,28201.0
Yukon,Yukon,"Whitehorse, Unorganized",5032.35,264.0,287.0,326.0,411.0
Yukon,Yukon,"Yukon, Unorganized",445269.81,1286.0,1688.0,1388.0,1496.0
Northwest Territories,Region 1,Aklavik,12.29,594.0,633.0,590.0,536.0
Northwest Territories,Region 1,Fort McPherson,53.83,776.0,792.0,700.0,647.0
Northwest Territories,Region 1,Inuvik,62.68,3484.0,3463.0,3243.0,3137.0
Northwest Territories,Region 1,Paulatuk,63.58,294.0,313.0,265.0,298.0
Northwest Territories,Region 1,"Region 1, Unorganized",356369.26,5.0,0.0,5.0,0.0
Northwest Territories,Region 1,Sachs Harbour,272.22,122.0,112.0,103.0,104.0
Northwest Territories,Region 1,Tsiigehtchic,47.89,175.0,143.0,172.0,138.0
Northwest Territories,Region 1,Tuktoyaktuk,12.66,870.0,854.0,898.0,937.0
Northwest Territories,Region 1,Ulukhaktok,120.71,398.0,402.0,396.0,408.0
Northwest Territories,Region 2,Colville Lake,126.14,126.0,149.0,129.0,110.0
Northwest Territories,Region 2,Déline,79.39,525.0,472.0,533.0,573.0
Northwest Territories,Region 2,Fort Good Hope,47.25,557.0,515.0,516.0,507.0
Northwest Territories,Region 2,Norman Wells,82.09,761.0,727.0,778.0,673.0
Northwest Territories,Region 2,"Region 2, Unorganized",217909.79,0.0,0.0,0.0,0.0
Northwest Territories,Region 2,Tulita,52.28,505.0,478.0,477.0,396.0
Northwest Territories,Region 3,Behchokò,74.96,1894.0,1926.0,1874.0,1746.0
Northwest Territories,Region 3,Gamètì,9.04,283.0,253.0,278.0,252.0
Northwest Territories,Region 3,"Region 3, Unorganized",24639.9,0.0,0.0,0.0,0.0
Northwest Territories,Region 3,Wekweètì,14.71,137.0,141.0,129.0,109.0
Northwest Territories,Region 3,Whatì,58.33,460.0,492.0,470.0,543.0
Northwest Territories,Region 4,Fort Liard,67.61,583.0,536.0,500.0,468.0
Northwest Territories,Region 4,Fort Providence,255.49,727.0,734.0,695.0,618.0
Northwest Territories,Region 4,Fort Simpson,77.89,1216.0,1238.0,1202.0,1100.0
Northwest Territories,Region 4,Hay River Dene 1,134.0,309.0,292.0,309.0,259.0
Northwest Territories,Region 4,Jean Marie River,37.5,81.0,64.0,77.0,63.0
Northwest Territories,Region 4,Kakisa,95.14,52.0,45.0,36.0,39.0
Northwest Territories,Region 4,Nahanni Butte,79.42,115.0,102.0,87.0,81.0
Northwest Territories,Region 4,"Region 4, Unorganized",192346.47,39.0,10.0,47.0,30.0
Northwest Territories,Region 4,Sambaa K’e,118.01,86.0,92.0,88.0,97.0
Northwest Territories,Region 4,Wrigley,53.93,122.0,133.0,119.0,117.0
Northwest Territories,Region 5,Enterprise,305.58,97.0,87.0,106.0,75.0
Northwest Territories,Region 5,Fort Resolution,452.87,484.0,474.0,470.0,412.0
Northwest Territories,Region 5,Fort Smith,91.21,2364.0,2093.0,2542.0,2248.0
Northwest Territories,Region 5,Hay River,122.4,3648.0,3606.0,3528.0,3169.0
Northwest Territories,Region 5,Lutselk'e,42.96,318.0,295.0,303.0,333.0
Northwest Territories,Region 5,"Region 5, Unorganized",151099.55,37.0,347.0,31.0,37.0
Northwest Territories,Region 5,Reliance,21.0,10.0,5.0,0.0,0.0
Northwest Territories,Region 5,Salt Plains 195,0.35,0.0,0.0,0.0,5.0
Northwest Territories,Region 6,Dettah,1.12,247.0,210.0,219.0,192.0
Northwest Territories,Region 6,"Region 6, Unorganized",182097.01,263.0,0.0,302.0,273.0
Northwest Territories,Region 6,Yellowknife,103.37,18700.0,19234.0,19569.0,20340.0
Nunavut,Kitikmeot,Bathurst Inlet,13.84,0.0,0.0,0.0,0.0
Nunavut,Kitikmeot,Cambridge Bay,195.78,1477.0,1608.0,1766.0,1760.0
Nunavut,Kitikmeot,Gjoa Haven,28.55,1064.0,1279.0,1324.0,1349.0
Nunavut,Kitikmeot,"Kitikmeot, Unorganized",431190.46,21.0,0.0,0.0,0.0
Nunavut,Kitikmeot,Kugaaruk,5.06,688.0,771.0,933.0,1033.0
Nunavut,Kitikmeot,Kugluktuk,538.99,1302.0,1450.0,1491.0,1382.0
Nunavut,Kitikmeot,Taloyoak,35.38,809.0,899.0,1029.0,934.0
Nunavut,Kitikmeot,Umingmaktok,99.95,0.0,5.0,0.0,0.0
Nunavut,Kivalliq,Arviat,126.14,2060.0,2318.0,2657.0,2864.0
Nunavut,Kivalliq,Baker Lake,179.54,1728.0,1872.0,2069.0,2061.0
Nunavut,Kivalliq,Chesterfield Inlet,139.49,332.0,313.0,437.0,397.0
Nunavut,Kivalliq,Coral Harbour,126.39,769.0,834.0,891.0,1035.0
Nunavut,Kivalliq,"Kivalliq, Unorganized",433059.48,0.0,0.0,0.0,18.0
Nunavut,Kivalliq,Naujaat,406.19,748.0,945.0,1082.0,1225.0
Nunavut,Kivalliq,Rankin Inlet,20.03,2358.0,2266.0,2842.0,2975.0
Nunavut,Kivalliq,Whale Cove,273.89,353.0,407.0,435.0,470.0
Nunavut,Qikiqtaaluk,Arctic Bay,245.16,690.0,823.0,868.0,994.0
Nunavut,Qikiqtaaluk,Cape Dorset,9.89,1236.0,1363.0,1441.0,1396.0
Nunavut,Qikiqtaaluk,Clyde River,103.38,820.0,934.0,1053.0,1181.0
Nunavut,Qikiqtaaluk,Grise Fiord,332.9,141.0,130.0,129.0,144.0
Nunavut,Qikiqtaaluk,Hall Beach,16.36,654.0,546.0,848.0,891.0
Nunavut,Qikiqtaaluk,Igloolik,104.86,1538.0,1454.0,1744.0,2049.0
Nunavut,Qikiqtaaluk,Iqaluit,51.58,6184.0,6699.0,7740.0,7429.0
Nunavut,Qikiqtaaluk,Kimmirut,2.3,411.0,455.0,389.0,426.0
Nunavut,Qikiqtaaluk,Nanisivik,165.49,0.0,10.0,0.0,0.0
Nunavut,Qikiqtaaluk,Pangnirtung,7.98,1325.0,1425.0,1481.0,1504.0
Nunavut,Qikiqtaaluk,Pond Inlet,170.83,1315.0,1549.0,1617.0,1555.0
Nunavut,Qikiqtaaluk,"Qikiqtaaluk, Unorganized",968988.38,5.0,5.0,0.0,0.0
Nunavut,Qikiqtaaluk,Qikiqtarjuaq,130.8,473.0,520.0,598.0,593.0
Nunavut,Qikiqtaaluk,Resolute,115.02,229.0,214.0,198.0,183.0
Nunavut,Qikiqtaaluk,Sanikiluaq,109.68,744.0,812.0,882.0,1010.0
Prince Edward Island,Kings,Cardigan,50.18,374.0,332.0,124.0,125.0
Prince Edward Island,Kings,Morell,155.29,306.0,313.0,1126.0,1209.0
Prince Edward Island,Kings,Murray Harbour,42.77,358.0,320.0,540.0,628.0
Prince Edward Island,Kings,Souris,272.55,1232.0,1173.0,1776.0,1766.0
Prince Edward Island,Prince,Alberton,157.28,1081.0,1135.0,2166.0,2230.0
Prince Edward Island,Prince,Kinkora,134.13,326.0,339.0,1300.0,1285.0
Prince Edward Island,Prince,Miminegash,100.17,176.0,173.0,1126.0,1089.0
Prince Edward Island,Prince,Miscouche,85.54,769.0,869.0,819.0,849.0
Prince Edward Island,Prince,O'Leary,375.5,861.0,812.0,2394.0,2566.0
Prince Edward Island,Prince,Tignish,104.43,758.0,779.0,1812.0,1800.0
Prince Edward Island,Prince,Tyne Valley,87.63,226.0,222.0,623.0,669.0
Prince Edward Island,Prince,Victoria,7.07,77.0,104.0,83.0,87.0
Prince Edward Island,Prince,Wellington,172.1,401.0,409.0,1874.0,1811.0
Prince Edward Island,Queens,Brackley,18.75,336.0,340.0,596.0,586.0
Prince Edward Island,Queens,Montague,30.21,1802.0,1895.0,80.0,74.0
Prince Edward Island,Queens,North Rustico,6.56,599.0,583.0,260.0,327.0
Nova Scotia,Hants,West Hants,1250.5,13871.0,14165.0,19016.0,19509.0
New Brunswick,Restigouche,Kedgwick,649.36,1146.0,993.0,1964.0,1986.0
Quebec,Arthabaska,Daveluyville,61.71,1005.0,966.0,2255.0,2360.0
Quebec,L'Assomption,L'Épiphanie,56.57,3129.0,3296.0,8693.0,8883.0
Quebec,Montcalm,Saint-Alexis,43.01,722.0,790.0,1308.0,1370.0
Quebec,Nord-du-Québec,Ivujivik,438.05,349.0,370.0,0.0,0.0
Manitoba,Division No.  3,Rhineland,958.48,4125.0,4373.0,5945.0,5819.0
Manitoba,Division No.  4,Lorne,923.03,2003.0,1884.0,3041.0,2904.0
Manitoba,Division No.  4,Louise,934.81,819.0,913.0,1918.0,2025.0
Manitoba,Division No.  4,Pembina,1130.57,1712.0,1561.0,2347.0,2406.0
Manitoba,Division No.  6,Sifton,839.5,796.0,789.0,1256.0,1239.0
Manitoba,Division No.  8,North Norfolk,1158.26,2742.0,2799.0,3853.0,3915.0
Manitoba,Division No.  9,Grey,968.9,2004.0,2025.0,2648.0,2517.0
Manitoba,Division No. 15,Hamiota,577.68,437.0,420.0,1225.0,1234.0
Manitoba,Division No. 16,Rossburn,672.29,514.0,494.0,976.0,973.0
Manitoba,Division No. 17,Ethelbert,1134.59,383.0,354.0,607.0,648.0
Manitoba,Division No. 17,Gilbert Plains,1050.15,834.0,812.0,1470.0,1420.0
Manitoba,Division No. 17,Grandview,1147.99,736.0,649.0,1482.0,1419.0
Manitoba,Division No. 17,McCreary,527.77,476.0,476.0,892.0,748.0
Manitoba,Division No. 17,Mossey River,1119.96,614.0,539.0,1145.0,1450.0
Manitoba,Division No. 17,Ste. Rose,630.04,791.0,771.0,1712.0,1591.0
Alberta,Division No. 16,Fort Mckay 174,30.01,0.0,0.0,747.0,621.0
British Columbia,Thompson-Nicola,Neskonlith,24.73,206.0,237.0,237.0,279.0
